pair_id,project_id,scorecard_sub,fixed_share,pair_status,share_women_achieved,share_women_planned,gap_pp,informative,sector,project_name,country,country_code,region,dept,status,instrument,financier,approval,closing,fcv,ldc,sids,income,disability_incl,active,ida,commitment_musd,log_commit,approval_fy,years_since_approval,post_scorecard,planned_years
1,P102459,CSC_RES_WAT_SAN_HYG,1,fixed_share,,,,0,wash,ZM- Irrigation Development Project(FY10),Zambia,ZMB,AFE,AGR,C,IPF,IDA,2011-04-07,2024-11-30,0,1,0,LMC,0,0,1,145.0,4.976733742420574,2011,14.231348391512663,0,13.650924024640657
2,P103063,CSC_RES_WAT_SAN_HYG,1,fixed_share,,,,0,wash,LB: Greater Beirut Water Supply,Lebanon,LBN,MENAAP,WAT,C,IPF,IBRD,2010-12-16,2025-04-30,1,0,0,LMC,0,0,0,200.0,5.298317366548036,2011,14.537987679671458,0,14.3709787816564
3,P104164,CSC_RES_BENE_ENAB_ECO_OPP,0,informative,0.8843795991402585,0.8,8.43795991402585,1,economic_opportunity,IN: National Rural Livelihoods Project,India,IND,SAR,AGR,C,IPF,IDA,2011-07-05,2024-06-30,0,0,0,LMC,0,0,1,761.196292,6.634891264154218,2012,13.987679671457906,0,12.988364134154688
4,P104164,CSC_RES_FIN_SERV,0,informative,0.001340747449425949,0.009796302222454431,-0.8455554773028482,1,financial_services,IN: National Rural Livelihoods Project,India,IND,SAR,AGR,C,IPF,IDA,2011-07-05,2024-06-30,0,0,0,LMC,0,0,1,761.196292,6.634891264154218,2012,13.987679671457906,0,12.988364134154688
5,P104164,CSC_RES_GEN_EQU,0,informative,0.8843795991402585,0.8,8.43795991402585,1,gender_equality,IN: National Rural Livelihoods Project,India,IND,SAR,AGR,C,IPF,IDA,2011-07-05,2024-06-30,0,0,0,LMC,0,0,1,761.196292,6.634891264154218,2012,13.987679671457906,0,12.988364134154688
6,P105680,CSC_RES_WAT_SAN_HYG,1,fixed_share,,,,0,wash,AR(APL1) Matanza-Riachuelo Development,Argentina,ARG,LCR,WAT,A,IPF,IBRD,2009-06-09,2026-03-31,0,0,0,UMC,0,1,0,1228.032,7.11316816699949,2009,16.057494866529773,0,16.80766598220397
7,P117635,CSC_RES_WAT_SAN_HYG,1,fixed_share,,,,0,wash,KE Enhancing Wat Security & Climate Res,Kenya,KEN,AFE,WAT,C,IPF,IDA,2013-06-18,2025-05-31,0,0,0,LMC,0,0,1,159.59739009,5.07265433206245,2013,12.032854209445585,0,11.950718685831623
8,P118518,CSC_RES_BENE_ENAB_ECO_OPP,0,informative,0.2513739059637696,0.2,5.137390596376957,1,economic_opportunity,Agriculture Competitiveness Project,Moldova,MDA,ECA,AGR,A,IPF,IDA,2012-05-01,2025-12-31,0,0,0,UMC,0,1,1,54.978521189999995,4.0069425851400045,2012,13.163586584531142,0,13.66735112936345
9,P118518,CSC_RES_GEN_EQU,0,informative,0.2513739059637696,0.2,5.137390596376957,1,gender_equality,Agriculture Competitiveness Project,Moldova,MDA,ECA,AGR,A,IPF,IDA,2012-05-01,2025-12-31,0,0,0,UMC,0,1,1,54.978521189999995,4.0069425851400045,2012,13.163586584531142,0,13.66735112936345
10,P119063,CSC_RES_WAT_SAN_HYG,1,fixed_share,,,,0,wash,GH-GAMA Sanitation and Water Project,Ghana,GHA,AFW,WAT,A,IPF,IDA,2013-06-06,2026-06-30,0,0,0,LMC,0,1,1,304.99835943,5.7203063976749124,2013,12.06570841889117,0,13.065023956194388
11,P119893,CSC_RES_FIN_SERV,0,identical_share,,,,0,financial_services,Elect. Network Reinforcement & Expansio,Ethiopia,ETH,AFE,EAE,C,IPF,IDA,2012-05-29,2025-03-31,1,1,0,Unknown,0,0,1,397.20000014,5.984439932523485,2012,13.086926762491444,0,12.837782340862423
12,P122764,CSC_RES_BENE_ENAB_ECO_OPP,1,fixed_share,,,,0,economic_opportunity,ET:Women Entrepreneurship Development,Ethiopia,ETH,AFE,FCI,C,IPF,IDA,2012-05-24,2024-12-31,1,1,0,Unknown,0,0,1,147.15870147,4.991511606264509,2012,13.100616016427105,0,12.605065023956195
13,P122764,CSC_RES_GEN_EQU,0,identical_share,,,,0,gender_equality,ET:Women Entrepreneurship Development,Ethiopia,ETH,AFE,FCI,C,IPF,IDA,2012-05-24,2024-12-31,1,1,0,Unknown,0,0,1,147.15870147,4.991511606264509,2012,13.100616016427105,0,12.605065023956195
14,P125229,CSC_RES_HEA_SERV,0,informative,0.489077362313408,0.5190000561112588,-2.9922693797850783,1,health,ZW-Health Sector Development Proj (FY12),Zimbabwe,ZWE,AFE,HNP,C,IPF,RETF,2011-09-29,2024-03-31,1,0,0,LMC,0,0,0,78.0,4.356708826689592,2012,13.752224503764545,0,12.503764544832306
15,P126452,CSC_RES_WAT_SAN_HYG,1,fixed_share,,,,0,wash,BR MST Rio Grande do Norte Regional Dev,Brazil,BRA,LCR,AGR,C,IPF,IBRD,2013-06-25,2023-12-31,0,0,0,UMC,0,0,0,360.0,5.886104031450156,2013,12.013689253935661,0,10.516084873374401
16,P127306,CSC_RES_FIN_SERV,0,informative,0.11494252873563218,0.09900990099009901,1.5932627745533168,1,financial_services,LB: Supporting Innovation in SMEs Proj,Lebanon,LBN,MENAAP,FCI,C,IPF,IBRD,2012-10-31,2024-06-30,1,0,0,LMC,0,0,0,30.0,3.4011973816621555,2013,12.66255989048597,0,11.663244353182751
17,P127978,CSC_RES_WAT_SAN_HYG,1,fixed_share,,,,0,wash,Second Ho Chi Minh City ES Project,Viet Nam,VNM,EAP,WAT,A,IPF,IBRD,2014-12-23,2026-12-31,0,0,0,LMC,0,1,0,419.00000098000004,6.03787092226104,2015,10.518822724161533,0,12.021902806297057
18,P128344,CSC_RES_GEN_EQU,0,inconsistent,,,,0,gender_equality,UA SSN MOD,Ukraine,UKR,ECA,SPL,C,IPF,IBRD,2014-07-03,2025-08-31,1,0,0,UMC,0,0,0,750.0,6.620073206530356,2015,10.992470910335387,0,11.162217659137577
19,P128442,CSC_RES_HEA_SERV,0,informative,0.016244383812912825,0.020916766877261322,-0.46723830643484976,1,health,DISEASE PREVENTION & CTRL,Armenia,ARM,ECA,HNP,C,IPF,IDA,2013-03-27,2024-06-30,0,0,0,UMC,0,0,1,42.39251761,3.7469718752027275,2013,12.260095824777549,0,11.260780287474333
20,P128605,CSC_RES_WAT_SAN_HYG,1,fixed_share,,,,0,wash,Sustainable Cities,Türkiye,TUR,ECA,URS,C,IPF,IBRD,2016-12-20,2024-07-31,0,0,0,UMC,0,0,0,132.768,4.888603244150457,2017,8.525667351129364,0,7.611225188227242
21,P129992,CSC_RES_WAT_SAN_HYG,1,fixed_share,,,,0,wash,Dominica DVRP,Dominica,DMA,LCR,URS,C,IPF,IDA,2014-05-01,2025-06-30,0,0,1,UMC,0,0,1,100.8,4.613138355637268,2014,11.16495550992471,0,11.16495550992471
22,P130471,CSC_RES_BENE_ENAB_ECO_OPP,1,fixed_share,,,,0,economic_opportunity,UG-Competive. & Enterprise. Dev. Project,Uganda,UGA,AFE,FCI,C,IPF,IDA,2013-05-09,2024-11-30,0,1,0,LIC,0,0,1,192.799844,5.2616525730474875,2013,12.14236824093087,0,11.561943874058864
23,P130471,CSC_RES_GEN_EQU,0,women_only,,,,0,gender_equality,UG-Competive. & Enterprise. Dev. Project,Uganda,UGA,AFE,FCI,C,IPF,IDA,2013-05-09,2024-11-30,0,1,0,LIC,0,0,1,192.799844,5.2616525730474875,2013,12.14236824093087,0,11.561943874058864
24,P130682,CSC_RES_WAT_SAN_HYG,1,fixed_share,,,,0,wash,BR ES Integrated Sust. Water Mgt Project,Brazil,BRA,LCR,WAT,C,IPF,IBRD,2014-03-28,2024-06-30,0,0,0,UMC,0,0,0,172.4,5.149817358229593,2014,11.2580424366872,0,10.258726899383984
25,P131256,CSC_RES_BENE_ENAB_ECO_OPP,0,no_progress,,,,0,economic_opportunity,MA: Noor Solar Power Project,Morocco,MAR,MENAAP,EAE,C,IPF,IBRD,2014-09-30,2024-06-28,0,0,0,LMC,0,0,0,291.88288471,5.676352642054008,2015,10.74880219028063,0,9.744010951403148
26,P131256,CSC_RES_GEN_EQU,0,no_progress,,,,0,gender_equality,MA: Noor Solar Power Project,Morocco,MAR,MENAAP,EAE,C,IPF,IBRD,2014-09-30,2024-06-28,0,0,0,LMC,0,0,0,291.88288471,5.676352642054008,2015,10.74880219028063,0,9.744010951403148
27,P132386,CSC_RES_WAT_SAN_HYG,1,fixed_share,,,,0,wash,Second Urban Infrastructure Proj (UIP2),Ukraine,UKR,ECA,WAT,C,IPF,IBRD,2014-05-22,2025-06-30,1,0,0,UMC,0,0,0,277.0960781,5.624364298394539,2014,11.107460643394935,0,11.107460643394935
28,P132634,CSC_RES_BENE_ENAB_ECO_OPP,0,women_only,,,,0,economic_opportunity,Safety Net Systems for the Poorest,Bangladesh,BGD,SAR,SPL,C,IPF,IDA,2013-06-26,2024-12-31,0,1,0,LMC,0,0,1,828.01635228,6.719032903320683,2013,12.010951403148528,0,11.515400410677618
29,P132634,CSC_RES_GEN_EQU,0,women_only,,,,0,gender_equality,Safety Net Systems for the Poorest,Bangladesh,BGD,SAR,SPL,C,IPF,IDA,2013-06-26,2024-12-31,0,1,0,LMC,0,0,1,828.01635228,6.719032903320683,2013,12.010951403148528,0,11.515400410677618
30,P133597,CSC_RES_FIN_SERV,0,identical_share,,,,0,financial_services,SN Safety Net,Senegal,SEN,AFW,SPL,C,IPF,IDA,2014-04-29,2024-03-15,0,1,0,LMC,0,0,1,177.49794334999999,5.17895902208778,2014,11.170431211498974,0,9.878165639972622
31,P133703,CSC_RES_BENE_ENAB_ECO_OPP,0,informative,0.16621743036837378,0.1,6.621743036837377,1,economic_opportunity,Horticulture Development Project,Uzbekistan,UZB,ECA,AGR,C,IPF,IBRD,2014-06-12,2024-06-30,0,0,0,LMC,0,0,0,646.3612710499999,6.471358590575905,2014,11.049965776865161,0,10.050650239561945
32,P133703,CSC_RES_GEN_EQU,0,informative,0.16621743036837378,0.1,6.621743036837377,1,gender_equality,Horticulture Development Project,Uzbekistan,UZB,ECA,AGR,C,IPF,IBRD,2014-06-12,2024-06-30,0,0,0,LMC,0,0,0,646.3612710499999,6.471358590575905,2014,11.049965776865161,0,10.050650239561945
33,P144135,CSC_RES_WAT_SAN_HYG,1,fixed_share,,,,0,wash,GA-Access to Basic Srvces in Rural Areas,Gabon,GAB,AFW,EAE,C,IPF,IBRD,2015-09-17,2023-11-29,0,0,0,UMC,0,0,0,60.0,4.0943445622221,2016,9.78507871321013,0,8.199863107460644
34,P144688,CSC_RES_GEN_EQU,0,women_only,,,,0,gender_equality,Albania Health System Improvement,Albania,ALB,ECA,HNP,C,IPF,IBRD,2015-02-27,2025-09-30,0,0,0,UMC,0,0,0,69.5,4.241326752570746,2015,10.338124572210814,0,10.590006844626968
35,P144893,CSC_RES_HEA_SERV,1,fixed_share,,,,0,health,"Serving People, Improving Health Project",Ukraine,UKR,ECA,HNP,C,IPF,IBRD,2015-03-04,2024-06-30,1,0,0,UMC,0,0,0,349.729837,5.857160962133959,2015,10.324435318275153,0,9.325119780971937
36,P145174,CSC_RES_GEN_EQU,0,women_only,,,,0,gender_equality,Health Sector Reform,Romania,ROU,ECA,HNP,A,IPF,IBRD,2014-03-28,2026-06-30,0,0,0,HIC,0,1,0,514.8,6.243778475721972,2014,11.2580424366872,0,12.257357973990418
37,P145196,CSC_RES_BENE_ENAB_ECO_OPP,0,no_progress,,,,0,economic_opportunity,Eastern Recovery Project,"Congo, Democratic Republic of",COD,AFE,SPL,C,IPF,IDA,2014-02-27,2025-06-30,1,1,0,LIC,0,0,1,701.1273972,6.55268960689914,2014,11.33744010951403,0,11.33744010951403
38,P145196,CSC_RES_GEN_EQU,1,fixed_share,,,,0,gender_equality,Eastern Recovery Project,"Congo, Democratic Republic of",COD,AFE,SPL,C,IPF,IDA,2014-02-27,2025-06-30,1,1,0,LIC,0,0,1,701.1273972,6.55268960689914,2014,11.33744010951403,0,11.33744010951403
39,P145559,CSC_RES_WAT_SAN_HYG,1,fixed_share,,,,0,wash,Cstl Rgn Water Security & Clim. Res,Kenya,KEN,AFE,WAT,A,IPF,IDA,2014-12-16,2027-01-31,0,0,0,LMC,0,1,1,269.710208,5.597348078891777,2015,10.537987679671458,0,12.125941136208077
40,P146970,CSC_RES_BENE_ENAB_ECO_OPP,1,fixed_share,,,,0,economic_opportunity,Third Village Investment Project,Kyrgyz Republic,KGZ,ECA,SOC,C,IPF,IDA,2015-03-27,2024-11-30,0,0,0,LMC,0,0,1,28.98969923,3.366940567922862,2015,10.261464750171116,0,9.681040383299111
41,P146970,CSC_RES_GEN_EQU,0,identical_share,,,,0,gender_equality,Third Village Investment Project,Kyrgyz Republic,KGZ,ECA,SOC,C,IPF,IDA,2015-03-27,2024-11-30,0,0,0,LMC,0,0,1,28.98969923,3.366940567922862,2015,10.261464750171116,0,9.681040383299111
42,P147158,CSC_RES_BENE_ENAB_ECO_OPP,0,women_only,,,,0,economic_opportunity,BR Paraiba Sustainable Rural Development,Brazil,BRA,LCR,AGR,A,IPF,IBRD,2017-10-20,2026-06-15,0,0,0,UMC,0,1,0,50.0,3.912023005428146,2018,7.693360711841205,0,8.65160848733744
43,P147158,CSC_RES_GEN_EQU,0,women_only,,,,0,gender_equality,BR Paraiba Sustainable Rural Development,Brazil,BRA,LCR,AGR,A,IPF,IBRD,2017-10-20,2026-06-15,0,0,0,UMC,0,1,0,50.0,3.912023005428146,2018,7.693360711841205,0,8.65160848733744
44,P147158,CSC_RES_WAT_SAN_HYG,1,fixed_share,,,,0,wash,BR Paraiba Sustainable Rural Development,Brazil,BRA,LCR,AGR,A,IPF,IBRD,2017-10-20,2026-06-15,0,0,0,UMC,0,1,0,50.0,3.912023005428146,2018,7.693360711841205,0,8.65160848733744
45,P147555,CSC_RES_GEN_EQU,1,fixed_share,,,,0,gender_equality,DRC -Health System Strengthening Project,"Congo, Democratic Republic of",COD,AFE,HNP,C,IPF,IDA,2014-12-18,2024-06-30,1,1,0,LIC,0,0,1,660.0,6.492239835020471,2015,10.532511978097194,0,9.533196440793978
46,P147827,CSC_RES_BENE_ENAB_ECO_OPP,0,women_only,,,,0,economic_opportunity,LK Water and Sanitation Improvement Proj,Sri Lanka,LKA,SAR,WAT,C,IPF,IDA,2015-06-24,2025-06-30,0,0,0,LMC,0,0,1,204.99673856,5.322994069548437,2015,10.017796030116358,0,10.017796030116358
47,P147827,CSC_RES_GEN_EQU,0,women_only,,,,0,gender_equality,LK Water and Sanitation Improvement Proj,Sri Lanka,LKA,SAR,WAT,C,IPF,IDA,2015-06-24,2025-06-30,0,0,0,LMC,0,0,1,204.99673856,5.322994069548437,2015,10.017796030116358,0,10.017796030116358
48,P147827,CSC_RES_WAT_SAN_HYG,0,informative,0.5322497057902635,0.5303952991452991,0.18544066449643903,1,wash,LK Water and Sanitation Improvement Proj,Sri Lanka,LKA,SAR,WAT,C,IPF,IDA,2015-06-24,2025-06-30,0,0,0,LMC,0,0,1,204.99673856,5.322994069548437,2015,10.017796030116358,0,10.017796030116358
49,P147854,CSC_RES_WAT_SAN_HYG,1,fixed_share,,,,0,wash,LB: Lake Qaraoun Pollution Prevention,Lebanon,LBN,MENAAP,ENV,A,IPF,IBRD,2016-07-14,2025-12-31,1,0,0,LMC,0,1,0,55.0,4.007333185232471,2017,8.960985626283367,0,9.464750171115675
50,P148181,CSC_RES_BENE_ENAB_ECO_OPP,0,no_progress,,,,0,economic_opportunity,Belarus Education Modernization Project,Belarus,BLR,ECA,EDU,C,IPF,IBRD,2015-09-17,2025-02-28,0,0,0,UMC,0,0,0,78.13649462000001,4.358457228369842,2016,9.78507871321013,0,9.451060917180014
51,P148181,CSC_RES_GEN_EQU,0,women_only,,,,0,gender_equality,Belarus Education Modernization Project,Belarus,BLR,ECA,EDU,C,IPF,IBRD,2015-09-17,2025-02-28,0,0,0,UMC,0,0,0,78.13649462000001,4.358457228369842,2016,9.78507871321013,0,9.451060917180014
52,P148447,CSC_RES_BENE_ENAB_ECO_OPP,1,fixed_share,,,,0,economic_opportunity,Ethiopia SME Finance Project,Ethiopia,ETH,AFE,FCI,C,IPF,IDA,2016-05-17,2025-08-31,1,1,0,Unknown,0,0,1,388.49381877999997,5.962277259204939,2016,9.119780971937029,0,9.289527720739219
53,P148447,CSC_RES_GEN_EQU,0,informative,0.6009217570550323,0.579052949432755,2.1868807622277275,1,gender_equality,Ethiopia SME Finance Project,Ethiopia,ETH,AFE,FCI,C,IPF,IDA,2016-05-17,2025-08-31,1,1,0,Unknown,0,0,1,388.49381877999997,5.962277259204939,2016,9.119780971937029,0,9.289527720739219
54,P148797,CSC_RES_WAT_SAN_HYG,1,fixed_share,,,,0,wash,FY14-GB Emergency Wat & Elec Serv,Guinea-Bissau,GNB,AFW,WAT,C,IPF,IDA,2014-05-29,2024-06-30,1,1,1,LIC,0,0,1,46.076108299999994,3.8302945575259475,2014,11.08829568788501,0,10.088980150581794
55,P149091,CSC_RES_WAT_SAN_HYG,1,fixed_share,,,,0,wash,ZM-Lusaka Sanitation Project,Zambia,ZMB,AFE,WAT,C,IPF,IDA,2015-05-22,2024-04-30,0,1,0,LMC,0,0,1,65.0,4.174387269895637,2015,10.108145106091717,0,8.941820670773442
56,P149117,CSC_RES_BENE_ENAB_ECO_OPP,0,informative,0.3999924898143107,0.297029702970297,10.296278684401367,1,economic_opportunity,Benin Cross Border Tourism & Competitive,Benin,BEN,AFW,FCI,C,IPF,IDA,2016-03-25,2024-06-30,0,1,0,LMC,0,0,1,75.0,4.31748811353631,2016,9.264887063655031,0,8.265571526351813
57,P149117,CSC_RES_GEN_EQU,0,informative,0.3999924898143107,0.297029702970297,10.296278684401367,1,gender_equality,Benin Cross Border Tourism & Competitive,Benin,BEN,AFW,FCI,C,IPF,IDA,2016-03-25,2024-06-30,0,1,0,LMC,0,0,1,75.0,4.31748811353631,2016,9.264887063655031,0,8.265571526351813
58,P149323,CSC_RES_BENE_ENAB_ECO_OPP,0,no_progress,,,,0,economic_opportunity,MG-Social Safety Net Project,Madagascar,MDG,AFE,SPL,C,IPF,IDA,2015-09-16,2024-10-31,0,1,0,LIC,0,0,1,314.86830889,5.752154484395381,2016,9.787816563997263,0,9.125256673511293
59,P149323,CSC_RES_FIN_SERV,0,informative,0.8099999875271989,0.5,30.999998752719893,1,financial_services,MG-Social Safety Net Project,Madagascar,MDG,AFE,SPL,C,IPF,IDA,2015-09-16,2024-10-31,0,1,0,LIC,0,0,1,314.86830889,5.752154484395381,2016,9.787816563997263,0,9.125256673511293
60,P149323,CSC_RES_GEN_EQU,0,women_only,,,,0,gender_equality,MG-Social Safety Net Project,Madagascar,MDG,AFE,SPL,C,IPF,IDA,2015-09-16,2024-10-31,0,1,0,LIC,0,0,1,314.86830889,5.752154484395381,2016,9.787816563997263,0,9.125256673511293
61,P149377,CSC_RES_WAT_SAN_HYG,1,fixed_share,,,,0,wash,Water Service & Institutional Support II,Mozambique,MOZ,AFE,WAT,C,IPF,IDA,2016-03-29,2025-06-30,1,1,0,LIC,0,0,1,165.0,5.10594547390058,2016,9.253935660506503,0,9.253935660506503
62,P149610,CSC_RES_BENE_ENAB_ECO_OPP,0,women_only,,,,0,economic_opportunity,Fergana Valley WRM - Phase II,Uzbekistan,UZB,ECA,WAT,A,IPF,IDA,2017-06-30,2026-06-30,0,0,0,LMC,0,1,1,144.9,4.976043849326636,2017,8.0,0,8.999315537303216
63,P149610,CSC_RES_GEN_EQU,0,women_only,,,,0,gender_equality,Fergana Valley WRM - Phase II,Uzbekistan,UZB,ECA,WAT,A,IPF,IDA,2017-06-30,2026-06-30,0,0,0,LMC,0,1,1,144.9,4.976043849326636,2017,8.0,0,8.999315537303216
64,P149960,CSC_RES_GEN_EQU,1,fixed_share,,,,0,gender_equality,Essential Health Services Access Project,Myanmar,MMR,EAP,HNP,C,IPF,IDA,2014-10-14,2024-09-30,1,1,0,LMC,0,0,1,88.22208515999999,4.479857330307694,2015,10.710472279260781,0,9.963039014373717
65,P149990,CSC_RES_BENE_ENAB_ECO_OPP,1,fixed_share,,,,0,economic_opportunity,Public Sector Energy Efficiency Project,North Macedonia,MKD,ECA,EAE,A,IPF,IBRD,2020-01-30,2027-01-31,0,0,0,UMC,1,1,0,27.4,3.3105430133940246,2020,5.415468856947296,0,7.003422313483915
66,P149990,CSC_RES_GEN_EQU,0,identical_share,,,,0,gender_equality,Public Sector Energy Efficiency Project,North Macedonia,MKD,ECA,EAE,A,IPF,IBRD,2020-01-30,2027-01-31,0,0,0,UMC,1,1,0,27.4,3.3105430133940246,2020,5.415468856947296,0,7.003422313483915
67,P149995,CSC_RES_WAT_SAN_HYG,1,fixed_share,,,,0,wash,MA: Casablanca Municipal Support Program,Morocco,MAR,MENAAP,URS,A,P4R,IBRD,2017-12-13,2026-06-30,0,0,0,LMC,0,1,0,300.0,5.703782474656201,2018,7.545516769336071,0,8.544832306639288
68,P150080,CSC_RES_BENE_ENAB_ECO_OPP,0,women_only,,,,0,economic_opportunity,SWEDD,Chad,TCD,AFW,HNP,C,IPF,IDA,2014-12-18,2024-12-31,1,1,0,LIC,0,0,1,580.6314376,6.364116196869395,2015,10.532511978097194,0,10.036960985626283
69,P150080,CSC_RES_GEN_EQU,1,fixed_share,,,,0,gender_equality,SWEDD,Chad,TCD,AFW,HNP,C,IPF,IDA,2014-12-18,2024-12-31,1,1,0,LIC,0,0,1,580.6314376,6.364116196869395,2015,10.532511978097194,0,10.036960985626283
70,P150080,CSC_RES_HEA_SERV,0,women_only,,,,0,health,SWEDD,Chad,TCD,AFW,HNP,C,IPF,IDA,2014-12-18,2024-12-31,1,1,0,LIC,0,0,1,580.6314376,6.364116196869395,2015,10.532511978097194,0,10.036960985626283
71,P150327,CSC_RES_WAT_SAN_HYG,1,fixed_share,,,,0,wash,LEIDP,Armenia,ARM,ECA,URS,C,IPF,IBRD,2015-12-22,2024-12-31,0,0,0,UMC,0,0,0,42.8,3.756538102587751,2016,9.522245037645447,0,9.026694045174539
72,P150361,CSC_RES_WAT_SAN_HYG,0,informative,0.48381140284312235,0.5000003421927024,-1.6188939349580045,1,wash,Second-TZ-Water Sector Suport Project,Tanzania,TZA,AFE,WAT,A,IPF,IDA,2017-01-23,2026-12-31,0,1,0,LMC,0,1,1,225.0,5.41610040220442,2017,8.432580424366872,0,9.935660506502396
73,P150696,CSC_RES_WAT_SAN_HYG,1,fixed_share,,,,0,wash,Third Regional Development Project,Georgia,GEO,ECA,URS,C,IPF,IBRD,2015-07-01,2024-10-30,0,0,0,UMC,0,0,0,60.0,4.0943445622221,2016,9.998631074606434,0,9.333333333333334
74,P150928,CSC_RES_BENE_ENAB_ECO_OPP,0,informative,0.27,0.25,2.0000000000000018,1,economic_opportunity,MA: Financing Innovative Startups & SMEs,Morocco,MAR,MENAAP,FCI,A,IPF,IBRD,2017-03-10,2025-11-30,0,0,0,LMC,0,1,0,50.0,3.912023005428146,2017,8.306639288158795,0,8.725530458590006
75,P150928,CSC_RES_FIN_SERV,0,informative,0.27875121951219517,0.3076923076923077,-2.894108818011254,1,financial_services,MA: Financing Innovative Startups & SMEs,Morocco,MAR,MENAAP,FCI,A,IPF,IBRD,2017-03-10,2025-11-30,0,0,0,LMC,0,1,0,50.0,3.912023005428146,2017,8.306639288158795,0,8.725530458590006
76,P150928,CSC_RES_GEN_EQU,0,informative,0.27,0.25,2.0000000000000018,1,gender_equality,MA: Financing Innovative Startups & SMEs,Morocco,MAR,MENAAP,FCI,A,IPF,IBRD,2017-03-10,2025-11-30,0,0,0,LMC,0,1,0,50.0,3.912023005428146,2017,8.306639288158795,0,8.725530458590006
77,P150937,CSC_RES_BENE_ENAB_ECO_OPP,0,informative,0.4896073903002309,0.5,-1.0392609699769073,1,economic_opportunity,TZ-DSM Urban Transprt Improvmnt Proj-SUF,Tanzania,TZA,AFE,TDD,A,IPF,IDA,2017-03-08,2026-04-30,0,1,0,LMC,0,1,1,425.0,6.052089168924417,2017,8.31211498973306,0,9.144421629021219
78,P150937,CSC_RES_GEN_EQU,0,informative,0.4896073903002309,0.5,-1.0392609699769073,1,gender_equality,TZ-DSM Urban Transprt Improvmnt Proj-SUF,Tanzania,TZA,AFE,TDD,A,IPF,IDA,2017-03-08,2026-04-30,0,1,0,LMC,0,1,1,425.0,6.052089168924417,2017,8.31211498973306,0,9.144421629021219
79,P150993,CSC_RES_BENE_ENAB_ECO_OPP,0,women_only,,,,0,economic_opportunity,EG: Inclusive Housing Finance Program,"Egypt, Arab Republic of",EGY,MENAAP,FCI,A,P4R,IBRD,2015-05-05,2026-12-31,0,0,0,LMC,0,1,0,1000.0,6.907755278982137,2015,10.154688569472963,0,11.657768651608487
80,P150993,CSC_RES_FIN_SERV,0,informative,0.24200000000000002,0.24,0.20000000000000295,1,financial_services,EG: Inclusive Housing Finance Program,"Egypt, Arab Republic of",EGY,MENAAP,FCI,A,P4R,IBRD,2015-05-05,2026-12-31,0,0,0,LMC,0,1,0,1000.0,6.907755278982137,2015,10.154688569472963,0,11.657768651608487
81,P150993,CSC_RES_GEN_EQU,0,women_only,,,,0,gender_equality,EG: Inclusive Housing Finance Program,"Egypt, Arab Republic of",EGY,MENAAP,FCI,A,P4R,IBRD,2015-05-05,2026-12-31,0,0,0,LMC,0,1,0,1000.0,6.907755278982137,2015,10.154688569472963,0,11.657768651608487
82,P151026,CSC_RES_BENE_ENAB_ECO_OPP,0,women_only,,,,0,economic_opportunity,Transport Sector Improvement Project,Ghana,GHA,AFW,TDD,C,IPF,IDA,2017-06-06,2025-06-30,0,0,0,LMC,0,0,1,131.0,4.875197323201151,2017,8.06570841889117,0,8.06570841889117
83,P151026,CSC_RES_GEN_EQU,0,women_only,,,,0,gender_equality,Transport Sector Improvement Project,Ghana,GHA,AFW,TDD,C,IPF,IDA,2017-06-06,2025-06-30,0,0,0,LMC,0,0,1,131.0,4.875197323201151,2017,8.06570841889117,0,8.06570841889117
84,P151169,CSC_RES_BENE_ENAB_ECO_OPP,0,informative,0.13,0.1,3.0,1,economic_opportunity,MA: Youth Economic Inclusion Project,Morocco,MAR,MENAAP,SOC,C,IPF,IBRD,2019-05-10,2025-09-30,0,0,0,LMC,0,0,0,55.0,4.007333185232471,2019,6.140999315537303,0,6.392881587953457
85,P151169,CSC_RES_GEN_EQU,0,informative,0.13,0.1,3.0,1,gender_equality,MA: Youth Economic Inclusion Project,Morocco,MAR,MENAAP,SOC,C,IPF,IBRD,2019-05-10,2025-09-30,0,0,0,LMC,0,0,0,55.0,4.007333185232471,2019,6.140999315537303,0,6.392881587953457
86,P151224,CSC_RES_WAT_SAN_HYG,1,fixed_share,,,,0,wash,AO:Water Sector Institutional Dev.2,Angola,AGO,AFE,WAT,A,IPF,IBRD,2017-03-10,2027-12-31,0,1,0,LMC,0,1,0,350.0,5.857933154483459,2017,8.306639288158795,0,10.809034907597535
87,P151324,CSC_RES_FIN_SERV,0,identical_share,,,,0,financial_services,CI-Infrastruc for Urb Dev and Compet-SUF,Cote d'Ivoire,CIV,AFW,FCI,C,IPF,IDA,2017-06-02,2024-04-30,0,0,0,LMC,0,0,1,117.99913609999999,4.770677303252424,2017,8.0766598220397,0,6.910335386721424
88,P151363,CSC_RES_FIN_SERV,0,informative,0.5299796810904384,0.35,17.99796810904384,1,financial_services,CAMP4ASB,Tajikistan,TJK,ECA,ENV,C,IPF,IDA,2015-11-03,2024-05-31,0,0,0,LMC,0,0,1,37.47375996,3.6236409536479868,2016,9.656399726214921,0,8.574948665297741
89,P151432,CSC_RES_BENE_ENAB_ECO_OPP,0,women_only,,,,0,economic_opportunity,Ethiopia Enhancing Shared Prosperity,Ethiopia,ETH,AFE,SPL,C,P4R,IDA,2015-09-15,2024-11-30,1,1,0,Unknown,0,0,1,1536.14502803,7.337031328540761,2016,9.790554414784394,0,9.210130047912388
90,P151432,CSC_RES_GEN_EQU,0,women_only,,,,0,gender_equality,Ethiopia Enhancing Shared Prosperity,Ethiopia,ETH,AFE,SPL,C,P4R,IDA,2015-09-15,2024-11-30,1,1,0,Unknown,0,0,1,1536.14502803,7.337031328540761,2016,9.790554414784394,0,9.210130047912388
91,P151439,CSC_RES_WAT_SAN_HYG,1,fixed_share,,,,0,wash,EC Guayaquil Wastewater Management Proje,Ecuador,ECU,LCR,WAT,A,IPF,IBRD,2015-04-22,2026-04-30,0,0,0,UMC,0,1,0,336.1,5.81740873473106,2015,10.190280629705681,0,11.02258726899384
92,P151451,CSC_RES_BENE_ENAB_ECO_OPP,0,women_only,,,,0,economic_opportunity,ZM-Girls Education & Womens Empowerment,Zambia,ZMB,AFE,SPL,C,IPF,IDA,2015-05-22,2024-12-31,0,1,0,LMC,1,0,1,312.0,5.7430031878094825,2015,10.108145106091717,0,9.612594113620808
93,P151451,CSC_RES_GEN_EQU,0,women_only,,,,0,gender_equality,ZM-Girls Education & Womens Empowerment,Zambia,ZMB,AFE,SPL,C,IPF,IDA,2015-05-22,2024-12-31,0,1,0,LMC,1,0,1,312.0,5.7430031878094825,2015,10.108145106091717,0,9.612594113620808
94,P151739,CSC_RES_BENE_ENAB_ECO_OPP,0,no_progress,,,,0,economic_opportunity,Turkey Geothermal Development Project,Türkiye,TUR,ECA,EAE,A,IPF,IBRD,2016-11-01,2027-12-31,0,0,0,UMC,0,1,0,550.0,6.309918278226516,2017,8.659822039698836,0,11.162217659137577
95,P151739,CSC_RES_GEN_EQU,0,no_progress,,,,0,gender_equality,Turkey Geothermal Development Project,Türkiye,TUR,ECA,EAE,A,IPF,IBRD,2016-11-01,2027-12-31,0,0,0,UMC,0,1,0,550.0,6.309918278226516,2017,8.659822039698836,0,11.162217659137577
96,P151847,CSC_RES_GEN_EQU,1,fixed_share,,,,0,gender_equality,African Centers of Excellence East/South,Kenya,KEN,AFE,EDU,A,IPF,IDA,2016-05-26,2025-12-31,0,0,0,LMC,0,1,1,217.64335205,5.382857723309447,2016,9.095140314852841,0,9.598904859685147
97,P152057,CSC_RES_FIN_SERV,0,no_progress,,,,0,financial_services,HN SP Integration,Honduras,HND,LCR,SPL,A,IPF,IDA,2019-04-30,2025-12-31,0,0,0,LMC,0,1,1,100.0,4.605170185988092,2019,6.168377823408624,0,6.672142368240931
98,P152281,CSC_RES_GEN_EQU,1,fixed_share,,,,0,gender_equality,BO Santa Cruz Road Corridor Connector,Bolivia,BOL,LCR,TDD,A,IPF,IBRD,2017-01-11,2025-11-30,0,0,0,LMC,0,1,0,230.0,5.438079308923196,2017,8.465434633812457,0,8.88432580424367
99,P152307,CSC_RES_FIN_SERV,0,identical_share,,,,0,financial_services,JM Access to Finance,Jamaica,JAM,LCR,FCI,C,IPF,IBRD,2018-01-29,2025-01-15,0,0,1,UMC,0,0,0,15.0,2.70805020110221,2018,7.416837782340862,0,6.962354551676934
100,P152460,CSC_RES_WAT_SAN_HYG,1,fixed_share,,,,0,wash,Vinh Phuc Flood Risk,Viet Nam,VNM,EAP,WAT,C,IPF,IBRD,2016-04-29,2023-12-31,0,0,0,LMC,0,0,0,150.0,5.0106352940962555,2016,9.169062286105408,0,7.671457905544147
101,P152799,CSC_RES_HEA_SERV,0,informative,0.662999999843032,0.66,0.29999998430320085,1,health,Health System Strengthening & Support,Türkiye,TUR,ECA,HNP,C,IPF,IBRD,2015-09-21,2023-12-31,0,0,0,UMC,0,0,0,134.3,4.900076103529192,2016,9.774127310061601,0,8.276522929500342
102,P152822,CSC_RES_BENE_ENAB_ECO_OPP,0,women_only,,,,0,economic_opportunity,HOA: Support to FD Impacts,Ethiopia,ETH,AFE,SOC,C,IPF,IDA,2016-05-31,2024-06-30,1,1,0,LMC,0,0,1,329.99986684,5.799092250945293,2016,9.08145106091718,0,8.082135523613964
103,P152822,CSC_RES_GEN_EQU,0,women_only,,,,0,gender_equality,HOA: Support to FD Impacts,Ethiopia,ETH,AFE,SOC,C,IPF,IDA,2016-05-31,2024-06-30,1,1,0,LMC,0,0,1,329.99986684,5.799092250945293,2016,9.08145106091718,0,8.082135523613964
104,P153012,CSC_RES_WAT_SAN_HYG,1,fixed_share,,,,0,wash,Fortaleza Sustainable Urban Development,Brazil,BRA,LCR,URS,C,IPF,IBRD,2017-04-28,2025-03-31,0,0,0,UMC,0,0,0,73.3,4.294560608892605,2017,8.172484599589323,0,7.923340177960301
105,P153349,CSC_RES_BENE_ENAB_ECO_OPP,0,women_only,,,,0,economic_opportunity,E-National Ag. and Rural Inclusive Grow,Kenya,KEN,AFE,AGR,C,IPF,IDA,2016-08-23,2024-03-31,0,0,0,LMC,0,0,1,400.0,5.991464547107982,2017,8.851471594798083,0,7.603011635865846
106,P153349,CSC_RES_GEN_EQU,0,women_only,,,,0,gender_equality,E-National Ag. and Rural Inclusive Grow,Kenya,KEN,AFE,AGR,C,IPF,IDA,2016-08-23,2024-03-31,0,0,0,LMC,0,0,1,400.0,5.991464547107982,2017,8.851471594798083,0,7.603011635865846
107,P153437,CSC_RES_BENE_ENAB_ECO_OPP,0,informative,0.7472942011432627,0.6440677966101694,10.32264045330933,1,economic_opportunity,SL-Agribusiness Development Support Proj,Sierra Leone,SLE,AFW,AGR,A,IPF,IDA,2016-02-18,2026-01-31,0,1,0,LIC,0,1,1,70.0,4.248495242049359,2016,9.363449691991786,0,9.952087611225188
108,P153437,CSC_RES_FIN_SERV,0,identical_share,,,,0,financial_services,SL-Agribusiness Development Support Proj,Sierra Leone,SLE,AFW,AGR,A,IPF,IDA,2016-02-18,2026-01-31,0,1,0,LIC,0,1,1,70.0,4.248495242049359,2016,9.363449691991786,0,9.952087611225188
109,P153437,CSC_RES_GEN_EQU,0,informative,0.7472942011432627,0.6440677966101694,10.32264045330933,1,gender_equality,SL-Agribusiness Development Support Proj,Sierra Leone,SLE,AFW,AGR,A,IPF,IDA,2016-02-18,2026-01-31,0,1,0,LIC,0,1,1,70.0,4.248495242049359,2016,9.363449691991786,0,9.952087611225188
110,P153743,CSC_RES_BENE_ENAB_ECO_OPP,0,informative,0.10499995883926734,0.16,-5.500004116073266,1,economic_opportunity,Electricity Access Expansion Project,Niger,NER,AFW,EAE,C,IPF,IDA,2015-12-16,2024-12-31,1,1,0,LIC,0,0,1,135.0,4.90527477843843,2016,9.538672142368242,0,9.043121149897331
111,P153743,CSC_RES_GEN_EQU,0,informative,0.10499995883926734,0.16,-5.500004116073266,1,gender_equality,Electricity Access Expansion Project,Niger,NER,AFW,EAE,C,IPF,IDA,2015-12-16,2024-12-31,1,1,0,LIC,0,0,1,135.0,4.90527477843843,2016,9.538672142368242,0,9.043121149897331
112,P153781,CSC_RES_BENE_ENAB_ECO_OPP,1,fixed_share,,,,0,economic_opportunity,TZ-Rural Electrificatn Expansn Progr-SUF,Tanzania,TZA,AFE,EAE,A,P4R,IDA,2016-06-21,2026-06-15,0,1,0,LMC,0,1,1,535.0,6.282266746896006,2016,9.023956194387406,0,9.982203969883642
113,P153781,CSC_RES_GEN_EQU,0,informative,1.0,0.5153084466019417,48.46915533980582,1,gender_equality,TZ-Rural Electrificatn Expansn Progr-SUF,Tanzania,TZA,AFE,EAE,A,P4R,IDA,2016-06-21,2026-06-15,0,1,0,LMC,0,1,1,535.0,6.282266746896006,2016,9.023956194387406,0,9.982203969883642
114,P153892,CSC_RES_BENE_ENAB_ECO_OPP,0,informative,0.43,0.4,2.9999999999999973,1,economic_opportunity,Guangxi Poverty Alleviation Project,China,CHN,EAP,AGR,C,IPF,IBRD,2016-12-21,2024-06-30,0,0,0,UMC,0,0,0,100.0,4.605170185988092,2017,8.522929500342231,0,7.523613963039014
115,P153892,CSC_RES_GEN_EQU,0,informative,0.43,0.4,2.9999999999999973,1,gender_equality,Guangxi Poverty Alleviation Project,China,CHN,EAP,AGR,C,IPF,IBRD,2016-12-21,2024-06-30,0,0,0,UMC,0,0,0,100.0,4.605170185988092,2017,8.522929500342231,0,7.523613963039014
116,P154112,CSC_RES_BENE_ENAB_ECO_OPP,1,fixed_share,,,,0,economic_opportunity,EG: Sustainable Rural Sanitation Svcs,"Egypt, Arab Republic of",EGY,MENAAP,WAT,A,P4R,IBRD,2015-07-28,2026-12-31,0,0,0,LMC,0,1,0,850.0,6.745236349484363,2016,9.924709103353868,0,11.427789185489392
117,P154112,CSC_RES_GEN_EQU,0,identical_share,,,,0,gender_equality,EG: Sustainable Rural Sanitation Svcs,"Egypt, Arab Republic of",EGY,MENAAP,WAT,A,P4R,IBRD,2015-07-28,2026-12-31,0,0,0,LMC,0,1,0,850.0,6.745236349484363,2016,9.924709103353868,0,11.427789185489392
118,P154112,CSC_RES_WAT_SAN_HYG,1,fixed_share,,,,0,wash,EG: Sustainable Rural Sanitation Svcs,"Egypt, Arab Republic of",EGY,MENAAP,WAT,A,P4R,IBRD,2015-07-28,2026-12-31,0,0,0,LMC,0,1,0,850.0,6.745236349484363,2016,9.924709103353868,0,11.427789185489392
119,P154525,CSC_RES_BENE_ENAB_ECO_OPP,0,informative,0.09759095920617421,0.4897051597051597,-39.21142004989855,1,economic_opportunity,Uttarakhand Workforce Development Projec,India,IND,SAR,EDU,C,IPF,IBRD,2018-06-19,2024-03-31,0,0,0,LMC,0,0,0,54.181,3.992330293481822,2018,7.030800821355236,0,5.782340862422998
120,P154525,CSC_RES_GEN_EQU,0,informative,0.09759095920617421,0.4897051597051597,-39.21142004989855,1,gender_equality,Uttarakhand Workforce Development Projec,India,IND,SAR,EDU,C,IPF,IBRD,2018-06-19,2024-03-31,0,0,0,LMC,0,0,0,54.181,3.992330293481822,2018,7.030800821355236,0,5.782340862422998
121,P154548,CSC_RES_GEN_EQU,0,women_only,,,,0,gender_equality,Strengthening Systems for SP and CR,Nepal,NPL,SAR,SPL,C,IPF,IDA,2016-12-02,2024-06-30,0,1,0,LMC,0,0,1,109.36014641,4.694646531204118,2017,8.574948665297741,0,7.575633127994524
122,P154683,CSC_RES_BENE_ENAB_ECO_OPP,0,no_progress,,,,0,economic_opportunity,Zambia Environment and Mining Project,Zambia,ZMB,AFE,ENV,C,IPF,IDA,2016-12-16,2024-06-28,0,1,0,LMC,0,0,1,51.17781716,3.9353061795680895,2017,8.536618754277892,0,7.531827515400411
123,P154683,CSC_RES_GEN_EQU,0,no_progress,,,,0,gender_equality,Zambia Environment and Mining Project,Zambia,ZMB,AFE,ENV,C,IPF,IDA,2016-12-16,2024-06-28,0,1,0,LMC,0,0,1,51.17781716,3.9353061795680895,2017,8.536618754277892,0,7.531827515400411
124,P154698,CSC_RES_BENE_ENAB_ECO_OPP,0,informative,0.2888951921713232,0.3883495145631068,-9.94543223917836,1,economic_opportunity,Sustainable Landscape Management,Madagascar,MDG,AFE,ENV,C,IPF,IDA,2017-03-23,2024-04-30,0,1,0,LIC,0,0,1,97.63888767,4.581275853305014,2017,8.271047227926077,0,7.104722792607803
125,P154698,CSC_RES_GEN_EQU,0,informative,0.2888951921713232,0.3883495145631068,-9.94543223917836,1,gender_equality,Sustainable Landscape Management,Madagascar,MDG,AFE,ENV,C,IPF,IDA,2017-03-23,2024-04-30,0,1,0,LIC,0,0,1,97.63888767,4.581275853305014,2017,8.271047227926077,0,7.104722792607803
126,P154716,CSC_RES_BENE_ENAB_ECO_OPP,0,women_only,,,,0,economic_opportunity,Anhui Aged Care Project,China,CHN,EAP,SPL,C,IPF,IBRD,2018-06-19,2025-10-31,0,0,0,UMC,0,0,0,102.920897,4.633960702882754,2018,7.030800821355236,0,7.367556468172484
127,P154716,CSC_RES_GEN_EQU,0,informative,0.9678475503362284,0.96336752741422,0.4480022922008331,1,gender_equality,Anhui Aged Care Project,China,CHN,EAP,SPL,C,IPF,IBRD,2018-06-19,2025-10-31,0,0,0,UMC,0,0,0,102.920897,4.633960702882754,2018,7.030800821355236,0,7.367556468172484
128,P154778,CSC_RES_BENE_ENAB_ECO_OPP,0,informative,0.5193923558364222,0.5,1.9392355836422182,1,economic_opportunity,SRWSSP,Kyrgyz Republic,KGZ,ECA,WAT,A,IPF,IDA,2016-09-30,2026-06-30,0,0,0,LMC,0,1,1,67.14,4.206779991551889,2017,8.747433264887064,0,9.74674880219028
129,P154778,CSC_RES_GEN_EQU,0,informative,0.5193923558364222,0.5,1.9392355836422182,1,gender_equality,SRWSSP,Kyrgyz Republic,KGZ,ECA,WAT,A,IPF,IDA,2016-09-30,2026-06-30,0,0,0,LMC,0,1,1,67.14,4.206779991551889,2017,8.747433264887064,0,9.74674880219028
130,P154778,CSC_RES_WAT_SAN_HYG,1,fixed_share,,,,0,wash,SRWSSP,Kyrgyz Republic,KGZ,ECA,WAT,A,IPF,IDA,2016-09-30,2026-06-30,0,0,0,LMC,0,1,1,67.14,4.206779991551889,2017,8.747433264887064,0,9.74674880219028
131,P154840,CSC_RES_WAT_SAN_HYG,0,identical_share,,,,0,wash,Pacific Resilience Program - Tonga,Tonga,TON,EAP,URS,A,IPF,IDA,2015-06-19,2026-04-30,0,0,1,UMC,0,1,1,30.45,3.416085994155906,2015,10.03148528405202,0,10.863791923340179
132,P155060,CSC_RES_BENE_ENAB_ECO_OPP,1,fixed_share,,,,0,economic_opportunity,BI-Local Development for Jobs Project,Burundi,BDI,AFE,FCI,C,IPF,IDA,2017-08-22,2024-06-30,1,1,0,LIC,0,0,1,49.553961,3.903062197036105,2018,7.854893908281999,0,6.855578370978781
133,P155060,CSC_RES_GEN_EQU,0,identical_share,,,,0,gender_equality,BI-Local Development for Jobs Project,Burundi,BDI,AFE,FCI,C,IPF,IDA,2017-08-22,2024-06-30,1,1,0,LIC,0,0,1,49.553961,3.903062197036105,2018,7.854893908281999,0,6.855578370978781
134,P155087,CSC_RES_BENE_ENAB_ECO_OPP,0,informative,0.294,0.48,-18.6,1,economic_opportunity,Water Supply and Sanitation Development,Papua New Guinea,PNG,EAP,WAT,A,IPF,IDA,2017-02-09,2026-04-30,1,0,1,LMC,0,1,1,70.0,4.248495242049359,2017,8.386036960985626,0,9.218343600273785
135,P155087,CSC_RES_GEN_EQU,0,informative,0.294,0.48,-18.6,1,gender_equality,Water Supply and Sanitation Development,Papua New Guinea,PNG,EAP,WAT,A,IPF,IDA,2017-02-09,2026-04-30,1,0,1,LMC,0,1,1,70.0,4.248495242049359,2017,8.386036960985626,0,9.218343600273785
136,P155087,CSC_RES_WAT_SAN_HYG,0,informative,0.294,0.48,-18.6,1,wash,Water Supply and Sanitation Development,Papua New Guinea,PNG,EAP,WAT,A,IPF,IDA,2017-02-09,2026-04-30,1,0,1,LMC,0,1,1,70.0,4.248495242049359,2017,8.386036960985626,0,9.218343600273785
137,P155198,CSC_RES_BENE_ENAB_ECO_OPP,0,women_only,,,,0,economic_opportunity,MA: Identity and Targeting for SP,Morocco,MAR,MENAAP,SPL,C,IPF,IBRD,2017-03-10,2024-06-30,0,0,0,LMC,0,0,0,100.0,4.605170185988092,2017,8.306639288158795,0,7.307323750855578
138,P155198,CSC_RES_GEN_EQU,0,women_only,,,,0,gender_equality,MA: Identity and Targeting for SP,Morocco,MAR,MENAAP,SPL,C,IPF,IBRD,2017-03-10,2024-06-30,0,0,0,LMC,0,0,0,100.0,4.605170185988092,2017,8.306639288158795,0,7.307323750855578
139,P155303,CSC_RES_WAT_SAN_HYG,1,fixed_share,,,,0,wash,Madhya Pradesh Urban Development Project,India,IND,SAR,URS,C,IPF,IBRD,2017-04-12,2025-06-30,0,0,0,LMC,0,0,0,105.0,4.653960350157523,2017,8.216290212183436,0,8.216290212183436
140,P155412,CSC_RES_BENE_ENAB_ECO_OPP,1,fixed_share,,,,0,economic_opportunity,Integrated Dairy Productivity Improvemen,Kyrgyz Republic,KGZ,ECA,AGR,A,IPF,IDA,2016-11-29,2026-01-15,0,0,0,LMC,0,1,1,21.9931786,3.0907323416422843,2017,8.583162217659138,0,9.127994524298426
141,P155412,CSC_RES_GEN_EQU,0,identical_share,,,,0,gender_equality,Integrated Dairy Productivity Improvemen,Kyrgyz Republic,KGZ,ECA,AGR,A,IPF,IDA,2016-11-29,2026-01-15,0,0,0,LMC,0,1,1,21.9931786,3.0907323416422843,2017,8.583162217659138,0,9.127994524298426
142,P155617,CSC_RES_BENE_ENAB_ECO_OPP,1,fixed_share,,,,0,economic_opportunity,Assam Agbusiness & Rural Transformation,India,IND,SAR,AGR,C,IPF,IBRD,2017-08-31,2025-09-30,0,0,0,LMC,0,0,0,200.0,5.298317366548036,2018,7.83025325119781,0,8.082135523613964
143,P155617,CSC_RES_GEN_EQU,0,informative,0.2839829498248022,0.3,-1.6017050175197778,1,gender_equality,Assam Agbusiness & Rural Transformation,India,IND,SAR,AGR,C,IPF,IBRD,2017-08-31,2025-09-30,0,0,0,LMC,0,0,0,200.0,5.298317366548036,2018,7.83025325119781,0,8.082135523613964
144,P155658,CSC_RES_HEA_SERV,1,fixed_share,,,,0,health,Southern Africa TB and Health Systems,Lesotho,LSO,AFE,HNP,C,IPF,IDA,2016-05-26,2024-06-30,0,1,0,LMC,0,0,1,178.0,5.181783550292085,2016,9.095140314852841,0,8.095824777549623
145,P155732,CSC_RES_BENE_ENAB_ECO_OPP,0,no_progress,,,,0,economic_opportunity,IQ: Emergency Operation for Development,Iraq,IRQ,MENAAP,URS,A,IPF,IBRD,2015-07-07,2026-06-30,1,0,0,UMC,0,1,0,750.0,6.620073206530356,2016,9.982203969883642,0,10.981519507186858
146,P155732,CSC_RES_GEN_EQU,0,no_progress,,,,0,gender_equality,IQ: Emergency Operation for Development,Iraq,IRQ,MENAAP,URS,A,IPF,IBRD,2015-07-07,2026-06-30,1,0,0,UMC,0,1,0,750.0,6.620073206530356,2016,9.982203969883642,0,10.981519507186858
147,P155732,CSC_RES_WAT_SAN_HYG,1,fixed_share,,,,0,wash,IQ: Emergency Operation for Development,Iraq,IRQ,MENAAP,URS,A,IPF,IBRD,2015-07-07,2026-06-30,1,0,0,UMC,0,1,0,750.0,6.620073206530356,2016,9.982203969883642,0,10.981519507186858
148,P155947,CSC_RES_WAT_SAN_HYG,0,informative,0.5119931589823986,0.44,7.199315898239861,1,wash,Urban Water Supply,Liberia,LBR,AFW,WAT,A,IPF,IDA,2016-03-24,2025-12-31,0,1,0,LIC,0,1,1,40.0,3.6888794541139363,2016,9.267624914442163,0,9.77138945927447
149,P156125,CSC_RES_WAT_SAN_HYG,0,informative,0.5000000593570093,0.5833333333333334,-8.333327397632406,1,wash,National Urban Water Supply Project,Indonesia,IDN,EAP,WAT,C,IPF,IBRD,2018-06-06,2024-11-30,0,0,0,UMC,0,0,0,95.49771893,4.559102361651682,2018,7.066392881587953,0,6.485968514715948
150,P156143,CSC_RES_BENE_ENAB_ECO_OPP,0,women_only,,,,0,economic_opportunity,Coastal Cities Sustainable Environment P,Viet Nam,VNM,EAP,WAT,C,IPF,IBRD,2017-05-05,2024-06-30,0,0,0,LMC,0,0,0,148.77491705,5.002434539977408,2017,8.153319644079398,0,7.15400410677618
151,P156143,CSC_RES_GEN_EQU,0,women_only,,,,0,gender_equality,Coastal Cities Sustainable Environment P,Viet Nam,VNM,EAP,WAT,C,IPF,IBRD,2017-05-05,2024-06-30,0,0,0,LMC,0,0,0,148.77491705,5.002434539977408,2017,8.153319644079398,0,7.15400410677618
152,P156143,CSC_RES_WAT_SAN_HYG,1,fixed_share,,,,0,wash,Coastal Cities Sustainable Environment P,Viet Nam,VNM,EAP,WAT,C,IPF,IBRD,2017-05-05,2024-06-30,0,0,0,LMC,0,0,0,148.77491705,5.002434539977408,2017,8.153319644079398,0,7.15400410677618
153,P156165,CSC_RES_GEN_EQU,1,fixed_share,,,,0,gender_equality,INAYA,Mauritania,MRT,AFW,HNP,C,IPF,IDA,2017-05-19,2023-12-31,0,1,0,LMC,0,0,1,40.0,3.6888794541139363,2017,8.114989733059549,0,6.617385352498289
154,P156210,CSC_RES_BENE_ENAB_ECO_OPP,0,informative,0.5068422652457467,0.48097942892232115,2.5862836323425564,1,economic_opportunity,CM Inclusive and Resilient Cities Dev.,Cameroon,CMR,AFW,URS,C,IPF,IDA,2017-08-22,2025-06-30,1,0,0,LMC,0,0,1,160.0,5.075173815233827,2018,7.854893908281999,0,7.854893908281999
155,P156210,CSC_RES_GEN_EQU,0,informative,0.5068422652457467,0.48097942892232115,2.5862836323425564,1,gender_equality,CM Inclusive and Resilient Cities Dev.,Cameroon,CMR,AFW,URS,C,IPF,IDA,2017-08-22,2025-06-30,1,0,0,LMC,0,0,1,160.0,5.075173815233827,2018,7.854893908281999,0,7.854893908281999
156,P156239,CSC_RES_WAT_SAN_HYG,1,fixed_share,,,,0,wash,CO PAZcifico: WSBS Infrastructure Proj,Colombia,COL,LCR,WAT,A,IPF,IBRD,2016-10-18,2026-05-15,0,0,0,UMC,0,1,0,126.7,4.841822087327094,2017,8.698151950718685,0,9.571526351813826
157,P156241,CSC_RES_GEN_EQU,0,informative,0.4232,0.5,-7.679999999999998,1,gender_equality,Innovate in India (I3),India,IND,SAR,FCI,A,IPF,IBRD,2017-05-31,2025-11-30,0,0,0,LMC,0,1,0,75.4,4.32280727501391,2017,8.082135523613964,0,8.501026694045175
158,P156433,CSC_RES_GEN_EQU,0,informative,0.356696008414992,0.5,-14.3303991585008,1,gender_equality,Second Ethiopia - Urban WSSP,Ethiopia,ETH,AFE,WAT,A,IPF,IDA,2017-03-31,2027-06-30,1,1,0,Unknown,0,1,1,700.0006690700001,6.551081290857233,2017,8.24914442162902,0,10.247775496235455
159,P156433,CSC_RES_WAT_SAN_HYG,1,fixed_share,,,,0,wash,Second Ethiopia - Urban WSSP,Ethiopia,ETH,AFE,WAT,A,IPF,IDA,2017-03-31,2027-06-30,1,1,0,Unknown,0,1,1,700.0006690700001,6.551081290857233,2017,8.24914442162902,0,10.247775496235455
160,P156634,CSC_RES_WAT_SAN_HYG,1,fixed_share,,,,0,wash,WSDP,Kenya,KEN,AFE,WAT,A,IPF,IDA,2017-04-26,2026-10-31,0,0,0,LMC,0,1,1,280.76592,5.637521297264655,2017,8.177960301163587,0,9.514031485284052
161,P156719,CSC_RES_BENE_ENAB_ECO_OPP,0,women_only,,,,0,economic_opportunity,HT Renewable Energy for All,Haiti,HTI,LCR,EAE,A,IPF,RETF,2017-10-25,2026-12-31,1,1,1,LMC,0,1,0,24.0,3.1780538303479458,2018,7.6796714579055445,0,9.182751540041068
162,P156719,CSC_RES_GEN_EQU,0,women_only,,,,0,gender_equality,HT Renewable Energy for All,Haiti,HTI,LCR,EAE,A,IPF,RETF,2017-10-25,2026-12-31,1,1,1,LMC,0,1,0,24.0,3.1780538303479458,2018,7.6796714579055445,0,9.182751540041068
163,P156738,CSC_RES_WAT_SAN_HYG,0,informative,0.5199973810726378,0.5,1.999738107263782,1,wash,Benin Water and Urban Septage Management,Benin,BEN,AFW,WAT,C,IPF,IDA,2016-12-19,2024-06-30,0,1,0,LMC,0,0,1,68.0,4.219507705176107,2017,8.528405201916495,0,7.529089664613279
164,P156739,CSC_RES_WAT_SAN_HYG,1,fixed_share,,,,0,wash,Urban Water Supply & Sanitation Project,Cote d'Ivoire,CIV,AFW,WAT,C,IPF,IDA,2016-12-09,2024-07-31,0,0,0,LMC,0,0,1,200.0,5.298317366548036,2017,8.555783709787816,0,7.641341546885695
165,P156797,CSC_RES_FIN_SERV,0,informative,0.4179999670414943,0.45,-3.200003295850573,1,financial_services,NLSIP,Nepal,NPL,SAR,AGR,C,IPF,IDA,2017-12-07,2024-06-30,0,1,0,LMC,0,0,1,41.76016277,3.731942841315829,2018,7.561943874058864,0,6.562628336755647
166,P156823,CSC_RES_BENE_ENAB_ECO_OPP,0,informative,0.054667917806476236,0.23076923076923078,-17.610131296275455,1,economic_opportunity,Insurance Sector Development Project,Bangladesh,BGD,SAR,FCI,C,IPF,IDA,2017-03-20,2024-08-30,0,1,0,LMC,0,0,1,65.0,4.174387269895637,2017,8.279260780287474,0,7.446954140999315
167,P156823,CSC_RES_FIN_SERV,0,identical_share,,,,0,financial_services,Insurance Sector Development Project,Bangladesh,BGD,SAR,FCI,C,IPF,IDA,2017-03-20,2024-08-30,0,1,0,LMC,0,0,1,65.0,4.174387269895637,2017,8.279260780287474,0,7.446954140999315
168,P156823,CSC_RES_GEN_EQU,0,informative,0.054667917806476236,0.23076923076923078,-17.610131296275455,1,gender_equality,Insurance Sector Development Project,Bangladesh,BGD,SAR,FCI,C,IPF,IDA,2017-03-20,2024-08-30,0,1,0,LMC,0,0,1,65.0,4.174387269895637,2017,8.279260780287474,0,7.446954140999315
169,P156880,CSC_RES_WAT_SAN_HYG,1,fixed_share,,,,0,wash,Enhancing Waterway Connectivity and Wate,Colombia,COL,LCR,TDD,A,IPF,IBRD,2017-12-14,2026-04-15,0,0,0,UMC,0,1,0,41.9,3.735285826928092,2018,7.542778918548939,0,8.334017796030116
170,P157043,CSC_RES_WAT_SAN_HYG,1,fixed_share,,,,0,wash,Modernization of WSS Services,Peru,PER,LCR,WAT,A,IPF,IBRD,2018-07-26,2025-12-22,0,0,0,UMC,0,1,0,65.722425,4.185440191453624,2019,6.929500342231348,0,7.408624229979466
171,P157206,CSC_RES_BENE_ENAB_ECO_OPP,1,fixed_share,,,,0,economic_opportunity,Land Policy Implementation Project,Cote d'Ivoire,CIV,AFW,URS,C,IPF,IDA,2018-03-28,2024-06-30,0,0,0,LMC,0,0,1,50.0,3.912023005428146,2018,7.258042436687201,0,6.2587268993839835
172,P157206,CSC_RES_GEN_EQU,0,women_only,,,,0,gender_equality,Land Policy Implementation Project,Cote d'Ivoire,CIV,AFW,URS,C,IPF,IDA,2018-03-28,2024-06-30,0,0,0,LMC,0,0,1,50.0,3.912023005428146,2018,7.258042436687201,0,6.2587268993839835
173,P157599,CSC_RES_GEN_EQU,0,women_only,,,,0,gender_equality,Indonesia Tourism Development Project,Indonesia,IDN,EAP,FCI,C,IPF,IBRD,2018-05-30,2024-12-31,0,0,0,UMC,0,0,0,272.515,5.6076936584598895,2018,7.085557837097878,0,6.590006844626968
174,P157599,CSC_RES_WAT_SAN_HYG,1,fixed_share,,,,0,wash,Indonesia Tourism Development Project,Indonesia,IDN,EAP,FCI,C,IPF,IBRD,2018-05-30,2024-12-31,0,0,0,UMC,0,0,0,272.515,5.6076936584598895,2018,7.085557837097878,0,6.590006844626968
175,P157715,CSC_RES_FIN_SERV,1,fixed_share,,,,0,financial_services,OECS MSME Guarantee Facility Project,Grenada,GRD,LCR,FCI,C,IPF,IBRD,2018-07-05,2025-02-28,0,0,1,UMC,0,0,0,10.0,2.302585092994046,2019,6.9869952087611225,0,6.652977412731006
176,P157891,CSC_RES_BENE_ENAB_ECO_OPP,0,women_only,,,,0,economic_opportunity,NG-Multi-Sectoral Crisis Recovery Proj,Nigeria,NGA,AFW,URS,C,IPF,IDA,2017-03-20,2025-05-31,1,0,0,LMC,0,0,1,376.0,5.929589143389895,2017,8.279260780287474,0,8.19712525667351
177,P157891,CSC_RES_GEN_EQU,0,women_only,,,,0,gender_equality,NG-Multi-Sectoral Crisis Recovery Proj,Nigeria,NGA,AFW,URS,C,IPF,IDA,2017-03-20,2025-05-31,1,0,0,LMC,0,0,1,376.0,5.929589143389895,2017,8.279260780287474,0,8.19712525667351
178,P158146,CSC_RES_WAT_SAN_HYG,0,identical_share,,,,0,wash,IN Uttarakhand WSP PforR,India,IND,SAR,WAT,C,P4R,IBRD,2018-01-04,2025-06-30,0,0,0,LMC,0,0,0,106.0,4.663439094112067,2018,7.485284052019165,0,7.485284052019165
179,P158215,CSC_RES_BENE_ENAB_ECO_OPP,1,fixed_share,,,,0,economic_opportunity,Gansu Rev and Innov Project,China,CHN,EAP,URS,A,IPF,IBRD,2019-06-04,2026-12-30,0,0,0,UMC,0,1,0,180.0,5.19295685089021,2019,6.072553045859,0,7.572895277207392
180,P158215,CSC_RES_GEN_EQU,0,identical_share,,,,0,gender_equality,Gansu Rev and Innov Project,China,CHN,EAP,URS,A,IPF,IBRD,2019-06-04,2026-12-30,0,0,0,UMC,0,1,0,180.0,5.19295685089021,2019,6.072553045859,0,7.572895277207392
181,P158215,CSC_RES_WAT_SAN_HYG,1,fixed_share,,,,0,wash,Gansu Rev and Innov Project,China,CHN,EAP,URS,A,IPF,IBRD,2019-06-04,2026-12-30,0,0,0,UMC,0,1,0,180.0,5.19295685089021,2019,6.072553045859,0,7.572895277207392
182,P158418,CSC_RES_BENE_ENAB_ECO_OPP,0,informative,0.1051353226925746,0.02997920517560074,7.515611751697386,1,economic_opportunity,Irrir. Modern.,Türkiye,TUR,ECA,WAT,A,IPF,IBRD,2019-01-22,2028-12-31,0,0,0,UMC,0,1,0,347.0,5.849324779946859,2019,6.436687200547571,0,9.94113620807666
183,P158418,CSC_RES_GEN_EQU,0,informative,0.1051353226925746,0.02997920517560074,7.515611751697386,1,gender_equality,Irrir. Modern.,Türkiye,TUR,ECA,WAT,A,IPF,IBRD,2019-01-22,2028-12-31,0,0,0,UMC,0,1,0,347.0,5.849324779946859,2019,6.436687200547571,0,9.94113620807666
184,P158434,CSC_RES_BENE_ENAB_ECO_OPP,0,informative,0.587495562412955,0.39850746268656717,18.89880997263878,1,economic_opportunity,Malawi AGCOM,Malawi,MWI,AFE,AGR,C,IPF,IDA,2017-05-23,2024-05-31,0,1,0,LIC,0,0,1,95.0,4.553876891600541,2017,8.10403832991102,0,7.02258726899384
185,P158434,CSC_RES_GEN_EQU,0,informative,0.587495562412955,0.39850746268656717,18.89880997263878,1,gender_equality,Malawi AGCOM,Malawi,MWI,AFE,AGR,C,IPF,IDA,2017-05-23,2024-05-31,0,1,0,LIC,0,0,1,95.0,4.553876891600541,2017,8.10403832991102,0,7.02258726899384
186,P158502,CSC_RES_WAT_SAN_HYG,0,informative,0.5980861244019139,0.45,14.808612440191387,1,wash,Jharkhand Municipal Development Project,India,IND,SAR,URS,A,IPF,IBRD,2018-12-12,2027-09-30,0,0,0,LMC,0,1,0,77.0,4.343805421853684,2019,6.548939082819986,0,8.799452429842573
187,P158505,CSC_RES_BENE_ENAB_ECO_OPP,0,identical_share,,,,0,economic_opportunity,DJ: Sustainable Electrification Program,Djibouti,DJI,MENAAP,EAE,C,IPF,IDA,2017-06-02,2025-03-05,0,1,0,LMC,0,0,1,23.3,3.1484533605716547,2017,8.0766598220397,0,7.756331279945243
188,P158505,CSC_RES_GEN_EQU,0,identical_share,,,,0,gender_equality,DJ: Sustainable Electrification Program,Djibouti,DJI,MENAAP,EAE,C,IPF,IDA,2017-06-02,2025-03-05,0,1,0,LMC,0,0,1,23.3,3.1484533605716547,2017,8.0766598220397,0,7.756331279945243
189,P158522,CSC_RES_WAT_SAN_HYG,1,fixed_share,,,,0,wash,TN IAMP,India,IND,SAR,AGR,A,IPF,IBRD,2017-12-01,2025-12-02,0,0,0,LMC,0,1,0,311.45,5.741238811700154,2018,7.578370978781656,0,8.002737850787133
190,P158570,CSC_RES_GEN_EQU,1,fixed_share,,,,0,gender_equality,Zambia Education Enhancement Proj,Zambia,ZMB,AFE,EDU,A,IPF,IDA,2017-08-29,2025-12-31,0,1,0,LMC,0,1,1,233.0,5.4510384535657,2018,7.835728952772074,0,8.33949349760438
191,P158622,CSC_RES_WAT_SAN_HYG,1,fixed_share,,,,0,wash,Hezhou Urban Water Infra. and Env. Impro,China,CHN,EAP,WAT,A,IPF,IBRD,2018-06-13,2026-04-30,0,0,0,UMC,0,1,0,128.0,4.852030263919617,2018,7.047227926078029,0,7.879534565366187
192,P158760,CSC_RES_WAT_SAN_HYG,1,fixed_share,,,,0,wash,Jiangxi IRUWSWMP,China,CHN,EAP,WAT,C,IPF,IBRD,2018-06-06,2025-06-30,0,0,0,UMC,0,0,0,200.0,5.298317366548036,2018,7.066392881587953,0,7.066392881587953
193,P158798,CSC_RES_BENE_ENAB_ECO_OPP,0,informative,0.9962581466955901,0.7,29.625814669559013,1,economic_opportunity,JOHAR,India,IND,SAR,AGR,C,IPF,IBRD,2017-05-26,2024-06-30,0,0,0,LMC,0,0,0,78.47,4.362716386139382,2017,8.095824777549623,0,7.096509240246407
194,P158798,CSC_RES_GEN_EQU,0,informative,0.9962581466955901,0.7,29.625814669559013,1,gender_equality,JOHAR,India,IND,SAR,AGR,C,IPF,IBRD,2017-05-26,2024-06-30,0,0,0,LMC,0,0,0,78.47,4.362716386139382,2017,8.095824777549623,0,7.096509240246407
195,P158810,CSC_RES_BENE_ENAB_ECO_OPP,0,no_progress,,,,0,economic_opportunity,Cashew Competitiveness Project,Cote d'Ivoire,CIV,AFW,AGR,C,IPF,IBRD,2018-04-10,2025-05-30,0,0,0,LMC,0,0,0,200.0,5.298317366548036,2018,7.222450376454483,0,7.137577002053388
196,P158810,CSC_RES_FIN_SERV,0,identical_share,,,,0,financial_services,Cashew Competitiveness Project,Cote d'Ivoire,CIV,AFW,AGR,C,IPF,IBRD,2018-04-10,2025-05-30,0,0,0,LMC,0,0,0,200.0,5.298317366548036,2018,7.222450376454483,0,7.137577002053388
197,P158810,CSC_RES_GEN_EQU,0,no_progress,,,,0,gender_equality,Cashew Competitiveness Project,Cote d'Ivoire,CIV,AFW,AGR,C,IPF,IBRD,2018-04-10,2025-05-30,0,0,0,LMC,0,0,0,200.0,5.298317366548036,2018,7.222450376454483,0,7.137577002053388
198,P159213,CSC_RES_GEN_EQU,1,fixed_share,,,,0,gender_equality,Crecer Sano,Guatemala,GTM,LCR,HNP,A,IPF,IBRD,2017-03-24,2027-07-31,0,0,0,UMC,0,1,0,100.0,4.605170185988092,2017,8.268309377138946,0,10.351813826146476
199,P159213,CSC_RES_HEA_SERV,1,fixed_share,,,,0,health,Crecer Sano,Guatemala,GTM,LCR,HNP,A,IPF,IBRD,2017-03-24,2027-07-31,0,0,0,UMC,0,1,0,100.0,4.605170185988092,2017,8.268309377138946,0,10.351813826146476
200,P159213,CSC_RES_WAT_SAN_HYG,1,fixed_share,,,,0,wash,Crecer Sano,Guatemala,GTM,LCR,HNP,A,IPF,IBRD,2017-03-24,2027-07-31,0,0,0,UMC,0,1,0,100.0,4.605170185988092,2017,8.268309377138946,0,10.351813826146476
201,P159220,CSC_RES_BENE_ENAB_ECO_OPP,0,informative,0.42549668874172186,0.16666666666666666,25.883002207505523,1,economic_opportunity,Central Asia Regional Links - Phase 3,Kyrgyz Republic,KGZ,ECA,TDD,A,IPF,IDA,2018-10-05,2026-10-31,0,0,0,LMC,0,1,1,55.0,4.007333185232471,2019,6.7351129363449695,0,8.071184120465434
202,P159220,CSC_RES_GEN_EQU,0,informative,0.42549668874172186,0.16666666666666666,25.883002207505523,1,gender_equality,Central Asia Regional Links - Phase 3,Kyrgyz Republic,KGZ,ECA,TDD,A,IPF,IDA,2018-10-05,2026-10-31,0,0,0,LMC,0,1,1,55.0,4.007333185232471,2019,6.7351129363449695,0,8.071184120465434
203,P159292,CSC_RES_BENE_ENAB_ECO_OPP,0,informative,0.0,0.25,-25.0,1,economic_opportunity,Balochistan Integrated Livelihoods,Pakistan,PAK,MENAAP,AGR,A,IPF,IDA,2020-03-03,2026-02-27,0,0,0,LMC,0,1,1,35.0,3.5553480614894135,2020,5.325119780971937,0,5.987679671457905
204,P159292,CSC_RES_GEN_EQU,0,informative,0.0,0.25,-25.0,1,gender_equality,Balochistan Integrated Livelihoods,Pakistan,PAK,MENAAP,AGR,A,IPF,IDA,2020-03-03,2026-02-27,0,0,0,LMC,0,1,1,35.0,3.5553480614894135,2020,5.325119780971937,0,5.987679671457905
205,P159397,CSC_RES_BENE_ENAB_ECO_OPP,1,fixed_share,,,,0,economic_opportunity,Scaling up Urban Upgrading Project,Viet Nam,VNM,EAP,URS,C,IPF,IDA,2017-05-30,2024-06-28,0,0,0,LMC,0,0,1,136.97051281,4.919765667698252,2017,8.084873374401095,0,7.080082135523614
206,P159397,CSC_RES_GEN_EQU,0,women_only,,,,0,gender_equality,Scaling up Urban Upgrading Project,Viet Nam,VNM,EAP,URS,C,IPF,IDA,2017-05-30,2024-06-28,0,0,0,LMC,0,0,1,136.97051281,4.919765667698252,2017,8.084873374401095,0,7.080082135523614
207,P159397,CSC_RES_WAT_SAN_HYG,1,fixed_share,,,,0,wash,Scaling up Urban Upgrading Project,Viet Nam,VNM,EAP,URS,C,IPF,IDA,2017-05-30,2024-06-28,0,0,0,LMC,0,0,1,136.97051281,4.919765667698252,2017,8.084873374401095,0,7.080082135523614
208,P159428,CSC_RES_BENE_ENAB_ECO_OPP,1,fixed_share,,,,0,economic_opportunity,Financial Inclusion and Infrastructure,Pakistan,PAK,MENAAP,FCI,C,IPF,IDA,2017-06-15,2025-06-30,0,0,0,LMC,0,0,1,254.58599986000002,5.539638695844675,2017,8.041067761806982,0,8.041067761806982
209,P159428,CSC_RES_FIN_SERV,0,informative,0.38769790868321014,0.3569131577543981,3.0784750928812055,1,financial_services,Financial Inclusion and Infrastructure,Pakistan,PAK,MENAAP,FCI,C,IPF,IDA,2017-06-15,2025-06-30,0,0,0,LMC,0,0,1,254.58599986000002,5.539638695844675,2017,8.041067761806982,0,8.041067761806982
210,P159428,CSC_RES_GEN_EQU,1,fixed_share,,,,0,gender_equality,Financial Inclusion and Infrastructure,Pakistan,PAK,MENAAP,FCI,C,IPF,IDA,2017-06-15,2025-06-30,0,0,0,LMC,0,0,1,254.58599986000002,5.539638695844675,2017,8.041067761806982,0,8.041067761806982
211,P159517,CSC_RES_WAT_SAN_HYG,1,fixed_share,,,,0,wash,Rural Service Delivery Project,Papua New Guinea,PNG,EAP,SOC,C,IPF,IDA,2017-06-09,2025-05-31,1,0,1,LMC,0,0,1,23.0,3.1354942159291497,2017,8.057494866529774,0,7.975359342915811
212,P159522,CSC_RES_BENE_ENAB_ECO_OPP,0,informative,0.6058592606426473,0.7654528711309655,-15.959361048831822,1,economic_opportunity,JO: Economic Opportunities,Jordan,JOR,MENAAP,FCI,C,P4R,IBRD,2016-09-27,2024-01-31,0,0,0,LMC,0,0,0,349.0,5.855071922202427,2017,8.75564681724846,0,7.342915811088296
213,P159522,CSC_RES_FIN_SERV,0,informative,0.20849759797942682,0.26253245075743137,-5.4034852778004545,1,financial_services,JO: Economic Opportunities,Jordan,JOR,MENAAP,FCI,C,P4R,IBRD,2016-09-27,2024-01-31,0,0,0,LMC,0,0,0,349.0,5.855071922202427,2017,8.75564681724846,0,7.342915811088296
214,P159522,CSC_RES_GEN_EQU,0,informative,0.6058592606426473,0.7654528711309655,-15.959361048831822,1,gender_equality,JO: Economic Opportunities,Jordan,JOR,MENAAP,FCI,C,P4R,IBRD,2016-09-27,2024-01-31,0,0,0,LMC,0,0,0,349.0,5.855071922202427,2017,8.75564681724846,0,7.342915811088296
215,P159544,CSC_RES_HEA_SERV,1,fixed_share,,,,0,health,Emergency Medical Services Project,Uzbekistan,UZB,ECA,HNP,A,IPF,IDA,2018-04-25,2025-11-30,0,0,0,LMC,0,1,1,96.5,4.56954300834494,2018,7.181382614647502,0,7.600273785078714
216,P159577,CSC_RES_BENE_ENAB_ECO_OPP,0,no_progress,,,,0,economic_opportunity,Khyber Pass Economic Corridor,Pakistan,PAK,MENAAP,TDD,A,IPF,IDA,2018-06-14,2026-05-28,0,0,0,LMC,0,1,1,460.6,6.132529987386585,2018,7.044490075290897,0,7.953456536618754
217,P159577,CSC_RES_GEN_EQU,0,no_progress,,,,0,gender_equality,Khyber Pass Economic Corridor,Pakistan,PAK,MENAAP,TDD,A,IPF,IDA,2018-06-14,2026-05-28,0,0,0,LMC,0,1,1,460.6,6.132529987386585,2018,7.044490075290897,0,7.953456536618754
218,P159712,CSC_RES_BENE_ENAB_ECO_OPP,1,fixed_share,,,,0,economic_opportunity,Sindh Solar Energy Project,Pakistan,PAK,MENAAP,EAE,C,IPF,IDA,2018-06-14,2025-07-31,0,0,0,LMC,0,0,1,100.0,4.605170185988092,2018,7.044490075290897,0,7.129363449691992
219,P159712,CSC_RES_GEN_EQU,0,identical_share,,,,0,gender_equality,Sindh Solar Energy Project,Pakistan,PAK,MENAAP,EAE,C,IPF,IDA,2018-06-14,2025-07-31,0,0,0,LMC,0,0,1,100.0,4.605170185988092,2018,7.044490075290897,0,7.129363449691992
220,P159756,CSC_RES_WAT_SAN_HYG,0,informative,0.511020838035056,0.51,0.10208380350560375,1,wash,Tana Urban Development and Resilience,Madagascar,MDG,AFE,URS,A,IPF,IDA,2018-05-17,2026-06-30,0,1,0,LIC,0,1,1,140.0,4.941642422609304,2018,7.121149897330596,0,8.120465434633813
221,P159843,CSC_RES_BENE_ENAB_ECO_OPP,1,fixed_share,,,,0,economic_opportunity,AR: AMBA Urban Transformation,Argentina,ARG,LCR,URS,A,IPF,IBRD,2017-02-27,2026-12-31,0,0,0,UMC,0,1,0,299.96100326,5.703652477073548,2017,8.336755646817249,0,9.839835728952773
222,P159843,CSC_RES_GEN_EQU,0,identical_share,,,,0,gender_equality,AR: AMBA Urban Transformation,Argentina,ARG,LCR,URS,A,IPF,IBRD,2017-02-27,2026-12-31,0,0,0,UMC,0,1,0,299.96100326,5.703652477073548,2017,8.336755646817249,0,9.839835728952773
223,P159843,CSC_RES_WAT_SAN_HYG,1,fixed_share,,,,0,wash,AR: AMBA Urban Transformation,Argentina,ARG,LCR,URS,A,IPF,IBRD,2017-02-27,2026-12-31,0,0,0,UMC,0,1,0,299.96100326,5.703652477073548,2017,8.336755646817249,0,9.839835728952773
224,P159870,CSC_RES_WAT_SAN_HYG,1,fixed_share,,,,0,wash,Qiandao Lake&Xin'an River & Ecosys,China,CHN,EAP,ENV,C,IPF,IBRD,2018-06-06,2024-12-31,0,0,0,UMC,0,0,0,137.15191061000002,4.921089148092267,2018,7.066392881587953,0,6.570841889117043
225,P159929,CSC_RES_BENE_ENAB_ECO_OPP,0,informative,0.3103448275862069,0.2,11.03448275862069,1,economic_opportunity,Integrated Habitat and Housing Project,Argentina,ARG,LCR,URS,C,IPF,IBRD,2017-02-27,2024-07-31,0,0,0,UMC,0,0,0,200.0,5.298317366548036,2017,8.336755646817249,0,7.422313483915127
226,P159929,CSC_RES_GEN_EQU,0,informative,0.3103448275862069,0.2,11.03448275862069,1,gender_equality,Integrated Habitat and Housing Project,Argentina,ARG,LCR,URS,C,IPF,IBRD,2017-02-27,2024-07-31,0,0,0,UMC,0,0,0,200.0,5.298317366548036,2017,8.336755646817249,0,7.422313483915127
227,P159929,CSC_RES_WAT_SAN_HYG,1,fixed_share,,,,0,wash,Integrated Habitat and Housing Project,Argentina,ARG,LCR,URS,C,IPF,IBRD,2017-02-27,2024-07-31,0,0,0,UMC,0,0,0,200.0,5.298317366548036,2017,8.336755646817249,0,7.422313483915127
228,P160005,CSC_RES_BENE_ENAB_ECO_OPP,0,women_only,,,,0,economic_opportunity,CRes MPA,Sri Lanka,LKA,SAR,URS,A,IPF,IBRD,2019-06-25,2026-12-31,0,0,0,LMC,0,1,0,92.0,4.5217885770490405,2019,6.015058179329227,0,7.51813826146475
229,P160005,CSC_RES_GEN_EQU,0,women_only,,,,0,gender_equality,CRes MPA,Sri Lanka,LKA,SAR,URS,A,IPF,IBRD,2019-06-25,2026-12-31,0,0,0,LMC,0,1,0,92.0,4.5217885770490405,2019,6.015058179329227,0,7.51813826146475
230,P160009,CSC_RES_BENE_ENAB_ECO_OPP,1,fixed_share,,,,0,economic_opportunity,Kenya Off-Grid Solar Access Project,Kenya,KEN,AFE,EAE,A,IPF,IDA,2017-07-26,2026-09-30,0,0,0,LMC,0,1,1,150.0,5.0106352940962555,2018,7.928815879534565,0,9.180013689253936
231,P160009,CSC_RES_GEN_EQU,0,informative,0.3199998740938693,0.2,11.99998740938693,1,gender_equality,Kenya Off-Grid Solar Access Project,Kenya,KEN,AFE,EAE,A,IPF,IDA,2017-07-26,2026-09-30,0,0,0,LMC,0,1,1,150.0,5.0106352940962555,2018,7.928815879534565,0,9.180013689253936
232,P160230,CSC_RES_BENE_ENAB_ECO_OPP,0,informative,0.64,0.3,34.0,1,economic_opportunity,Digital CASA - Kyrgyz Rep.,Kyrgyz Republic,KGZ,ECA,DDT,A,IPF,IDA,2018-03-20,2025-12-31,0,0,0,LMC,0,1,1,55.5,4.0163830207523885,2018,7.279945242984257,0,7.783709787816564
233,P160230,CSC_RES_GEN_EQU,0,informative,0.64,0.3,34.0,1,gender_equality,Digital CASA - Kyrgyz Rep.,Kyrgyz Republic,KGZ,ECA,DDT,A,IPF,IDA,2018-03-20,2025-12-31,0,0,0,LMC,0,1,1,55.5,4.0163830207523885,2018,7.279945242984257,0,7.783709787816564
234,P160245,CSC_RES_BENE_ENAB_ECO_OPP,0,informative,0.195,0.4,-20.5,1,economic_opportunity,TN: Irrigation Project,Tunisia,TUN,MENAAP,WAT,A,IPF,IBRD,2018-05-29,2026-06-30,0,0,0,LMC,0,1,0,140.0,4.941642422609304,2018,7.08829568788501,0,8.087611225188228
235,P160245,CSC_RES_GEN_EQU,0,informative,0.195,0.4,-20.5,1,gender_equality,TN: Irrigation Project,Tunisia,TUN,MENAAP,WAT,A,IPF,IBRD,2018-05-29,2026-06-30,0,0,0,LMC,0,1,0,140.0,4.941642422609304,2018,7.08829568788501,0,8.087611225188228
236,P160250,CSC_RES_WAT_SAN_HYG,1,fixed_share,,,,0,wash,Uganda Intergov Fiscal Transfers Program,Uganda,UGA,AFE,GOV,A,P4R,IDA,2017-06-27,2025-12-31,0,1,0,LIC,0,1,1,500.0,6.214608098422191,2017,8.008213552361397,0,8.511978097193703
237,P160488,CSC_RES_BENE_ENAB_ECO_OPP,0,no_progress,,,,0,economic_opportunity,Lake Victoria Transport Program - Rwanda,Rwanda,RWA,AFE,TDD,A,IPF,IDA,2017-05-25,2025-12-31,0,1,0,LIC,0,1,1,81.0,4.394449154672439,2017,8.098562628336756,0,8.602327173169062
238,P160488,CSC_RES_GEN_EQU,0,no_progress,,,,0,gender_equality,Lake Victoria Transport Program - Rwanda,Rwanda,RWA,AFE,TDD,A,IPF,IDA,2017-05-25,2025-12-31,0,1,0,LIC,0,1,1,81.0,4.394449154672439,2017,8.098562628336756,0,8.602327173169062
239,P160533,CSC_RES_GEN_EQU,0,informative,0.519,0.5,1.9000000000000017,1,gender_equality,Digital Malawi I,Malawi,MWI,AFE,DDT,C,IPF,IDA,2017-06-05,2024-10-31,0,1,0,LIC,0,0,1,72.4,4.282206299391671,2017,8.068446269678303,0,7.405886379192334
240,P160613,CSC_RES_BENE_ENAB_ECO_OPP,0,informative,0.76,0.5,26.0,1,economic_opportunity,Bur - Landscape Restoration & Resilience,Burundi,BDI,AFE,ENV,C,IPF,IDA,2018-04-11,2024-09-30,1,1,0,LIC,0,0,1,30.0,3.4011973816621555,2018,7.219712525667351,0,6.4722792607802875
241,P160613,CSC_RES_GEN_EQU,0,informative,0.76,0.5,26.0,1,gender_equality,Bur - Landscape Restoration & Resilience,Burundi,BDI,AFE,ENV,C,IPF,IDA,2018-04-11,2024-09-30,1,1,0,LIC,0,0,1,30.0,3.4011973816621555,2018,7.219712525667351,0,6.4722792607802875
242,P160642,CSC_RES_GEN_EQU,1,fixed_share,,,,0,gender_equality,Cote d'Ivoire Higher Education Project,Cote d'Ivoire,CIV,AFW,EDU,C,IPF,IDA,2019-03-22,2024-03-13,0,0,0,LMC,0,0,1,15.999042119999999,2.772528852947651,2019,6.275154004106776,0,4.97741273100616
243,P160665,CSC_RES_GEN_EQU,1,fixed_share,,,,0,gender_equality,Social Assistance Reform Program,Indonesia,IDN,EAP,SPL,C,P4R,IBRD,2017-05-09,2024-06-30,0,0,0,UMC,0,0,0,307.6,5.728800237631489,2017,8.14236824093087,0,7.143052703627652
244,P160672,CSC_RES_WAT_SAN_HYG,1,fixed_share,,,,0,wash,Lowlands Water Development Project - II,Lesotho,LSO,AFE,WAT,A,IPF,IDA,2019-05-17,2026-03-31,0,1,0,LMC,0,1,1,90.2,4.502029427068578,2019,6.121834360027378,0,6.872005475701574
245,P160696,CSC_RES_GEN_EQU,0,women_only,,,,0,gender_equality,Nepal jobs project,Nepal,NPL,SAR,SPL,C,IPF,IDA,2019-09-12,2025-07-15,0,1,0,LMC,0,0,1,116.44923312,4.757455410821332,2020,5.798767967145791,0,5.839835728952772
246,P160708,CSC_RES_BENE_ENAB_ECO_OPP,1,fixed_share,,,,0,economic_opportunity,Regional Off-Grid Electricity Access,Cabo Verde,CPV,AFW,EAE,A,IPF,IDA,2019-04-17,2030-12-31,0,0,1,UMC,0,1,1,155.160408,5.044459472112006,2019,6.203969883641341,0,11.707049965776864
247,P160708,CSC_RES_FIN_SERV,0,women_only,,,,0,financial_services,Regional Off-Grid Electricity Access,Cabo Verde,CPV,AFW,EAE,A,IPF,IDA,2019-04-17,2030-12-31,0,0,1,UMC,0,1,1,155.160408,5.044459472112006,2019,6.203969883641341,0,11.707049965776864
248,P160708,CSC_RES_GEN_EQU,0,women_only,,,,0,gender_equality,Regional Off-Grid Electricity Access,Cabo Verde,CPV,AFW,EAE,A,IPF,IDA,2019-04-17,2030-12-31,0,0,1,UMC,0,1,1,155.160408,5.044459472112006,2019,6.203969883641341,0,11.707049965776864
249,P160766,CSC_RES_BENE_ENAB_ECO_OPP,0,informative,0.41389432485322897,0.4,1.3894324853228945,1,economic_opportunity,Digital Tanzania,Tanzania,TZA,AFE,DDT,A,IPF,IDA,2021-05-27,2026-10-31,0,1,0,LMC,1,1,1,150.0,5.0106352940962555,2021,4.093086926762491,0,5.429158110882957
250,P160766,CSC_RES_GEN_EQU,0,informative,0.41389432485322897,0.4,1.3894324853228945,1,gender_equality,Digital Tanzania,Tanzania,TZA,AFE,DDT,A,IPF,IDA,2021-05-27,2026-10-31,0,1,0,LMC,1,1,1,150.0,5.0106352940962555,2021,4.093086926762491,0,5.429158110882957
251,P160806,CSC_RES_BENE_ENAB_ECO_OPP,1,fixed_share,,,,0,economic_opportunity,DRC SME Development and Growth Project,"Congo, Democratic Republic of",COD,AFE,FCI,C,IPF,IDA,2018-07-06,2024-06-28,1,1,0,LIC,0,0,1,100.0,4.605170185988092,2019,6.98425735797399,0,5.979466119096509
252,P160806,CSC_RES_GEN_EQU,0,women_only,,,,0,gender_equality,DRC SME Development and Growth Project,"Congo, Democratic Republic of",COD,AFE,FCI,C,IPF,IDA,2018-07-06,2024-06-28,1,1,0,LIC,0,0,1,100.0,4.605170185988092,2019,6.98425735797399,0,5.979466119096509
253,P160819,CSC_RES_BENE_ENAB_ECO_OPP,0,identical_share,,,,0,economic_opportunity,Cash Transfer Modernization Project,Bangladesh,BGD,SAR,SPL,C,IPF,IDA,2018-01-31,2025-09-30,0,1,0,LMC,0,0,1,600.0,6.396929655216146,2018,7.411362080766598,0,7.663244353182751
254,P160819,CSC_RES_FIN_SERV,0,informative,0.5888676613195769,0.3455475596024869,24.332010171709,1,financial_services,Cash Transfer Modernization Project,Bangladesh,BGD,SAR,SPL,C,IPF,IDA,2018-01-31,2025-09-30,0,1,0,LMC,0,0,1,600.0,6.396929655216146,2018,7.411362080766598,0,7.663244353182751
255,P160819,CSC_RES_GEN_EQU,0,women_only,,,,0,gender_equality,Cash Transfer Modernization Project,Bangladesh,BGD,SAR,SPL,C,IPF,IDA,2018-01-31,2025-09-30,0,1,0,LMC,0,0,1,600.0,6.396929655216146,2018,7.411362080766598,0,7.663244353182751
256,P160846,CSC_RES_GEN_EQU,1,fixed_share,,,,0,gender_equality,HSSP,Bangladesh,BGD,SAR,HNP,C,IPF,IDA,2017-07-28,2024-06-30,0,1,0,LMC,0,0,1,550.0,6.309918278226516,2018,7.923340177960301,0,6.924024640657084
257,P160865,CSC_RES_FIN_SERV,0,no_progress,,,,0,financial_services,LPRES,Nigeria,NGA,AFW,AGR,A,IPF,IDA,2022-03-18,2028-03-31,1,0,0,LMC,0,1,1,500.0,6.214608098422191,2022,3.2854209445585214,0,6.036960985626283
258,P160926,CSC_RES_GEN_EQU,0,women_only,,,,0,gender_equality,Education Reform Support Project,Cameroon,CMR,AFW,EDU,A,IPF,IDA,2018-05-01,2026-12-31,1,0,0,LMC,0,1,1,175.0,5.1647859739235145,2018,7.1649555099247095,0,8.668035592060233
259,P160945,CSC_RES_FIN_SERV,0,informative,0.498046875,0.25,24.8046875,1,financial_services,STAR-P,Liberia,LBR,AFW,AGR,C,IPF,IDA,2019-01-15,2025-06-30,0,1,0,LIC,0,0,1,25.0,3.2188758248682006,2019,6.455852156057495,0,6.455852156057495
260,P160948,CSC_RES_GEN_EQU,0,women_only,,,,0,gender_equality,Angola HSPSP,Angola,AGO,AFE,HNP,C,IPF,IBRD,2018-03-29,2025-03-31,0,1,0,LMC,0,0,0,110.0,4.700480365792417,2018,7.255304585900069,0,7.006160164271047
261,P161086,CSC_RES_BENE_ENAB_ECO_OPP,0,informative,0.2507974394187358,0.3,-4.920256058126421,1,economic_opportunity,BD EDGE Project,Bangladesh,BGD,SAR,DDT,A,IPF,IDA,2020-06-19,2026-06-30,0,1,0,LMC,0,1,1,123.52433569,4.816438186777664,2020,5.02943189596167,0,6.028747433264887
262,P161086,CSC_RES_GEN_EQU,1,fixed_share,,,,0,gender_equality,BD EDGE Project,Bangladesh,BGD,SAR,DDT,A,IPF,IDA,2020-06-19,2026-06-30,0,1,0,LMC,0,1,1,123.52433569,4.816438186777664,2020,5.02943189596167,0,6.028747433264887
263,P161163,CSC_RES_GEN_EQU,0,no_progress,,,,0,gender_equality,REDISSE III,Benin,BEN,AFW,HNP,C,IPF,IDA,2018-05-07,2024-06-30,0,1,0,LMC,0,0,1,126.0,4.836281906951478,2018,7.148528405201916,0,6.1492128678987
264,P161227,CSC_RES_WAT_SAN_HYG,0,informative,0.9587359738507607,0.5,45.87359738507607,1,wash,Bangladesh Municipal WATSAN Project,Bangladesh,BGD,SAR,WAT,A,IPF,IDA,2019-07-11,2025-12-31,0,1,0,LMC,0,1,1,79.803926,4.379572701240569,2020,5.971252566735113,0,6.4750171115674195
265,P161246,CSC_RES_BENE_ENAB_ECO_OPP,0,women_only,,,,0,economic_opportunity,Livestock Development Project,Bangladesh,BGD,SAR,AGR,A,IPF,IDA,2018-12-06,2026-03-31,0,1,0,LMC,0,1,1,500.0,6.214608098422191,2019,6.565366187542779,0,7.315537303216975
266,P161246,CSC_RES_GEN_EQU,0,women_only,,,,0,gender_equality,Livestock Development Project,Bangladesh,BGD,SAR,AGR,A,IPF,IDA,2018-12-06,2026-03-31,0,1,0,LMC,0,1,1,500.0,6.214608098422191,2019,6.565366187542779,0,7.315537303216975
267,P161283,CSC_RES_GEN_EQU,1,fixed_share,,,,0,gender_equality,Grassroots Health Service Delivery,Viet Nam,VNM,EAP,HNP,C,IPF,IDA,2019-06-19,2024-12-31,0,0,0,LMC,0,0,1,69.01671194,4.234348677300068,2019,6.031485284052019,0,5.535934291581109
268,P161283,CSC_RES_HEA_SERV,0,informative,0.3318701832394558,0.5092631578947369,-17.739297465528107,1,health,Grassroots Health Service Delivery,Viet Nam,VNM,EAP,HNP,C,IPF,IDA,2019-06-19,2024-12-31,0,0,0,LMC,0,0,1,69.01671194,4.234348677300068,2019,6.031485284052019,0,5.535934291581109
269,P161316,CSC_RES_BENE_ENAB_ECO_OPP,0,women_only,,,,0,economic_opportunity,LC Renewable Energy Sector Development,St. Lucia,LCA,LCR,EAE,A,IPF,IDA,2021-07-28,2028-06-15,0,0,1,UMC,0,1,1,12.33,2.512035317176253,2022,3.923340177960301,0,6.882956878850103
270,P161316,CSC_RES_GEN_EQU,0,women_only,,,,0,gender_equality,LC Renewable Energy Sector Development,St. Lucia,LCA,LCR,EAE,A,IPF,IDA,2021-07-28,2028-06-15,0,0,1,UMC,0,1,1,12.33,2.512035317176253,2022,3.923340177960301,0,6.882956878850103
271,P161320,CSC_RES_BENE_ENAB_ECO_OPP,0,women_only,,,,0,economic_opportunity,CAUSE,Solomon Islands,SLB,EAP,SOC,C,IPF,IDA,2018-04-02,2024-10-31,1,1,1,LMC,0,0,1,14.99935251,2.7080070341705316,2018,7.24435318275154,0,6.581793292265571
272,P161320,CSC_RES_FIN_SERV,0,informative,0.43409929980903883,0.5,-6.5900700190961174,1,financial_services,CAUSE,Solomon Islands,SLB,EAP,SOC,C,IPF,IDA,2018-04-02,2024-10-31,1,1,1,LMC,0,0,1,14.99935251,2.7080070341705316,2018,7.24435318275154,0,6.581793292265571
273,P161320,CSC_RES_GEN_EQU,0,women_only,,,,0,gender_equality,CAUSE,Solomon Islands,SLB,EAP,SOC,C,IPF,IDA,2018-04-02,2024-10-31,1,1,1,LMC,0,0,1,14.99935251,2.7080070341705316,2018,7.24435318275154,0,6.581793292265571
274,P161364,CSC_RES_FIN_SERV,0,women_only,,,,0,financial_services,Nigeria for Women,Nigeria,NGA,AFW,SOC,C,IPF,IDA,2018-06-27,2024-06-30,1,0,0,LMC,0,0,1,100.0,4.605170185988092,2018,7.008898015058179,0,6.009582477754963
275,P161386,CSC_RES_GEN_EQU,0,no_progress,,,,0,gender_equality,HEDP,Pakistan,PAK,MENAAP,EDU,C,IPF,IDA,2019-05-31,2025-10-31,0,0,0,LMC,0,0,1,400.0,5.991464547107982,2019,6.083504449007529,0,6.420260095824777
276,P161392,CSC_RES_BENE_ENAB_ECO_OPP,0,women_only,,,,0,economic_opportunity,Malawi Resilience and DRM Project,Malawi,MWI,AFE,URS,C,IPF,IDA,2016-11-08,2025-01-31,0,1,0,LIC,0,0,1,184.0,5.214935757608986,2017,8.640657084188911,0,8.229979466119097
277,P161392,CSC_RES_GEN_EQU,0,women_only,,,,0,gender_equality,Malawi Resilience and DRM Project,Malawi,MWI,AFE,URS,C,IPF,IDA,2016-11-08,2025-01-31,0,1,0,LIC,0,0,1,184.0,5.214935757608986,2017,8.640657084188911,0,8.229979466119097
278,P161392,CSC_RES_WAT_SAN_HYG,1,fixed_share,,,,0,wash,Malawi Resilience and DRM Project,Malawi,MWI,AFE,URS,C,IPF,IDA,2016-11-08,2025-01-31,0,1,0,LIC,0,0,1,184.0,5.214935757608986,2017,8.640657084188911,0,8.229979466119097
279,P161432,CSC_RES_WAT_SAN_HYG,0,no_progress,,,,0,wash,Dhaka Sanitation Improvement Project,Bangladesh,BGD,SAR,WAT,A,IPF,IDA,2020-03-20,2027-04-30,0,1,0,LMC,0,1,1,170.0,5.135798437050262,2020,5.278576317590692,0,7.110198494182067
280,P161432,CSC_RES_WAT_SAN_SAFE,0,no_progress,,,,0,wash,Dhaka Sanitation Improvement Project,Bangladesh,BGD,SAR,WAT,A,IPF,IDA,2020-03-20,2027-04-30,0,1,0,LMC,0,1,1,170.0,5.135798437050262,2020,5.278576317590692,0,7.110198494182067
281,P161473,CSC_RES_BENE_ENAB_ECO_OPP,0,women_only,,,,0,economic_opportunity,Agriculture Competitiveness,Lao People's Democratic Republic,LAO,EAP,AGR,C,IPF,IDA,2018-04-26,2025-03-31,0,1,0,LMC,0,0,1,25.0,3.2188758248682006,2018,7.17864476386037,0,6.929500342231348
282,P161473,CSC_RES_GEN_EQU,0,women_only,,,,0,gender_equality,Agriculture Competitiveness,Lao People's Democratic Republic,LAO,EAP,AGR,C,IPF,IDA,2018-04-26,2025-03-31,0,1,0,LMC,0,0,1,25.0,3.2188758248682006,2018,7.17864476386037,0,6.929500342231348
283,P161540,CSC_RES_GEN_EQU,1,fixed_share,,,,0,gender_equality,MICRO,Tuvalu,TUV,EAP,TDD,C,IPF,IDA,2018-12-18,2025-01-31,1,1,1,UMC,1,0,1,9.3901695,2.239663344175463,2019,6.532511978097194,0,6.121834360027378
284,P161541,CSC_RES_FIN_SERV,0,identical_share,,,,0,financial_services,SET,Tonga,TON,EAP,SPL,C,IPF,IDA,2018-08-28,2024-12-31,0,0,1,UMC,0,0,1,18.504408559999998,2.918009004235756,2019,6.839151266255989,0,6.3436002737850785
285,P161568,CSC_RES_BENE_ENAB_ECO_OPP,0,women_only,,,,0,economic_opportunity,Sustainable Coastal and Marine Fisheries,Bangladesh,BGD,SAR,ENV,A,IPF,IDA,2018-10-05,2025-11-28,0,1,0,LMC,0,1,1,170.46731911,5.138543601577037,2019,6.7351129363449695,0,7.148528405201916
286,P161568,CSC_RES_GEN_EQU,0,women_only,,,,0,gender_equality,Sustainable Coastal and Marine Fisheries,Bangladesh,BGD,SAR,ENV,A,IPF,IDA,2018-10-05,2025-11-28,0,1,0,LMC,0,1,1,170.46731911,5.138543601577037,2019,6.7351129363449695,0,7.148528405201916
287,P161591,CSC_RES_BENE_ENAB_ECO_OPP,1,fixed_share,,,,0,economic_opportunity,PACAD,Central African Republic,CAF,AFW,SPL,C,IPF,IDA,2017-05-16,2024-06-30,1,1,0,LIC,0,0,1,43.975245969999996,3.7836268840133225,2017,8.123203285420944,0,7.123887748117728
288,P161591,CSC_RES_GEN_EQU,1,fixed_share,,,,0,gender_equality,PACAD,Central African Republic,CAF,AFW,SPL,C,IPF,IDA,2017-05-16,2024-06-30,1,1,0,LIC,0,0,1,43.975245969999996,3.7836268840133225,2017,8.123203285420944,0,7.123887748117728
289,P161658,CSC_RES_FIN_SERV,0,identical_share,,,,0,financial_services,WAEMU Affordable Housing Finance,Western and Central Africa,,AFW,FCI,C,IPF,IDA,2017-09-28,2024-06-30,0,0,0,Unknown,0,0,1,147.7261698,4.995360355968366,2018,7.753593429158111,0,6.754277891854894
290,P161770,CSC_RES_GEN_EQU,0,women_only,,,,0,gender_equality,Multisectoral Nutrition and Child Dev.,Cote d'Ivoire,CIV,AFW,HNP,C,IPF,IDA,2018-01-19,2024-03-29,0,0,0,LMC,0,0,1,50.0,3.912023005428146,2018,7.444216290212183,0,6.190280629705681
291,P161770,CSC_RES_WAT_SAN_HYG,1,fixed_share,,,,0,wash,Multisectoral Nutrition and Child Dev.,Cote d'Ivoire,CIV,AFW,HNP,C,IPF,IDA,2018-01-19,2024-03-29,0,0,0,LMC,0,0,1,50.0,3.912023005428146,2018,7.444216290212183,0,6.190280629705681
292,P161772,CSC_RES_WAT_SAN_HYG,0,informative,0.5240958124845417,0.45,7.409581248454172,1,wash,Togo - PIDU,Togo,TGO,AFW,URS,C,IPF,IDA,2018-07-17,2024-06-30,0,1,0,LIC,0,0,1,30.0,3.4011973816621555,2019,6.954140999315538,0,5.95482546201232
293,P161777,CSC_RES_WAT_SAN_HYG,0,identical_share,,,,0,wash,Mozambique Urban Sanitation Project,Mozambique,MOZ,AFE,WAT,A,IPF,IDA,2019-05-22,2025-12-31,1,1,0,LIC,0,1,1,165.0,5.10594547390058,2019,6.108145106091718,0,6.611909650924025
294,P161777,CSC_RES_WAT_SAN_SAFE,0,identical_share,,,,0,wash,Mozambique Urban Sanitation Project,Mozambique,MOZ,AFE,WAT,A,IPF,IDA,2019-05-22,2025-12-31,1,1,0,LIC,0,1,1,165.0,5.10594547390058,2019,6.108145106091718,0,6.611909650924025
295,P161787,CSC_RES_BENE_ENAB_ECO_OPP,0,women_only,,,,0,economic_opportunity,Ghana Financial Sector Development,Ghana,GHA,AFW,FCI,C,IPF,IDA,2018-09-20,2024-06-30,0,0,0,LMC,0,0,1,26.401494070000002,3.2734206021115213,2019,6.776180698151951,0,5.776865160848733
296,P161787,CSC_RES_GEN_EQU,0,women_only,,,,0,gender_equality,Ghana Financial Sector Development,Ghana,GHA,AFW,FCI,C,IPF,IDA,2018-09-20,2024-06-30,0,0,0,LMC,0,0,1,26.401494070000002,3.2734206021115213,2019,6.776180698151951,0,5.776865160848733
297,P161869,CSC_RES_BENE_ENAB_ECO_OPP,1,fixed_share,,,,0,economic_opportunity,BD: Scaling-up Renewable Energy,Bangladesh,BGD,SAR,EAE,C,IPF,IDA,2019-03-01,2025-07-31,0,1,0,LMC,0,0,1,149.85999999,5.009701524869436,2019,6.33264887063655,0,6.417522245037645
298,P161869,CSC_RES_GEN_EQU,0,identical_share,,,,0,gender_equality,BD: Scaling-up Renewable Energy,Bangladesh,BGD,SAR,EAE,C,IPF,IDA,2019-03-01,2025-07-31,0,1,0,LMC,0,0,1,149.85999999,5.009701524869436,2019,6.33264887063655,0,6.417522245037645
299,P161877,CSC_RES_BENE_ENAB_ECO_OPP,0,no_progress,,,,0,economic_opportunity,DRC PACT,"Congo, Democratic Republic of",COD,AFE,TDD,A,IPF,IDA,2022-06-23,2027-06-30,1,1,0,LIC,1,1,1,500.0,6.214608098422191,2022,3.0198494182067077,0,5.018480492813142
300,P161877,CSC_RES_GEN_EQU,0,no_progress,,,,0,gender_equality,DRC PACT,"Congo, Democratic Republic of",COD,AFE,TDD,A,IPF,IDA,2022-06-23,2027-06-30,1,1,0,LIC,1,1,1,500.0,6.214608098422191,2022,3.0198494182067077,0,5.018480492813142
301,P161885,CSC_RES_BENE_ENAB_ECO_OPP,1,fixed_share,,,,0,economic_opportunity,Nigeria Electrification Project,Nigeria,NGA,AFW,EAE,C,IPF,IDA,2018-06-27,2024-12-31,1,0,0,LMC,0,0,1,350.0,5.857933154483459,2018,7.008898015058179,0,6.513347022587269
302,P161885,CSC_RES_GEN_EQU,0,women_only,,,,0,gender_equality,Nigeria Electrification Project,Nigeria,NGA,AFW,EAE,C,IPF,IDA,2018-06-27,2024-12-31,1,0,0,LMC,0,0,1,350.0,5.857933154483459,2018,7.008898015058179,0,6.513347022587269
303,P161905,CSC_RES_BENE_ENAB_ECO_OPP,0,women_only,,,,0,economic_opportunity,JO: Innovative Startups Fund (ISF),Jordan,JOR,MENAAP,FCI,C,IPF,IBRD,2017-06-23,2025-06-30,0,0,0,LMC,0,0,0,50.0,3.912023005428146,2017,8.019164955509925,0,8.019164955509925
304,P161905,CSC_RES_FIN_SERV,0,informative,0.2246376811594203,0.25333333333333335,-2.8695652173913064,1,financial_services,JO: Innovative Startups Fund (ISF),Jordan,JOR,MENAAP,FCI,C,IPF,IBRD,2017-06-23,2025-06-30,0,0,0,LMC,0,0,0,50.0,3.912023005428146,2017,8.019164955509925,0,8.019164955509925
305,P161905,CSC_RES_GEN_EQU,0,women_only,,,,0,gender_equality,JO: Innovative Startups Fund (ISF),Jordan,JOR,MENAAP,FCI,C,IPF,IBRD,2017-06-23,2025-06-30,0,0,0,LMC,0,0,0,50.0,3.912023005428146,2017,8.019164955509925,0,8.019164955509925
306,P161915,CSC_RES_WAT_SAN_HYG,0,identical_share,,,,0,wash,Sustainable Cities Project 2,Türkiye,TUR,ECA,URS,A,IPF,IBRD,2018-04-12,2026-05-29,0,0,0,UMC,0,1,0,652.14,6.48025926280315,2018,7.216974674880219,0,8.128678986995208
307,P161928,CSC_RES_BENE_ENAB_ECO_OPP,1,fixed_share,,,,0,economic_opportunity,Operation for Supporting Rural Bridges,Bangladesh,BGD,SAR,TDD,A,P4R,IDA,2018-10-25,2025-12-29,0,1,0,LMC,0,1,1,340.39364181999997,5.830102717970131,2019,6.680355920602327,0,7.17864476386037
308,P161928,CSC_RES_GEN_EQU,0,identical_share,,,,0,gender_equality,Operation for Supporting Rural Bridges,Bangladesh,BGD,SAR,TDD,A,P4R,IDA,2018-10-25,2025-12-29,0,1,0,LMC,0,1,1,340.39364181999997,5.830102717970131,2019,6.680355920602327,0,7.17864476386037
309,P161969,CSC_RES_GEN_EQU,0,no_progress,,,,0,gender_equality,FSM PFM improvement,"Micronesia, Federated States of",FSM,EAP,GOV,C,IPF,IDA,2018-05-30,2025-08-25,1,0,1,LMC,0,0,1,16.0,2.772588722239781,2018,7.085557837097878,0,7.238877481177276
310,P161973,CSC_RES_BENE_ENAB_ECO_OPP,0,no_progress,,,,0,economic_opportunity,Mining and forest governance in CAR,Central African Republic,CAF,AFW,ENV,A,IPF,IDA,2018-03-12,2025-12-30,1,1,0,LIC,0,1,1,8.40848749,2.1292416111993386,2018,7.301848049281314,0,7.8028747433264884
311,P161973,CSC_RES_GEN_EQU,0,no_progress,,,,0,gender_equality,Mining and forest governance in CAR,Central African Republic,CAF,AFW,ENV,A,IPF,IDA,2018-03-12,2025-12-30,1,1,0,LIC,0,1,1,8.40848749,2.1292416111993386,2018,7.301848049281314,0,7.8028747433264884
312,P162042,CSC_RES_GEN_EQU,1,fixed_share,,,,0,gender_equality,Investing in RMNCAH- GFF,Senegal,SEN,AFW,HNP,A,IPF,IDA,2019-09-26,2025-12-31,0,1,0,LMC,0,1,1,120.00000055,4.7874917473653795,2020,5.760438056125941,0,6.264202600958248
313,P162042,CSC_RES_HEA_SERV,0,informative,0.33972925739416016,0.41836037166334256,-7.86311142691824,1,health,Investing in RMNCAH- GFF,Senegal,SEN,AFW,HNP,A,IPF,IDA,2019-09-26,2025-12-31,0,1,0,LMC,0,1,1,120.00000055,4.7874917473653795,2020,5.760438056125941,0,6.264202600958248
314,P162069,CSC_RES_GEN_EQU,1,fixed_share,,,,0,gender_equality,Nigeria Nutrition Improvement Project,Nigeria,NGA,AFW,HNP,C,IPF,IDA,2018-06-27,2024-12-31,1,0,0,LMC,0,0,1,143.20000049,4.964242257948333,2018,7.008898015058179,0,6.513347022587269
315,P162095,CSC_RES_FIN_SERV,0,identical_share,,,,0,financial_services,Pakistan Housing Finance,Pakistan,PAK,MENAAP,FCI,A,IPF,IDA,2018-03-29,2026-06-30,0,0,0,LMC,0,1,1,199.61102480000002,5.2963705968209345,2018,7.255304585900069,0,8.254620123203285
316,P162129,CSC_RES_BENE_ENAB_ECO_OPP,1,fixed_share,,,,0,economic_opportunity,STP: Institutional Capacity,Sao Tome and Principe,STP,AFE,FCI,C,IPF,IDA,2018-05-18,2025-06-30,1,0,1,LMC,0,0,1,19.0,2.9444389791664403,2018,7.1184120465434635,0,7.1184120465434635
317,P162129,CSC_RES_GEN_EQU,0,informative,0.16999999999999998,0.35,-18.0,1,gender_equality,STP: Institutional Capacity,Sao Tome and Principe,STP,AFE,FCI,C,IPF,IDA,2018-05-18,2025-06-30,1,0,1,LMC,0,0,1,19.0,2.9444389791664403,2018,7.1184120465434635,0,7.1184120465434635
318,P162178,CSC_RES_BENE_ENAB_ECO_OPP,0,no_progress,,,,0,economic_opportunity,China Food Safety Improvement Project,China,CHN,EAP,AGR,A,IPF,IBRD,2021-03-25,2029-03-31,0,0,0,UMC,0,1,0,377.641,5.933944008885383,2021,4.265571526351814,0,8.016427104722792
319,P162178,CSC_RES_FIN_SERV,0,no_progress,,,,0,financial_services,China Food Safety Improvement Project,China,CHN,EAP,AGR,A,IPF,IBRD,2021-03-25,2029-03-31,0,0,0,UMC,0,1,0,377.641,5.933944008885383,2021,4.265571526351814,0,8.016427104722792
320,P162178,CSC_RES_FIN_SERV_WOM_CUS,1,fixed_share,,,,0,financial_services,China Food Safety Improvement Project,China,CHN,EAP,AGR,A,IPF,IBRD,2021-03-25,2029-03-31,0,0,0,UMC,0,1,0,377.641,5.933944008885383,2021,4.265571526351814,0,8.016427104722792
321,P162178,CSC_RES_GEN_EQU,1,fixed_share,,,,0,gender_equality,China Food Safety Improvement Project,China,CHN,EAP,AGR,A,IPF,IBRD,2021-03-25,2029-03-31,0,0,0,UMC,0,1,0,377.641,5.933944008885383,2021,4.265571526351814,0,8.016427104722792
322,P162263,CSC_RES_WAT_SAN_HYG,0,no_progress,,,,0,wash,Water Services and Institutional Support,Uzbekistan,UZB,ECA,WAT,A,IPF,IDA,2020-03-12,2027-06-30,0,0,0,LMC,0,1,1,239.0,5.476463551931511,2020,5.300479123887748,0,7.299110198494182
323,P162316,CSC_RES_BENE_ENAB_ECO_OPP,0,no_progress,,,,0,economic_opportunity,GIRSAR,Argentina,ARG,LCR,AGR,A,IPF,IBRD,2018-05-24,2025-12-31,0,0,0,UMC,0,1,0,120.0,4.787491742782046,2018,7.101984941820671,0,7.605749486652978
324,P162316,CSC_RES_GEN_EQU,0,no_progress,,,,0,gender_equality,GIRSAR,Argentina,ARG,LCR,AGR,A,IPF,IBRD,2018-05-24,2025-12-31,0,0,0,UMC,0,1,0,120.0,4.787491742782046,2018,7.101984941820671,0,7.605749486652978
325,P162349,CSC_RES_BENE_ENAB_ECO_OPP,0,informative,0.17613636363636365,0.42274956315878476,-24.66131995224211,1,economic_opportunity,Guizhou Aged Care System Develop Program,China,CHN,EAP,SPL,A,P4R,IBRD,2019-03-21,2026-10-31,0,0,0,UMC,0,1,0,296.37226039,5.691616300614461,2019,6.277891854893908,0,7.613963039014374
326,P162349,CSC_RES_GEN_EQU,0,informative,0.17613636363636365,0.42274956315878476,-24.66131995224211,1,gender_equality,Guizhou Aged Care System Develop Program,China,CHN,EAP,SPL,A,P4R,IBRD,2019-03-21,2026-10-31,0,0,0,UMC,0,1,0,296.37226039,5.691616300614461,2019,6.277891854893908,0,7.613963039014374
327,P162407,CSC_RES_GEN_EQU,1,fixed_share,,,,0,gender_equality,JO: Education Reform Support Program,Jordan,JOR,MENAAP,EDU,A,P4R,IBRD,2017-12-05,2026-05-31,0,0,0,LMC,0,1,0,229.1,5.43415858945945,2018,7.567419575633128,0,8.484599589322382
328,P162565,CSC_RES_GEN_EQU,1,fixed_share,,,,0,gender_equality,Reducing Rural Poverty & Malnutrition,Lao People's Democratic Republic,LAO,EAP,SPL,C,IPF,IDA,2019-03-14,2024-08-31,0,1,0,LMC,0,0,1,23.79239647,3.169366053583664,2019,6.297056810403833,0,5.467488021902806
329,P162580,CSC_RES_BENE_ENAB_ECO_OPP,0,women_only,,,,0,economic_opportunity,Solar SOP SSA,Western and Central Africa,,AFW,EAE,C,IPF,IDA,2018-07-06,2024-06-30,0,0,0,Unknown,0,0,1,21.0,3.044522437723423,2019,6.98425735797399,0,5.984941820670773
330,P162580,CSC_RES_GEN_EQU,0,women_only,,,,0,gender_equality,Solar SOP SSA,Western and Central Africa,,AFW,EAE,C,IPF,IDA,2018-07-06,2024-06-30,0,0,0,Unknown,0,0,1,21.0,3.044522437723423,2019,6.98425735797399,0,5.984941820670773
331,P162599,CSC_RES_BENE_ENAB_ECO_OPP,0,women_only,,,,0,economic_opportunity,Digital Rural Transformation Project,Benin,BEN,AFW,DDT,C,IPF,IDA,2019-07-01,2025-06-30,0,1,0,LMC,0,0,1,39.99379022,3.6887241975622618,2020,5.9986310746064335,0,5.9986310746064335
332,P162599,CSC_RES_GEN_EQU,0,women_only,,,,0,gender_equality,Digital Rural Transformation Project,Benin,BEN,AFW,DDT,C,IPF,IDA,2019-07-01,2025-06-30,0,1,0,LMC,0,0,1,39.99379022,3.6887241975622618,2020,5.9986310746064335,0,5.9986310746064335
333,P162637,CSC_RES_WAT_SAN_HYG,1,fixed_share,,,,0,wash,RWSSP,Tajikistan,TJK,ECA,WAT,A,IPF,IDA,2019-02-28,2026-12-31,0,0,0,LMC,0,1,1,58.0,4.060443010546419,2019,6.335386721423682,0,7.838466803559206
334,P162675,CSC_RES_HEA_SERV,1,fixed_share,,,,0,health,Cambodia Nutrition Project,Cambodia,KHM,EAP,HNP,A,IPF,IDA,2019-04-04,2026-06-30,0,1,0,LMC,0,1,1,15.0,2.70805020110221,2019,6.239561943874059,0,7.238877481177276
335,P162760,CSC_RES_BENE_ENAB_ECO_OPP,0,women_only,,,,0,economic_opportunity,Electricity Service Access Project,Zambia,ZMB,AFE,EAE,C,IPF,IDA,2017-06-27,2024-06-30,0,1,0,LMC,0,0,1,26.5,3.2771447329921766,2017,8.008213552361397,0,7.008898015058179
336,P162760,CSC_RES_GEN_EQU,0,women_only,,,,0,gender_equality,Electricity Service Access Project,Zambia,ZMB,AFE,EAE,C,IPF,IDA,2017-06-27,2024-06-30,0,1,0,LMC,0,0,1,26.5,3.2771447329921766,2017,8.008213552361397,0,7.008898015058179
337,P162835,CSC_RES_BENE_ENAB_ECO_OPP,0,women_only,,,,0,economic_opportunity,EG: Entrepreneurship for Jobs,"Egypt, Arab Republic of",EGY,MENAAP,FCI,A,IPF,IBRD,2019-04-17,2026-12-31,0,0,0,LMC,0,1,0,200.0,5.298317366548036,2019,6.203969883641341,0,7.707049965776865
338,P162835,CSC_RES_FIN_SERV,0,informative,0.44,0.3,14.000000000000002,1,financial_services,EG: Entrepreneurship for Jobs,"Egypt, Arab Republic of",EGY,MENAAP,FCI,A,IPF,IBRD,2019-04-17,2026-12-31,0,0,0,LMC,0,1,0,200.0,5.298317366548036,2019,6.203969883641341,0,7.707049965776865
339,P162835,CSC_RES_GEN_EQU,0,women_only,,,,0,gender_equality,EG: Entrepreneurship for Jobs,"Egypt, Arab Republic of",EGY,MENAAP,FCI,A,IPF,IBRD,2019-04-17,2026-12-31,0,0,0,LMC,0,1,0,200.0,5.298317366548036,2019,6.203969883641341,0,7.707049965776865
340,P162901,CSC_RES_WAT_SAN_HYG,0,identical_share,,,,0,wash,DJ: Djibouti Integrated Slum Upgrading,Djibouti,DJI,MENAAP,URS,A,IPF,IDA,2018-11-09,2025-12-31,0,1,0,LMC,0,1,1,50.0,3.912023005428146,2019,6.639288158795345,0,7.143052703627652
341,P162916,CSC_RES_BENE_ENAB_ECO_OPP,1,fixed_share,,,,0,economic_opportunity,Mauritania Youth Employability Project,Mauritania,MRT,AFW,SPL,A,IPF,IDA,2021-06-18,2026-06-30,0,1,0,LMC,1,1,1,55.0,4.007333185232471,2021,4.032854209445585,0,5.032169746748802
342,P162916,CSC_RES_GEN_EQU,0,women_only,,,,0,gender_equality,Mauritania Youth Employability Project,Mauritania,MRT,AFW,SPL,A,IPF,IDA,2021-06-18,2026-06-30,0,1,0,LMC,1,1,1,55.0,4.007333185232471,2021,4.032854209445585,0,5.032169746748802
343,P162929,CSC_RES_BENE_ENAB_ECO_OPP,0,no_progress,,,,0,economic_opportunity,MSCIUDP,Uzbekistan,UZB,ECA,URS,A,IPF,IBRD,2018-12-18,2027-12-31,0,0,0,LMC,0,1,0,200.0,5.298317366548036,2019,6.532511978097194,0,9.034907597535934
344,P162929,CSC_RES_GEN_EQU,0,no_progress,,,,0,gender_equality,MSCIUDP,Uzbekistan,UZB,ECA,URS,A,IPF,IBRD,2018-12-18,2027-12-31,0,0,0,LMC,0,1,0,200.0,5.298317366548036,2019,6.532511978097194,0,9.034907597535934
345,P162929,CSC_RES_WAT_SAN_HYG,0,no_progress,,,,0,wash,MSCIUDP,Uzbekistan,UZB,ECA,URS,A,IPF,IBRD,2018-12-18,2027-12-31,0,0,0,LMC,0,1,0,200.0,5.298317366548036,2019,6.532511978097194,0,9.034907597535934
346,P162957,CSC_RES_WAT_SAN_HYG,0,no_progress,,,,0,wash,TN: Sanitation PPP Support Project,Tunisia,TUN,MENAAP,WAT,A,IPF,IBRD,2022-12-19,2033-06-30,0,0,0,LMC,0,1,0,112.8,4.725616339063959,2023,2.529774127310062,0,10.529774127310061
347,P162971,CSC_RES_GEN_EQU,0,women_only,,,,0,gender_equality,Cambodia HEIP,Cambodia,KHM,EAP,EDU,A,IPF,IDA,2018-04-26,2025-12-30,0,1,0,LMC,0,1,1,90.0,4.499809670330265,2018,7.17864476386037,0,7.6796714579055445
348,P163088,CSC_RES_BENE_ENAB_ECO_OPP,0,no_progress,,,,0,economic_opportunity,Social Protection and Skills Development,Sao Tome and Principe,STP,AFE,EDU,C,IPF,IDA,2018-09-27,2024-12-31,1,0,1,LMC,0,0,1,18.0,2.8903717578961645,2019,6.757015742642026,0,6.261464750171116
349,P163088,CSC_RES_GEN_EQU,0,informative,0.8067702936096719,0.1485148514851485,65.82554421245234,1,gender_equality,Social Protection and Skills Development,Sao Tome and Principe,STP,AFE,EDU,C,IPF,IDA,2018-09-27,2024-12-31,1,0,1,LMC,0,0,1,18.0,2.8903717578961645,2019,6.757015742642026,0,6.261464750171116
350,P163108,CSC_RES_BENE_ENAB_ECO_OPP,0,women_only,,,,0,economic_opportunity,IQ: Social Fund for Development,Iraq,IRQ,MENAAP,SPL,A,IPF,IBRD,2018-02-06,2026-12-31,1,0,0,UMC,0,1,0,168.0,5.123963979403259,2018,7.394934976043806,0,8.898015058179329
351,P163108,CSC_RES_GEN_EQU,0,women_only,,,,0,gender_equality,IQ: Social Fund for Development,Iraq,IRQ,MENAAP,SPL,A,IPF,IBRD,2018-02-06,2026-12-31,1,0,0,UMC,0,1,0,168.0,5.123963979403259,2018,7.394934976043806,0,8.898015058179329
352,P163108,CSC_RES_WAT_SAN_HYG,0,identical_share,,,,0,wash,IQ: Social Fund for Development,Iraq,IRQ,MENAAP,SPL,A,IPF,IBRD,2018-02-06,2026-12-31,1,0,0,UMC,0,1,0,168.0,5.123963979403259,2018,7.394934976043806,0,8.898015058179329
353,P163115,CSC_RES_GEN_EQU,0,women_only,,,,0,gender_equality,Northwestern Road Development Corridor,Argentina,ARG,LCR,TDD,C,IPF,IBRD,2017-12-14,2024-11-30,0,0,0,UMC,0,0,0,89.75,4.497028027368389,2018,7.542778918548939,0,6.962354551676934
354,P163140,CSC_RES_GEN_EQU,0,women_only,,,,0,gender_equality,Guinea Health Project,Guinea,GIN,AFW,HNP,C,IPF,IDA,2018-04-25,2024-06-30,0,1,0,LMC,0,0,1,45.0,3.8066624897703196,2018,7.181382614647502,0,6.182067077344285
355,P163260,CSC_RES_BENE_ENAB_ECO_OPP,0,no_progress,,,,0,economic_opportunity,DR Resilient Agri & Water management MST,Dominican Republic,DOM,LCR,AGR,A,IPF,IBRD,2018-12-13,2026-10-02,0,0,1,UMC,0,1,0,80.0,4.382026634673881,2019,6.546201232032854,0,7.8028747433264884
356,P163260,CSC_RES_GEN_EQU,0,no_progress,,,,0,gender_equality,DR Resilient Agri & Water management MST,Dominican Republic,DOM,LCR,AGR,A,IPF,IBRD,2018-12-13,2026-10-02,0,0,1,UMC,0,1,0,80.0,4.382026634673881,2019,6.546201232032854,0,7.8028747433264884
357,P163260,CSC_RES_WAT_SAN_HYG,0,no_progress,,,,0,wash,DR Resilient Agri & Water management MST,Dominican Republic,DOM,LCR,AGR,A,IPF,IBRD,2018-12-13,2026-10-02,0,0,1,UMC,0,1,0,80.0,4.382026634673881,2019,6.546201232032854,0,7.8028747433264884
358,P163264,CSC_RES_BENE_ENAB_ECO_OPP,1,fixed_share,,,,0,economic_opportunity,CASDP,Cambodia,KHM,EAP,AGR,A,IPF,IDA,2019-01-31,2026-07-31,0,1,0,LMC,0,1,1,91.67,4.518195171973685,2019,6.412046543463381,0,7.496235455167693
359,P163264,CSC_RES_FIN_SERV,0,informative,1.0011687021562554,0.9903536977491961,1.0815004407059292,1,financial_services,CASDP,Cambodia,KHM,EAP,AGR,A,IPF,IDA,2019-01-31,2026-07-31,0,1,0,LMC,0,1,1,91.67,4.518195171973685,2019,6.412046543463381,0,7.496235455167693
360,P163264,CSC_RES_GEN_EQU,0,women_only,,,,0,gender_equality,CASDP,Cambodia,KHM,EAP,AGR,A,IPF,IDA,2019-01-31,2026-07-31,0,1,0,LMC,0,1,1,91.67,4.518195171973685,2019,6.412046543463381,0,7.496235455167693
361,P163345,CSC_RES_HEA_SERV,1,fixed_share,,,,0,health,Supporting EUHC in Argentina,Argentina,ARG,LCR,HNP,C,IPF,IBRD,2018-05-18,2025-04-30,0,0,0,UMC,0,0,0,550.0,6.309918278226516,2018,7.1184120465434635,0,6.951403148528406
362,P163383,CSC_RES_BENE_ENAB_ECO_OPP,0,women_only,,,,0,economic_opportunity,ET-Resilient Landscapes,Ethiopia,ETH,AFE,ENV,C,IPF,IDA,2018-07-30,2024-07-07,1,1,0,Unknown,0,0,1,100.0,4.605170185988092,2019,6.91854893908282,0,5.938398357289528
363,P163383,CSC_RES_GEN_EQU,0,women_only,,,,0,gender_equality,ET-Resilient Landscapes,Ethiopia,ETH,AFE,ENV,C,IPF,IDA,2018-07-30,2024-07-07,1,1,0,Unknown,0,0,1,100.0,4.605170185988092,2019,6.91854893908282,0,5.938398357289528
364,P163399,CSC_RES_GEN_EQU,0,informative,0.10830882138800713,0.11090135527316784,-0.25925338851607166,1,gender_equality,East Africa Skills,Kenya,KEN,AFE,EDU,A,IPF,IDA,2018-10-30,2026-12-31,0,0,0,LMC,0,1,1,335.1,5.814428994743265,2019,6.666666666666667,0,8.16974674880219
365,P163490,CSC_RES_GEN_EQU,0,women_only,,,,0,gender_equality,HT Rural Accessibility & Resilience,Haiti,HTI,LCR,TDD,C,IPF,IDA,2018-05-31,2025-05-30,1,1,1,LMC,0,0,1,135.07179963,4.905806486167929,2018,7.082819986310746,0,6.997946611909651
366,P163531,CSC_RES_BENE_ENAB_ECO_OPP,1,fixed_share,,,,0,economic_opportunity,Property Rights Strengthening Project,Nicaragua,NIC,LCR,URS,C,IPF,IDA,2018-03-15,2024-03-15,0,0,0,LMC,0,0,1,50.0,3.912023005428146,2018,7.293634496919918,0,6.0013689253935665
367,P163531,CSC_RES_GEN_EQU,0,women_only,,,,0,gender_equality,Property Rights Strengthening Project,Nicaragua,NIC,LCR,URS,C,IPF,IDA,2018-03-15,2024-03-15,0,0,0,LMC,0,0,1,50.0,3.912023005428146,2018,7.293634496919918,0,6.0013689253935665
368,P163562,CSC_RES_BENE_ENAB_ECO_OPP,0,women_only,,,,0,economic_opportunity,KITE,Pakistan,PAK,MENAAP,FCI,A,IPF,IDA,2019-06-27,2026-06-30,0,0,0,LMC,0,1,1,100.0,4.605170185988092,2019,6.009582477754963,0,7.008898015058179
369,P163562,CSC_RES_GEN_EQU,0,women_only,,,,0,gender_equality,KITE,Pakistan,PAK,MENAAP,FCI,A,IPF,IDA,2019-06-27,2026-06-30,0,0,0,LMC,0,1,1,100.0,4.605170185988092,2019,6.009582477754963,0,7.008898015058179
370,P163568,CSC_RES_WAT_SAN_HYG,1,fixed_share,,,,0,wash,GERMP,"Gambia, The",GMB,AFW,EAE,A,IPF,IDA,2018-05-18,2025-12-31,0,1,0,LIC,0,1,1,84.0,4.430816798843313,2018,7.1184120465434635,0,7.62217659137577
371,P163610,CSC_RES_WAT_SAN_HYG,0,no_progress,,,,0,wash,AO-Bita Guarantee,Angola,AGO,AFE,WAT,A,IPF,IBRD,2019-07-16,2027-07-30,0,1,0,LMC,0,1,0,500.0,6.214608098422191,2020,5.9575633127994525,0,8.038329911019849
372,P163721,CSC_RES_GEN_EQU,0,women_only,,,,0,gender_equality,Sri Lanka: PSSP,Sri Lanka,LKA,SAR,HNP,C,IPF,IBRD,2018-06-27,2024-06-30,0,0,0,LMC,0,0,0,200.0,5.298317366548036,2018,7.008898015058179,0,6.009582477754963
373,P163732,CSC_RES_WAT_SAN_HYG,0,identical_share,,,,0,wash,TZ Sustainable RWSS,Tanzania,TZA,AFE,WAT,C,P4R,IDA,2018-06-26,2025-07-31,0,1,0,LMC,0,0,1,650.0,6.476972362889683,2018,7.011635865845311,0,7.096509240246407
374,P163734,CSC_RES_BENE_ENAB_ECO_OPP,0,women_only,,,,0,economic_opportunity,DWSWP,Tajikistan,TJK,ECA,WAT,A,IPF,IDA,2019-06-05,2026-06-30,0,0,0,LMC,0,1,1,30.0,3.4011973816621555,2019,6.069815195071868,0,7.069130732375085
375,P163734,CSC_RES_GEN_EQU,0,women_only,,,,0,gender_equality,DWSWP,Tajikistan,TJK,ECA,WAT,A,IPF,IDA,2019-06-05,2026-06-30,0,0,0,LMC,0,1,1,30.0,3.4011973816621555,2019,6.069815195071868,0,7.069130732375085
376,P163752,CSC_RES_BENE_ENAB_ECO_OPP,0,no_progress,,,,0,economic_opportunity,Tanzania-Zambia Interconnect,Tanzania,TZA,AFE,EAE,A,IPF,IDA,2018-06-18,2026-06-30,0,1,0,LMC,0,1,1,615.0,6.421622267806518,2018,7.0335386721423685,0,8.032854209445585
377,P163752,CSC_RES_GEN_EQU,0,no_progress,,,,0,gender_equality,Tanzania-Zambia Interconnect,Tanzania,TZA,AFE,EAE,A,IPF,IDA,2018-06-18,2026-06-30,0,1,0,LMC,0,1,1,615.0,6.421622267806518,2018,7.0335386721423685,0,8.032854209445585
378,P163782,CSC_RES_WAT_SAN_HYG,0,identical_share,,,,0,wash,IWMDP,Uganda,UGA,AFE,WAT,A,IPF,IDA,2018-06-14,2026-01-31,0,1,0,LIC,0,1,1,280.0,5.634789603169249,2018,7.044490075290897,0,7.6331279945242985
379,P163794,CSC_RES_WAT_SAN_HYG,0,informative,0.5099991922476621,0.5,0.9999192247662103,1,wash,Lilongwe Water and Sanitation Project,Malawi,MWI,AFE,WAT,C,IPF,IDA,2017-12-20,2025-06-30,0,1,0,LIC,0,0,1,145.0,4.976733742420574,2018,7.526351813826146,0,7.526351813826146
380,P163818,CSC_RES_BENE_ENAB_ECO_OPP,0,no_progress,,,,0,economic_opportunity,MV: Youth Employability and Resilience,Maldives,MDV,SAR,EDU,A,IPF,IDA,2019-06-14,2025-12-31,0,0,1,UMC,0,1,1,20.0,2.995732273553991,2019,6.04517453798768,0,6.548939082819986
381,P163818,CSC_RES_GEN_EQU,0,no_progress,,,,0,gender_equality,MV: Youth Employability and Resilience,Maldives,MDV,SAR,EDU,A,IPF,IDA,2019-06-14,2025-12-31,0,0,1,UMC,0,1,1,20.0,2.995732273553991,2019,6.04517453798768,0,6.548939082819986
382,P163836,CSC_RES_BENE_ENAB_ECO_OPP,0,no_progress,,,,0,economic_opportunity,Irrigation for Climate Resilience,Uganda,UGA,AFE,WAT,A,IPF,IDA,2020-06-18,2028-04-30,0,1,0,LIC,0,1,1,169.2,5.1310814471721224,2020,5.032169746748802,0,7.865845311430527
383,P163836,CSC_RES_FIN_SERV,0,no_progress,,,,0,financial_services,Irrigation for Climate Resilience,Uganda,UGA,AFE,WAT,A,IPF,IDA,2020-06-18,2028-04-30,0,1,0,LIC,0,1,1,169.2,5.1310814471721224,2020,5.032169746748802,0,7.865845311430527
384,P163836,CSC_RES_GEN_EQU,0,no_progress,,,,0,gender_equality,Irrigation for Climate Resilience,Uganda,UGA,AFE,WAT,A,IPF,IDA,2020-06-18,2028-04-30,0,1,0,LIC,0,1,1,169.2,5.1310814471721224,2020,5.032169746748802,0,7.865845311430527
385,P163870,CSC_RES_FIN_SERV,0,identical_share,,,,0,financial_services,Madagascar - LEAD,Madagascar,MDG,AFE,EAE,A,IPF,IDA,2019-03-01,2026-06-29,0,1,0,LIC,0,1,1,161.0,5.081404364984463,2019,6.33264887063655,0,7.329226557152635
386,P163876,CSC_RES_WAT_SAN_HYG,0,informative,0.47960251046025104,0.5,-2.039748953974896,1,wash,Water Supply and Sanitation Improvement,Cambodia,KHM,EAP,WAT,A,IPF,IDA,2019-03-28,2026-12-31,0,1,0,LMC,0,1,1,55.0,4.007333185232471,2019,6.2587268993839835,0,7.761806981519507
387,P163881,CSC_RES_BENE_ENAB_ECO_OPP,0,women_only,,,,0,economic_opportunity,CM-REAP-UR,Cameroon,CMR,AFW,EAE,A,IPF,IDA,2018-12-13,2026-06-30,1,0,0,LMC,0,1,1,119.99999972,4.787491740448712,2019,6.546201232032854,0,7.545516769336071
388,P163881,CSC_RES_GEN_EQU,0,women_only,,,,0,gender_equality,CM-REAP-UR,Cameroon,CMR,AFW,EAE,A,IPF,IDA,2018-12-13,2026-06-30,1,0,0,LMC,0,1,1,119.99999972,4.787491740448712,2019,6.546201232032854,0,7.545516769336071
389,P163954,CSC_RES_GEN_EQU,1,fixed_share,,,,0,gender_equality,Strengthening Health Service Delivery,Guinea-Bissau,GNB,AFW,HNP,A,IPF,IDA,2018-05-31,2025-12-26,1,1,1,LIC,0,1,1,25.0,3.2188758248682006,2018,7.082819986310746,0,7.572895277207392
390,P163954,CSC_RES_HEA_SERV,1,fixed_share,,,,0,health,Strengthening Health Service Delivery,Guinea-Bissau,GNB,AFW,HNP,A,IPF,IDA,2018-05-31,2025-12-26,1,1,1,LIC,0,1,1,25.0,3.2188758248682006,2018,7.082819986310746,0,7.572895277207392
391,P163980,CSC_RES_BENE_ENAB_ECO_OPP,0,women_only,,,,0,economic_opportunity,KEMFSED,Kenya,KEN,AFE,ENV,A,IPF,IDA,2020-03-10,2026-09-30,0,0,0,LMC,0,1,1,100.0,4.605170185988092,2020,5.305954825462012,0,6.5571526351813825
392,P163980,CSC_RES_GEN_EQU,0,women_only,,,,0,gender_equality,KEMFSED,Kenya,KEN,AFE,ENV,A,IPF,IDA,2020-03-10,2026-09-30,0,0,0,LMC,0,1,1,100.0,4.605170185988092,2020,5.305954825462012,0,6.5571526351813825
393,P163989,CSC_RES_WAT_SAN_HYG,0,informative,0.5173872438609021,0.375,14.238724386090206,1,wash,Mozambique Urban and Decentralization,Mozambique,MOZ,AFE,URS,A,IPF,IDA,2020-06-26,2026-12-31,1,1,0,LIC,0,1,1,117.0,4.762173934797756,2020,5.0102669404517455,0,6.513347022587269
394,P164052,CSC_RES_BENE_ENAB_ECO_OPP,1,fixed_share,,,,0,economic_opportunity,Mali Drylands Development Project,Mali,MLI,AFW,AGR,A,IPF,IDA,2018-07-05,2025-12-31,1,1,0,LIC,0,1,1,90.0,4.499809670330265,2019,6.9869952087611225,0,7.490759753593429
395,P164052,CSC_RES_GEN_EQU,0,identical_share,,,,0,gender_equality,Mali Drylands Development Project,Mali,MLI,AFW,AGR,A,IPF,IDA,2018-07-05,2025-12-31,1,1,0,LIC,0,1,1,90.0,4.499809670330265,2019,6.9869952087611225,0,7.490759753593429
396,P164130,CSC_RES_FIN_SERV,0,informative,0.370463156137862,0.5,-12.953684386213798,1,financial_services,Refugees & Host Community Rwanda,Rwanda,RWA,AFE,SOC,A,IPF,IDA,2019-04-30,2026-10-30,0,1,0,LIC,0,1,1,80.0,4.382026634673881,2019,6.168377823408624,0,7.501711156741957
397,P164184,CSC_RES_BENE_ENAB_ECO_OPP,1,fixed_share,,,,0,economic_opportunity,Guinea-CADP,Guinea,GIN,AFW,AGR,A,IPF,IDA,2020-09-22,2026-01-31,0,1,0,LMC,0,1,1,100.0,4.605170185988092,2021,4.769336071184121,0,5.3579739904175225
398,P164184,CSC_RES_GEN_EQU,0,identical_share,,,,0,gender_equality,Guinea-CADP,Guinea,GIN,AFW,AGR,A,IPF,IDA,2020-09-22,2026-01-31,0,1,0,LMC,0,1,1,100.0,4.605170185988092,2021,4.769336071184121,0,5.3579739904175225
399,P164186,CSC_RES_WAT_SAN_HYG,0,identical_share,,,,0,wash,BJ-Rural Water Supply Universal Access,Benin,BEN,AFW,WAT,A,P4R,IDA,2018-05-15,2027-06-30,0,1,0,LMC,0,1,1,470.0,6.152732694704104,2018,7.12662559890486,0,9.125256673511293
400,P164188,CSC_RES_BENE_ENAB_ECO_OPP,0,women_only,,,,0,economic_opportunity,Kosovo Digital Economy (KODE),Kosovo,XKX,ECA,DDT,C,IPF,IDA,2018-07-05,2024-12-31,0,0,0,UMC,0,0,1,23.48615958,3.1564112936060016,2019,6.9869952087611225,0,6.491444216290212
401,P164188,CSC_RES_GEN_EQU,0,women_only,,,,0,gender_equality,Kosovo Digital Economy (KODE),Kosovo,XKX,ECA,DDT,C,IPF,IDA,2018-07-05,2024-12-31,0,0,0,UMC,0,0,1,23.48615958,3.1564112936060016,2019,6.9869952087611225,0,6.491444216290212
402,P164211,CSC_RES_BENE_ENAB_ECO_OPP,0,women_only,,,,0,economic_opportunity,GH-Tourism Development Project,Ghana,GHA,AFW,FCI,C,IPF,IDA,2018-07-13,2024-06-30,0,0,0,LMC,0,0,1,40.0,3.6888794541139363,2019,6.965092402464066,0,5.965776865160849
403,P164211,CSC_RES_GEN_EQU,0,women_only,,,,0,gender_equality,GH-Tourism Development Project,Ghana,GHA,AFW,FCI,C,IPF,IDA,2018-07-13,2024-06-30,0,0,0,LMC,0,0,1,40.0,3.6888794541139363,2019,6.965092402464066,0,5.965776865160849
404,P164212,CSC_RES_BENE_ENAB_ECO_OPP,0,women_only,,,,0,economic_opportunity,SL Economic Diversification Project,Sierra Leone,SLE,AFW,FCI,A,IPF,IDA,2020-07-28,2026-04-30,0,1,0,LIC,0,1,1,40.0,3.6888794541139363,2021,4.922655715263518,0,5.754962354551677
405,P164212,CSC_RES_GEN_EQU,0,women_only,,,,0,gender_equality,SL Economic Diversification Project,Sierra Leone,SLE,AFW,FCI,A,IPF,IDA,2020-07-28,2026-04-30,0,1,0,LIC,0,1,1,40.0,3.6888794541139363,2021,4.922655715263518,0,5.754962354551677
406,P164223,CSC_RES_GEN_EQU,0,women_only,,,,0,gender_equality,EQUALS,Malawi,MWI,AFE,EDU,A,IPF,IDA,2019-03-13,2025-12-31,0,1,0,LIC,0,1,1,95.0,4.553876891600541,2019,6.299794661190965,0,6.803559206023272
407,P164225,CSC_RES_BENE_ENAB_ECO_OPP,0,no_progress,,,,0,economic_opportunity,GNEAP,Guinea,GIN,AFW,EAE,C,IPF,IDA,2019-02-15,2025-06-30,0,1,0,LMC,0,0,1,50.0,3.912023005428146,2019,6.3709787816564,0,6.3709787816564
408,P164225,CSC_RES_GEN_EQU,0,no_progress,,,,0,gender_equality,GNEAP,Guinea,GIN,AFW,EAE,C,IPF,IDA,2019-02-15,2025-06-30,0,1,0,LMC,0,0,1,50.0,3.912023005428146,2019,6.3709787816564,0,6.3709787816564
409,P164242,CSC_RES_BENE_ENAB_ECO_OPP,0,women_only,,,,0,economic_opportunity,Mali Governance of Mining Sector,Mali,MLI,AFW,EAE,C,IPF,IDA,2019-06-21,2024-06-30,1,1,0,LIC,0,0,1,20.29219508,3.0102363332990763,2019,6.026009582477755,0,5.026694045174538
410,P164242,CSC_RES_GEN_EQU,0,women_only,,,,0,gender_equality,Mali Governance of Mining Sector,Mali,MLI,AFW,EAE,C,IPF,IDA,2019-06-21,2024-06-30,1,1,0,LIC,0,0,1,20.29219508,3.0102363332990763,2019,6.026009582477755,0,5.026694045174538
411,P164260,CSC_RES_WAT_SAN_HYG,0,informative,0.56,0.53,3.0000000000000027,1,wash,Utility Efficiency & Quality Improvement,Belarus,BLR,ECA,WAT,C,IPF,IBRD,2019-06-14,2025-03-31,0,0,0,UMC,0,0,0,25.507798469999997,3.238984227763198,2019,6.04517453798768,0,5.796030116358659
412,P164262,CSC_RES_BENE_ENAB_ECO_OPP,0,women_only,,,,0,economic_opportunity,Senegal RWSS Project,Senegal,SEN,AFW,WAT,C,IPF,IDA,2018-06-22,2024-06-30,0,1,0,LMC,0,0,1,127.527385,4.8483311258493575,2018,7.02258726899384,0,6.023271731690623
413,P164262,CSC_RES_GEN_EQU,0,women_only,,,,0,gender_equality,Senegal RWSS Project,Senegal,SEN,AFW,WAT,C,IPF,IDA,2018-06-22,2024-06-30,0,1,0,LMC,0,0,1,127.527385,4.8483311258493575,2018,7.02258726899384,0,6.023271731690623
414,P164262,CSC_RES_WAT_SAN_HYG,1,fixed_share,,,,0,wash,Senegal RWSS Project,Senegal,SEN,AFW,WAT,C,IPF,IDA,2018-06-22,2024-06-30,0,1,0,LMC,0,0,1,127.527385,4.8483311258493575,2018,7.02258726899384,0,6.023271731690623
415,P164283,CSC_RES_FIN_SERV,0,identical_share,,,,0,financial_services,Support to MSME Growth and Access to Fin,Guinea,GIN,AFW,FCI,C,IPF,IDA,2019-06-07,2024-05-29,0,1,0,LMC,0,0,1,30.0,3.4011973816621555,2019,6.064339493497604,0,4.97741273100616
416,P164297,CSC_RES_BENE_ENAB_ECO_OPP,1,fixed_share,,,,0,economic_opportunity,CHAD Skills Dev for Youth Employability,Chad,TCD,AFW,EDU,A,IPF,IDA,2019-06-21,2025-11-30,1,1,0,LIC,0,1,1,32.50000002,3.4812400899510765,2019,6.026009582477755,0,6.444900752908967
417,P164297,CSC_RES_GEN_EQU,0,women_only,,,,0,gender_equality,CHAD Skills Dev for Youth Employability,Chad,TCD,AFW,EDU,A,IPF,IDA,2019-06-21,2025-11-30,1,1,0,LIC,0,1,1,32.50000002,3.4812400899510765,2019,6.026009582477755,0,6.444900752908967
418,P164302,CSC_RES_BENE_ENAB_ECO_OPP,1,fixed_share,,,,0,economic_opportunity,Governance and Service Delivery,Cote d'Ivoire,CIV,AFW,GOV,A,P4R,IDA,2019-04-05,2025-12-31,0,0,0,LMC,0,1,1,194.97536,5.27287319160542,2019,6.236824093086927,0,6.740588637919234
419,P164302,CSC_RES_GEN_EQU,0,informative,0.49993414203996506,0.5032185377211301,-0.32843956811650643,1,gender_equality,Governance and Service Delivery,Cote d'Ivoire,CIV,AFW,GOV,A,P4R,IDA,2019-04-05,2025-12-31,0,0,0,LMC,0,1,1,194.97536,5.27287319160542,2019,6.236824093086927,0,6.740588637919234
420,P164336,CSC_RES_BENE_ENAB_ECO_OPP,0,women_only,,,,0,economic_opportunity,LLRP,Ethiopia,ETH,AFE,AGR,C,IPF,IDA,2019-05-23,2025-10-10,1,1,0,Unknown,0,0,1,225.0,5.41610040220442,2019,6.105407255304586,0,6.38466803559206
421,P164336,CSC_RES_GEN_EQU,0,women_only,,,,0,gender_equality,LLRP,Ethiopia,ETH,AFE,AGR,C,IPF,IDA,2019-05-23,2025-10-10,1,1,0,Unknown,0,0,1,225.0,5.41610040220442,2019,6.105407255304586,0,6.38466803559206
422,P164345,CSC_RES_WAT_SAN_HYG,0,identical_share,,,,0,wash,Water Supply and Sanitation Program,Burkina Faso,BFA,AFW,WAT,A,P4R,IDA,2018-06-26,2026-06-30,1,1,0,LIC,0,1,1,300.0,5.703782474656201,2018,7.011635865845311,0,8.010951403148528
423,P164354,CSC_RES_BENE_ENAB_ECO_OPP,0,women_only,,,,0,economic_opportunity,Mozambique - Malawi Reg. Interconnector,Malawi,MWI,AFE,EAE,A,IPF,IDA,2019-09-17,2026-07-01,0,1,0,LIC,0,1,1,57.0,4.04305126783455,2020,5.7850787132101305,0,6.787132101300479
424,P164354,CSC_RES_GEN_EQU,0,women_only,,,,0,gender_equality,Mozambique - Malawi Reg. Interconnector,Malawi,MWI,AFE,EAE,A,IPF,IDA,2019-09-17,2026-07-01,0,1,0,LIC,0,1,1,57.0,4.04305126783455,2020,5.7850787132101305,0,6.787132101300479
425,P164412,CSC_RES_FIN_SERV,0,informative,0.33999999999999997,0.35,-1.0000000000000009,1,financial_services,GZ: Innovative Private Sector Develop'mt,West Bank and Gaza,PSE,MENAAP,FCI,C,IPF,SPF,2018-06-01,2025-05-15,1,0,0,LMC,0,0,0,22.0,3.091042453358316,2018,7.080082135523614,0,6.954140999315538
426,P164416,CSC_RES_BENE_ENAB_ECO_OPP,1,fixed_share,,,,0,economic_opportunity,Skills for Jobs: Women and Youth Project,Burundi,BDI,AFE,EDU,A,IPF,IDA,2021-06-25,2026-10-30,1,1,0,LIC,1,1,1,72.6683822,4.285906382099189,2021,4.01368925393566,0,5.347022587268994
427,P164416,CSC_RES_GEN_EQU,0,no_progress,,,,0,gender_equality,Skills for Jobs: Women and Youth Project,Burundi,BDI,AFE,EDU,A,IPF,IDA,2021-06-25,2026-10-30,1,1,0,LIC,1,1,1,72.6683822,4.285906382099189,2021,4.01368925393566,0,5.347022587268994
428,P164443,CSC_RES_FIN_SERV,0,women_only,,,,0,financial_services,WEE-RDP,Afghanistan,AFG,MENAAP,AGR,A,IPF,IDA,2018-09-28,2026-06-30,1,1,0,LIC,0,1,1,25.0,3.2188758248682006,2019,6.754277891854894,0,7.753593429158111
429,P164443,CSC_RES_FIN_SERV_WOM_CUS,1,fixed_share,,,,0,financial_services,WEE-RDP,Afghanistan,AFG,MENAAP,AGR,A,IPF,IDA,2018-09-28,2026-06-30,1,1,0,LIC,0,1,1,25.0,3.2188758248682006,2019,6.754277891854894,0,7.753593429158111
430,P164448,CSC_RES_BENE_ENAB_ECO_OPP,0,no_progress,,,,0,economic_opportunity,National Food and Agriculture System,Myanmar,MMR,EAP,AGR,C,IPF,IDA,2020-06-26,2024-06-17,1,1,0,LMC,0,0,1,0.0,-2.3025850929940455,2020,5.0102669404517455,0,3.975359342915811
431,P164448,CSC_RES_GEN_EQU,0,no_progress,,,,0,gender_equality,National Food and Agriculture System,Myanmar,MMR,EAP,AGR,C,IPF,IDA,2020-06-26,2024-06-17,1,1,0,LMC,0,0,1,0.0,-2.3025850929940455,2020,5.0102669404517455,0,3.975359342915811
432,P164451,CSC_RES_BENE_ENAB_ECO_OPP,0,women_only,,,,0,economic_opportunity,Ghana Secondary Cities Support Program,Ghana,GHA,AFW,URS,A,P4R,IDA,2018-09-25,2025-12-31,0,0,0,LMC,0,1,1,245.0,5.501258210544727,2019,6.76249144421629,0,7.266255989048597
433,P164451,CSC_RES_GEN_EQU,0,women_only,,,,0,gender_equality,Ghana Secondary Cities Support Program,Ghana,GHA,AFW,URS,A,P4R,IDA,2018-09-25,2025-12-31,0,0,0,LMC,0,1,1,245.0,5.501258210544727,2019,6.76249144421629,0,7.266255989048597
434,P164486,CSC_RES_BENE_ENAB_ECO_OPP,0,women_only,,,,0,economic_opportunity,APPSA Angola & Lesotho,Angola,AGO,AFE,AGR,C,IPF,IBRD,2018-12-18,2025-06-30,0,1,0,LMC,0,0,0,50.0,3.912023005428146,2019,6.532511978097194,0,6.532511978097194
435,P164486,CSC_RES_GEN_EQU,0,women_only,,,,0,gender_equality,APPSA Angola & Lesotho,Angola,AGO,AFE,AGR,C,IPF,IBRD,2018-12-18,2025-06-30,0,1,0,LMC,0,0,0,50.0,3.912023005428146,2019,6.532511978097194,0,6.532511978097194
436,P164498,CSC_RES_BENE_ENAB_ECO_OPP,0,women_only,,,,0,economic_opportunity,Rural Mobility and Connectivity,Niger,NER,AFW,TDD,A,IPF,IDA,2019-03-18,2026-03-31,1,1,0,LIC,0,1,1,50.0,3.912023005428146,2019,6.286105407255304,0,7.036276522929501
437,P164498,CSC_RES_GEN_EQU,0,women_only,,,,0,gender_equality,Rural Mobility and Connectivity,Niger,NER,AFW,TDD,A,IPF,IDA,2019-03-18,2026-03-31,1,1,0,LIC,0,1,1,50.0,3.912023005428146,2019,6.286105407255304,0,7.036276522929501
438,P164536,CSC_RES_WAT_SAN_HYG,0,identical_share,,,,0,wash,Integrated Growth Poles and Corridor 2.2,Madagascar,MDG,AFE,FCI,C,IPF,IDA,2018-09-18,2023-12-18,0,1,0,LIC,0,0,1,101.78773498999999,4.622889615423767,2019,6.781656399726215,0,5.248459958932238
439,P164543,CSC_RES_GEN_EQU,0,no_progress,,,,0,gender_equality,Rural Mobility and Connectivity Project,Guinea,GIN,AFW,TDD,C,IPF,IDA,2018-12-10,2024-06-28,0,1,0,LMC,0,0,1,18.16934,2.8997355581380146,2019,6.55441478439425,0,5.549623545516769
440,P164546,CSC_RES_BENE_ENAB_ECO_OPP,0,no_progress,,,,0,economic_opportunity,First ACE Impact,Senegal,SEN,AFW,EDU,C,IPF,IDA,2019-03-27,2025-06-30,0,1,0,LMC,0,0,1,143.0,4.962844630259907,2019,6.261464750171116,0,6.261464750171116
441,P164546,CSC_RES_GEN_EQU,1,fixed_share,,,,0,gender_equality,First ACE Impact,Senegal,SEN,AFW,EDU,C,IPF,IDA,2019-03-27,2025-06-30,0,1,0,LMC,0,0,1,143.0,4.962844630259907,2019,6.261464750171116,0,6.261464750171116
442,P164584,CSC_RES_BENE_ENAB_ECO_OPP,1,fixed_share,,,,0,economic_opportunity,PIDC,Comoros,COM,AFE,FCI,C,IPF,IDA,2019-05-20,2024-07-31,1,1,1,LMC,0,0,1,25.0,3.2188758248682006,2019,6.113620807665982,0,5.19917864476386
443,P164584,CSC_RES_GEN_EQU,0,women_only,,,,0,gender_equality,PIDC,Comoros,COM,AFE,FCI,C,IPF,IDA,2019-05-20,2024-07-31,1,1,1,LMC,0,0,1,25.0,3.2188758248682006,2019,6.113620807665982,0,5.19917864476386
444,P164696,CSC_RES_GEN_EQU,0,women_only,,,,0,gender_equality,Health Services Reinforcement Project,Burkina Faso,BFA,AFW,HNP,C,IPF,IDA,2018-07-06,2024-06-28,1,1,0,LIC,0,0,1,80.0,4.382026634673881,2019,6.98425735797399,0,5.979466119096509
445,P164696,CSC_RES_HEA_SERV,1,fixed_share,,,,0,health,Health Services Reinforcement Project,Burkina Faso,BFA,AFW,HNP,C,IPF,IDA,2018-07-06,2024-06-28,1,1,0,LIC,0,0,1,80.0,4.382026634673881,2019,6.98425735797399,0,5.979466119096509
446,P164704,CSC_RES_WAT_SAN_HYG,1,fixed_share,,,,0,wash,KWSSIP,Pakistan,PAK,MENAAP,WAT,A,IPF,IBRD,2019-06-27,2026-06-30,0,0,0,LMC,0,1,0,40.0,3.6888794541139363,2019,6.009582477754963,0,7.008898015058179
447,P164762,CSC_RES_BENE_ENAB_ECO_OPP,0,women_only,,,,0,economic_opportunity,Afghanistan Land Administration System,Afghanistan,AFG,MENAAP,URS,A,IPF,IDA,2019-04-25,2026-06-30,1,1,0,LIC,0,1,1,17.862329589999998,2.882694003112508,2019,6.182067077344285,0,7.181382614647502
448,P164762,CSC_RES_GEN_EQU,0,women_only,,,,0,gender_equality,Afghanistan Land Administration System,Afghanistan,AFG,MENAAP,URS,A,IPF,IDA,2019-04-25,2026-06-30,1,1,0,LIC,0,1,1,17.862329589999998,2.882694003112508,2019,6.182067077344285,0,7.181382614647502
449,P164771,CSC_RES_GEN_EQU,0,women_only,,,,0,gender_equality,Investing in the Early Years in Malawi,Malawi,MWI,AFE,HNP,C,IPF,IDA,2018-12-19,2025-06-30,0,1,0,LIC,0,0,1,50.0,3.912023005428146,2019,6.529774127310062,0,6.529774127310062
450,P164771,CSC_RES_HEA_SERV,1,fixed_share,,,,0,health,Investing in the Early Years in Malawi,Malawi,MWI,AFE,HNP,C,IPF,IDA,2018-12-19,2025-06-30,0,1,0,LIC,0,0,1,50.0,3.912023005428146,2019,6.529774127310062,0,6.529774127310062
451,P164786,CSC_RES_BENE_ENAB_ECO_OPP,0,women_only,,,,0,economic_opportunity,Financial Inclusion Support Project,Burkina Faso,BFA,AFW,FCI,A,IPF,IDA,2019-04-30,2026-04-30,1,1,0,LIC,0,1,1,100.0,4.605170185988092,2019,6.168377823408624,0,7.000684462696783
452,P164786,CSC_RES_FIN_SERV,0,informative,0.5943510749534568,0.6932504400918065,-9.889936513834963,1,financial_services,Financial Inclusion Support Project,Burkina Faso,BFA,AFW,FCI,A,IPF,IDA,2019-04-30,2026-04-30,1,1,0,LIC,0,1,1,100.0,4.605170185988092,2019,6.168377823408624,0,7.000684462696783
453,P164786,CSC_RES_FIN_SERV_WOM_CUS,1,fixed_share,,,,0,financial_services,Financial Inclusion Support Project,Burkina Faso,BFA,AFW,FCI,A,IPF,IDA,2019-04-30,2026-04-30,1,1,0,LIC,0,1,1,100.0,4.605170185988092,2019,6.168377823408624,0,7.000684462696783
454,P164786,CSC_RES_GEN_EQU,0,women_only,,,,0,gender_equality,Financial Inclusion Support Project,Burkina Faso,BFA,AFW,FCI,A,IPF,IDA,2019-04-30,2026-04-30,1,1,0,LIC,0,1,1,100.0,4.605170185988092,2019,6.168377823408624,0,7.000684462696783
455,P164845,CSC_RES_GEN_EQU,0,identical_share,,,,0,gender_equality,Rwanda Stunting Prevention and Reduction,Rwanda,RWA,AFE,HNP,A,IPF,IDA,2018-02-28,2025-12-31,0,1,0,LIC,0,1,1,95.0,4.553876891600541,2018,7.3347022587268995,0,7.838466803559206
456,P164845,CSC_RES_WAT_SAN_HYG,1,fixed_share,,,,0,wash,Rwanda Stunting Prevention and Reduction,Rwanda,RWA,AFE,HNP,A,IPF,IDA,2018-02-28,2025-12-31,0,1,0,LIC,0,1,1,95.0,4.553876891600541,2018,7.3347022587268995,0,7.838466803559206
457,P164847,CSC_RES_BENE_ENAB_ECO_OPP,0,women_only,,,,0,economic_opportunity,SouthernAfrica Trade & Connectivity Proj,Malawi,MWI,AFE,FCI,A,IPF,IDA,2021-04-27,2027-06-30,0,1,0,LIC,0,1,1,260.57068624,5.562874172715256,2021,4.175222450376454,0,6.1738535249828885
458,P164847,CSC_RES_GEN_EQU,0,women_only,,,,0,gender_equality,SouthernAfrica Trade & Connectivity Proj,Malawi,MWI,AFE,FCI,A,IPF,IDA,2021-04-27,2027-06-30,0,1,0,LIC,0,1,1,260.57068624,5.562874172715256,2021,4.175222450376454,0,6.1738535249828885
459,P164901,CSC_RES_WAT_SAN_HYG,0,no_progress,,,,0,wash,Scaling-Up WASH Project,Lao People's Democratic Republic,LAO,EAP,WAT,A,IPF,IDA,2019-03-14,2026-03-31,0,1,0,LMC,0,1,1,25.0,3.2188758248682006,2019,6.297056810403833,0,7.047227926078029
460,P164920,CSC_RES_BENE_ENAB_ECO_OPP,0,no_progress,,,,0,economic_opportunity,Tanzania RISE,Tanzania,TZA,AFE,TDD,A,IPF,IDA,2021-05-27,2027-06-30,0,1,0,LMC,1,1,1,400.0,5.991464547107982,2021,4.093086926762491,0,6.091718001368926
461,P164920,CSC_RES_GEN_EQU,0,no_progress,,,,0,gender_equality,Tanzania RISE,Tanzania,TZA,AFE,TDD,A,IPF,IDA,2021-05-27,2027-06-30,0,1,0,LMC,1,1,1,400.0,5.991464547107982,2021,4.093086926762491,0,6.091718001368926
462,P164932,CSC_RES_GEN_EQU,1,fixed_share,,,,0,gender_equality,Improving Results in Secondary Education,Liberia,LBR,AFW,EDU,C,IPF,IDA,2019-07-02,2025-06-30,0,1,0,LIC,0,0,1,47.0,3.8501476017100584,2020,5.9958932238193015,0,5.9958932238193015
463,P164941,CSC_RES_BENE_ENAB_ECO_OPP,1,fixed_share,,,,0,economic_opportunity,Tongafish Pathways,Tonga,TON,EAP,ENV,C,IPF,IDA,2019-04-17,2025-04-30,0,0,1,UMC,0,0,1,10.0,2.302585092994046,2019,6.203969883641341,0,6.036960985626283
464,P164941,CSC_RES_GEN_EQU,0,identical_share,,,,0,gender_equality,Tongafish Pathways,Tonga,TON,EAP,ENV,C,IPF,IDA,2019-04-17,2025-04-30,0,0,1,UMC,0,0,1,10.0,2.302585092994046,2019,6.203969883641341,0,6.036960985626283
465,P164967,CSC_RES_FIN_SERV,0,informative,0.12017528512992261,0.3155339805825243,-19.53586954526017,1,financial_services,Agri. & Livestock Comp. Program,Senegal,SEN,AFW,AGR,A,P4R,IDA,2020-05-12,2025-12-31,0,1,0,LMC,0,1,1,150.0,5.0106352940962555,2020,5.13347022587269,0,5.637234770704997
466,P165034,CSC_RES_BENE_ENAB_ECO_OPP,0,no_progress,,,,0,economic_opportunity,Affordable Housing Finance Project,Kenya,KEN,AFE,FCI,C,IPF,IBRD,2019-04-30,2025-06-30,0,0,0,LMC,0,0,0,198.63013699,5.291444487278896,2019,6.168377823408624,0,6.168377823408624
467,P165034,CSC_RES_FIN_SERV,0,identical_share,,,,0,financial_services,Affordable Housing Finance Project,Kenya,KEN,AFE,FCI,C,IPF,IBRD,2019-04-30,2025-06-30,0,0,0,LMC,0,0,0,198.63013699,5.291444487278896,2019,6.168377823408624,0,6.168377823408624
468,P165034,CSC_RES_GEN_EQU,0,no_progress,,,,0,gender_equality,Affordable Housing Finance Project,Kenya,KEN,AFE,FCI,C,IPF,IBRD,2019-04-30,2025-06-30,0,0,0,LMC,0,0,0,198.63013699,5.291444487278896,2019,6.168377823408624,0,6.168377823408624
469,P165055,CSC_RES_WAT_SAN_HYG,1,fixed_share,,,,0,wash,Ceará Water Security and Governance,Brazil,BRA,LCR,WAT,A,IPF,IBRD,2019-08-08,2026-12-31,0,0,0,UMC,0,1,0,139.88,4.940784912195175,2020,5.894592744695414,0,7.397672826830938
470,P165128,CSC_RES_WAT_SAN_HYG,0,no_progress,,,,0,wash,Tanzania: BIG-Z Project,Tanzania,TZA,AFE,URS,A,IPF,IDA,2021-06-10,2027-12-31,0,1,0,LMC,0,1,1,150.0,5.0106352940962555,2021,4.054757015742642,0,6.5571526351813825
471,P165183,CSC_RES_BENE_ENAB_ECO_OPP,1,fixed_share,,,,0,economic_opportunity,SEDAP,"Micronesia, Federated States of",FSM,EAP,EAE,A,IPF,IDA,2018-12-06,2026-06-30,1,0,1,LMC,0,1,1,30.0,3.4011973816621555,2019,6.565366187542779,0,7.564681724845996
472,P165183,CSC_RES_GEN_EQU,0,identical_share,,,,0,gender_equality,SEDAP,"Micronesia, Federated States of",FSM,EAP,EAE,A,IPF,IDA,2018-12-06,2026-06-30,1,0,1,LMC,0,1,1,30.0,3.4011973816621555,2019,6.565366187542779,0,7.564681724845996
473,P165253,CSC_RES_GEN_EQU,1,fixed_share,,,,0,gender_equality,Burundi EY&F (NKURIZA),Burundi,BDI,AFE,HNP,C,IPF,IDA,2019-09-05,2025-06-30,1,1,0,LIC,0,0,1,30.0,3.4011973816621555,2020,5.817932922655715,0,5.817932922655715
474,P165253,CSC_RES_HEA_SERV,1,fixed_share,,,,0,health,Burundi EY&F (NKURIZA),Burundi,BDI,AFE,HNP,C,IPF,IDA,2019-09-05,2025-06-30,1,1,0,LIC,0,0,1,30.0,3.4011973816621555,2020,5.817932922655715,0,5.817932922655715
475,P165344,CSC_RES_WAT_SAN_HYG,0,no_progress,,,,0,wash,Cam - Sustainable Landscape & Ecotourism,Cambodia,KHM,EAP,ENV,A,IPF,IDA,2019-05-30,2027-12-31,0,1,0,LMC,0,1,1,50.66,3.925136644573529,2019,6.0862422997946615,0,8.588637919233403
476,P165534,CSC_RES_GEN_EQU,1,fixed_share,,,,0,gender_equality,M-APUHC,Mali,MLI,AFW,HNP,C,IPF,IDA,2019-03-19,2024-06-30,1,1,0,LIC,0,0,1,50.0,3.912023005428146,2019,6.283367556468172,0,5.284052019164956
477,P165557,CSC_RES_WAT_SAN_HYG,1,fixed_share,,,,0,wash,GALOP,Ghana,GHA,AFW,EDU,A,IPF,IDA,2019-10-29,2028-12-29,0,0,0,LMC,1,1,1,150.0,5.0106352940962555,2020,5.670088980150582,0,9.169062286105408
478,P165558,CSC_RES_BENE_ENAB_ECO_OPP,0,informative,0.8829916196700575,0.8571428571428571,2.5848762527200364,1,economic_opportunity,DJ: Support for Entrepreneurship,Djibouti,DJI,MENAAP,FCI,C,IPF,IDA,2018-06-08,2024-06-28,0,1,0,LMC,0,0,1,15.0,2.70805020110221,2018,7.060917180013689,0,6.056125941136208
479,P165558,CSC_RES_FIN_SERV,0,informative,0.5499999999999999,0.5,4.999999999999993,1,financial_services,DJ: Support for Entrepreneurship,Djibouti,DJI,MENAAP,FCI,C,IPF,IDA,2018-06-08,2024-06-28,0,1,0,LMC,0,0,1,15.0,2.70805020110221,2018,7.060917180013689,0,6.056125941136208
480,P165558,CSC_RES_GEN_EQU,0,informative,0.8829916196700575,0.8571428571428571,2.5848762527200364,1,gender_equality,DJ: Support for Entrepreneurship,Djibouti,DJI,MENAAP,FCI,C,IPF,IDA,2018-06-08,2024-06-28,0,1,0,LMC,0,0,1,15.0,2.70805020110221,2018,7.060917180013689,0,6.056125941136208
481,P165581,CSC_RES_GEN_EQU,0,women_only,,,,0,gender_equality,Africa Fund for Science,Eastern and Southern Africa,,AFE,EDU,A,IPF,IDA,2018-07-05,2025-12-31,0,0,0,Unknown,0,1,1,15.0,2.70805020110221,2019,6.9869952087611225,0,7.490759753593429
482,P165683,CSC_RES_WAT_SAN_HYG,1,fixed_share,,,,0,wash,Paraiba Improving Water Security,Brazil,BRA,LCR,WAT,A,IPF,IBRD,2019-02-28,2026-06-30,0,0,0,UMC,0,1,0,126.886,4.843289045545256,2019,6.335386721423682,0,7.3347022587268995
483,P165695,CSC_RES_WAT_SAN_HYG,1,fixed_share,,,,0,wash,Brazil -SABESP- SP Water Utility Project,Brazil,BRA,LCR,WAT,A,IPF,IBRD,2018-12-18,2026-06-16,0,0,0,UMC,0,1,0,250.0,5.521460917862246,2019,6.532511978097194,0,7.493497604380561
484,P165855,CSC_RES_BENE_ENAB_ECO_OPP,0,informative,0.8666666666666667,0.9142857142857143,-4.761904761904756,1,economic_opportunity,PRADAC,Central African Republic,CAF,AFW,AGR,A,IPF,IDA,2019-05-17,2025-12-30,1,1,0,LIC,0,1,1,25.0,3.2188758248682006,2019,6.121834360027378,0,6.622861054072553
485,P165855,CSC_RES_GEN_EQU,0,informative,0.8666666666666667,0.9142857142857143,-4.761904761904756,1,gender_equality,PRADAC,Central African Republic,CAF,AFW,AGR,A,IPF,IDA,2019-05-17,2025-12-30,1,1,0,LIC,0,1,1,25.0,3.2188758248682006,2019,6.121834360027378,0,6.622861054072553
486,P165870,CSC_RES_BENE_ENAB_ECO_OPP,0,women_only,,,,0,economic_opportunity,HT Strengthening DRM and Climate Resilie,Haiti,HTI,LCR,URS,A,IPF,IDA,2019-05-16,2026-10-30,1,1,1,LMC,0,1,1,50.5,3.9219733362813143,2019,6.12457221081451,0,7.457905544147844
487,P165870,CSC_RES_GEN_EQU,0,women_only,,,,0,gender_equality,HT Strengthening DRM and Climate Resilie,Haiti,HTI,LCR,URS,A,IPF,IDA,2019-05-16,2026-10-30,1,1,1,LMC,0,1,1,50.5,3.9219733362813143,2019,6.12457221081451,0,7.457905544147844
488,P165872,CSC_RES_WAT_SAN_HYG,0,informative,0.5765575501583949,0.47058823529411764,10.59693148642773,1,wash,UWSSSP,Solomon Islands,SLB,EAP,WAT,A,IPF,IDA,2019-05-16,2027-06-30,1,1,1,LMC,0,1,1,30.0,3.4011973816621555,2019,6.12457221081451,0,8.123203285420944
489,P165873,CSC_RES_BENE_ENAB_ECO_OPP,0,women_only,,,,0,economic_opportunity,SAFPROM,Samoa,WSM,EAP,AGR,C,IPF,IDA,2019-07-02,2025-06-30,0,0,1,UMC,0,0,1,15.98034175,2.7713593262170835,2020,5.9958932238193015,0,5.9958932238193015
490,P165873,CSC_RES_GEN_EQU,0,women_only,,,,0,gender_equality,SAFPROM,Samoa,WSM,EAP,AGR,C,IPF,IDA,2019-07-02,2025-06-30,0,0,1,UMC,0,0,1,15.98034175,2.7713593262170835,2020,5.9958932238193015,0,5.9958932238193015
491,P165945,CSC_RES_BENE_ENAB_ECO_OPP,0,women_only,,,,0,economic_opportunity,Livestock Commercialization Project,Mongolia,MNG,EAP,AGR,A,IPF,IDA,2019-12-13,2026-03-31,0,0,0,UMC,0,1,1,30.0,3.4011973816621555,2020,5.546885694729637,0,6.297056810403833
492,P165945,CSC_RES_GEN_EQU,0,women_only,,,,0,gender_equality,Livestock Commercialization Project,Mongolia,MNG,EAP,AGR,A,IPF,IDA,2019-12-13,2026-03-31,0,0,0,UMC,0,1,1,30.0,3.4011973816621555,2020,5.546885694729637,0,6.297056810403833
493,P166013,CSC_RES_GEN_EQU,0,women_only,,,,0,gender_equality,COMPASS,Comoros,COM,AFE,HNP,A,IPF,IDA,2019-07-02,2026-06-30,1,1,1,LMC,0,1,1,35.0,3.5553480614894135,2020,5.9958932238193015,0,6.995208761122519
494,P166072,CSC_RES_BENE_ENAB_ECO_OPP,0,women_only,,,,0,economic_opportunity,VIVA-Benue,Cameroon,CMR,AFW,AGR,A,IPF,IDA,2020-09-08,2027-06-30,1,0,0,LMC,0,1,1,200.0,5.298317366548036,2021,4.80766598220397,0,6.806297056810404
495,P166072,CSC_RES_GEN_EQU,0,women_only,,,,0,gender_equality,VIVA-Benue,Cameroon,CMR,AFW,AGR,A,IPF,IDA,2020-09-08,2027-06-30,1,0,0,LMC,0,1,1,200.0,5.298317366548036,2021,4.80766598220397,0,6.806297056810404
496,P166100,CSC_RES_BENE_ENAB_ECO_OPP,0,women_only,,,,0,economic_opportunity,Harnessing the Demographic Dividend,Mozambique,MOZ,AFE,SPL,C,IPF,IDA,2020-02-14,2025-06-30,1,1,0,LIC,0,0,1,75.0,4.31748811353631,2020,5.374401095140315,0,5.374401095140315
497,P166100,CSC_RES_GEN_EQU,0,women_only,,,,0,gender_equality,Harnessing the Demographic Dividend,Mozambique,MOZ,AFE,SPL,C,IPF,IDA,2020-02-14,2025-06-30,1,1,0,LIC,0,0,1,75.0,4.31748811353631,2020,5.374401095140315,0,5.374401095140315
498,P166165,CSC_RES_GEN_EQU,1,fixed_share,,,,0,gender_equality,HANSA Project,Lao People's Democratic Republic,LAO,EAP,HNP,C,IPF,IDA,2020-03-12,2024-06-30,0,1,0,LMC,0,0,1,21.82683045,3.0831399676246307,2020,5.300479123887748,0,4.301163586584531
499,P166211,CSC_RES_GEN_EQU,1,fixed_share,,,,0,gender_equality,EY Nutrition and Child Development,Benin,BEN,AFW,HNP,C,IPF,IDA,2019-02-21,2024-05-31,0,1,0,LMC,0,0,1,50.0,3.912023005428146,2019,6.354551676933607,0,5.2731006160164275
500,P166211,CSC_RES_WAT_SAN_HYG,1,fixed_share,,,,0,wash,EY Nutrition and Child Development,Benin,BEN,AFW,HNP,C,IPF,IDA,2019-02-21,2024-05-31,0,1,0,LMC,0,0,1,50.0,3.912023005428146,2019,6.354551676933607,0,5.2731006160164275
501,P166220,CSC_RES_GEN_EQU,0,women_only,,,,0,gender_equality,DJ: Cash Transfer & Human Capital Proj,Djibouti,DJI,MENAAP,SPL,C,IPF,IDA,2019-05-15,2023-12-31,0,1,0,LMC,0,0,1,30.0,3.4011973816621555,2019,6.1273100616016425,0,4.629705681040384
502,P166220,CSC_RES_WAT_SAN_HYG,0,informative,0.49496758785397477,0.5,-0.5032412146025234,1,wash,DJ: Cash Transfer & Human Capital Proj,Djibouti,DJI,MENAAP,SPL,C,IPF,IDA,2019-05-15,2023-12-31,0,1,0,LMC,0,0,1,30.0,3.4011973816621555,2019,6.1273100616016425,0,4.629705681040384
503,P166239,CSC_RES_BENE_ENAB_ECO_OPP,1,fixed_share,,,,0,economic_opportunity,Inno.Dev and Effec in Acq of Ski (IDEAS),Nigeria,NGA,AFW,EDU,A,IPF,IDA,2020-02-18,2025-12-31,1,0,0,LMC,0,1,1,132.4178308,4.885962308151229,2020,5.363449691991787,0,5.867214236824093
504,P166239,CSC_RES_GEN_EQU,0,identical_share,,,,0,gender_equality,Inno.Dev and Effec in Acq of Ski (IDEAS),Nigeria,NGA,AFW,EDU,A,IPF,IDA,2020-02-18,2025-12-31,1,0,0,LMC,0,1,1,132.4178308,4.885962308151229,2020,5.363449691991787,0,5.867214236824093
505,P166305,CSC_RES_BENE_ENAB_ECO_OPP,0,women_only,,,,0,economic_opportunity,Ferghana Valley Enterprise Development,Uzbekistan,UZB,ECA,AGR,A,IPF,IBRD,2019-03-21,2026-03-31,0,0,0,LMC,0,1,0,200.0,5.298317366548036,2019,6.277891854893908,0,7.028062970568104
506,P166305,CSC_RES_GEN_EQU,0,women_only,,,,0,gender_equality,Ferghana Valley Enterprise Development,Uzbekistan,UZB,ECA,AGR,A,IPF,IBRD,2019-03-21,2026-03-31,0,0,0,LMC,0,1,0,200.0,5.298317366548036,2019,6.277891854893908,0,7.028062970568104
507,P166308,CSC_RES_GEN_EQU,0,women_only,,,,0,gender_equality,Balochistan Human Capital Project,Pakistan,PAK,MENAAP,HNP,C,IPF,IDA,2020-06-23,2025-06-30,0,0,0,LMC,0,0,1,36.0,3.58351893845611,2020,5.018480492813142,0,5.018480492813142
508,P166308,CSC_RES_HEA_SERV,0,informative,0.7162706836565341,0.7730496453900709,-5.67789617335368,1,health,Balochistan Human Capital Project,Pakistan,PAK,MENAAP,HNP,C,IPF,IDA,2020-06-23,2025-06-30,0,0,0,LMC,0,0,1,36.0,3.58351893845611,2020,5.018480492813142,0,5.018480492813142
509,P166309,CSC_RES_GEN_EQU,1,fixed_share,,,,0,gender_equality,KP HC Project,Pakistan,PAK,MENAAP,EDU,A,IPF,IDA,2020-06-23,2026-06-30,0,0,0,LMC,0,1,1,200.0,5.298317366548036,2020,5.018480492813142,0,6.017796030116359
510,P166328,CSC_RES_BENE_ENAB_ECO_OPP,1,fixed_share,,,,0,economic_opportunity,DM Agriculture Resilience MST,Dominica,DMA,LCR,AGR,A,IPF,IDA,2018-04-13,2026-03-31,0,0,1,UMC,0,1,1,36.6,3.6000482404073204,2018,7.214236824093087,0,7.964407939767283
511,P166328,CSC_RES_GEN_EQU,0,women_only,,,,0,gender_equality,DM Agriculture Resilience MST,Dominica,DMA,LCR,AGR,A,IPF,IDA,2018-04-13,2026-03-31,0,0,1,UMC,0,1,1,36.6,3.6000482404073204,2018,7.214236824093087,0,7.964407939767283
512,P166420,CSC_RES_FIN_SERV,0,informative,0.42291035080121264,0.5,-7.708964919878736,1,financial_services,UYEP II,Papua New Guinea,PNG,EAP,SOC,A,IPF,IDA,2020-04-22,2027-06-30,1,0,1,LMC,0,1,1,35.0,3.5553480614894135,2020,5.188227241615332,0,7.186858316221766
513,P166537,CSC_RES_BENE_ENAB_ECO_OPP,0,women_only,,,,0,economic_opportunity,Dominica HRP,Dominica,DMA,LCR,URS,C,IPF,IDA,2018-04-13,2025-06-30,0,0,1,UMC,0,0,1,35.01085993,3.555658297075663,2018,7.214236824093087,0,7.214236824093087
514,P166537,CSC_RES_GEN_EQU,0,women_only,,,,0,gender_equality,Dominica HRP,Dominica,DMA,LCR,URS,C,IPF,IDA,2018-04-13,2025-06-30,0,0,1,UMC,0,0,1,35.01085993,3.555658297075663,2018,7.214236824093087,0,7.214236824093087
515,P166538,CSC_RES_WAT_SAN_HYG,0,identical_share,,,,0,wash,Saint-Louis Emergency Recov & Resilience,Senegal,SEN,AFW,URS,A,IPF,IDA,2018-06-07,2026-06-30,0,1,0,LMC,0,1,1,80.0,4.382026634673881,2018,7.063655030800821,0,8.062970568104038
516,P166539,CSC_RES_BENE_ENAB_ECO_OPP,0,women_only,,,,0,economic_opportunity,Gh-GETP-Economic Transformation Project,Ghana,GHA,AFW,FCI,A,IPF,IDA,2019-07-02,2026-06-30,0,0,0,LMC,0,1,1,200.0,5.298317366548036,2020,5.9958932238193015,0,6.995208761122519
517,P166539,CSC_RES_GEN_EQU,0,women_only,,,,0,gender_equality,Gh-GETP-Economic Transformation Project,Ghana,GHA,AFW,FCI,A,IPF,IDA,2019-07-02,2026-06-30,0,0,0,LMC,0,1,1,200.0,5.298317366548036,2020,5.9958932238193015,0,6.995208761122519
518,P166685,CSC_RES_BENE_ENAB_ECO_OPP,0,women_only,,,,0,economic_opportunity,UG-Electricity Access Scale-up Project,Uganda,UGA,AFE,EAE,A,IPF,IDA,2022-03-31,2027-06-30,0,1,0,LIC,1,1,1,568.0,6.342121418721152,2022,3.249828884325804,0,5.248459958932238
519,P166685,CSC_RES_GEN_EQU,0,women_only,,,,0,gender_equality,UG-Electricity Access Scale-up Project,Uganda,UGA,AFE,EAE,A,IPF,IDA,2022-03-31,2027-06-30,0,1,0,LIC,1,1,1,568.0,6.342121418721152,2022,3.249828884325804,0,5.248459958932238
520,P166695,CSC_RES_GEN_EQU,0,women_only,,,,0,gender_equality,GAMBIA FISCAL MANAGEMENT PROJECT,"Gambia, The",GMB,AFW,GOV,C,IPF,IDA,2020-06-04,2024-06-30,0,1,0,LIC,1,0,1,19.526775129999997,2.971786607342203,2020,5.070499657768652,0,4.071184120465435
521,P166697,CSC_RES_WAT_SAN_HYG,0,no_progress,,,,0,wash,Eswatini WSSAP,Eswatini,SWZ,AFE,WAT,A,IPF,IBRD,2019-10-10,2026-09-30,0,0,0,LMC,1,1,0,53.0,3.970291913552122,2020,5.722108145106092,0,6.973305954825462
522,P166730,CSC_RES_GEN_EQU,0,women_only,,,,0,gender_equality,GY Petroleum Resources Governance & Mngt,Guyana,GUY,LCR,EAE,A,IPF,IDA,2019-03-29,2025-12-31,0,0,1,HIC,0,1,1,20.0,2.995732273553991,2019,6.2559890485968515,0,6.759753593429158
523,P166732,CSC_RES_BENE_ENAB_ECO_OPP,0,women_only,,,,0,economic_opportunity,Karachi Mobility Project,Pakistan,PAK,MENAAP,TDD,A,IPF,IBRD,2019-06-27,2025-12-31,0,0,0,LMC,0,1,0,382.0,5.945420608606575,2019,6.009582477754963,0,6.513347022587269
524,P166732,CSC_RES_GEN_EQU,0,women_only,,,,0,gender_equality,Karachi Mobility Project,Pakistan,PAK,MENAAP,TDD,A,IPF,IBRD,2019-06-27,2025-12-31,0,0,0,LMC,0,1,0,382.0,5.945420608606575,2019,6.009582477754963,0,6.513347022587269
525,P166783,CSC_RES_HEA_SERV,0,informative,0.6691111474873138,0.606,6.3111147487313835,1,health,LC Health System Strengthening,St. Lucia,LCA,LCR,HNP,C,IPF,IDA,2018-09-28,2025-10-16,0,0,1,UMC,0,0,1,25.0,3.2188758248682006,2019,6.754277891854894,0,7.049965776865161
526,P166941,CSC_RES_BENE_ENAB_ECO_OPP,1,fixed_share,,,,0,economic_opportunity,Accelerating Private Investment in Agric,Ukraine,UKR,ECA,AGR,C,P4R,IBRD,2019-05-24,2024-06-30,1,0,0,UMC,0,0,0,200.0,5.298317366548036,2019,6.102669404517454,0,5.103353867214237
527,P166941,CSC_RES_GEN_EQU,0,identical_share,,,,0,gender_equality,Accelerating Private Investment in Agric,Ukraine,UKR,ECA,AGR,C,P4R,IBRD,2019-05-24,2024-06-30,1,0,0,UMC,0,0,0,200.0,5.298317366548036,2019,6.102669404517454,0,5.103353867214237
528,P167000,CSC_RES_GEN_EQU,1,fixed_share,,,,0,gender_equality,EG: Transforming Egypt's Healthcare Sys,"Egypt, Arab Republic of",EGY,MENAAP,HNP,A,IPF,IBRD,2018-06-27,2025-12-31,0,0,0,LMC,0,1,0,530.0,6.272877006546167,2018,7.008898015058179,0,7.512662559890486
529,P167156,CSC_RES_GEN_EQU,0,no_progress,,,,0,gender_equality,NG Child Health for Human Capital MPA,Nigeria,NGA,AFW,HNP,A,IPF,IDA,2020-02-18,2025-12-31,1,0,0,LMC,0,1,1,650.0,6.476972362889683,2020,5.363449691991787,0,5.867214236824093
530,P167156,CSC_RES_HEA_SERV,0,identical_share,,,,0,health,NG Child Health for Human Capital MPA,Nigeria,NGA,AFW,HNP,A,IPF,IDA,2020-02-18,2025-12-31,1,0,0,LMC,0,1,1,650.0,6.476972362889683,2020,5.363449691991787,0,5.867214236824093
531,P167183,CSC_RES_BENE_ENAB_ECO_OPP,0,women_only,,,,0,economic_opportunity,Nigeria ID4D Project,Nigeria,NGA,AFW,DDT,A,IPF,IDA,2020-02-18,2026-12-31,1,0,0,LMC,0,1,1,115.0,4.74493212836325,2020,5.363449691991787,0,6.86652977412731
532,P167183,CSC_RES_GEN_EQU,0,women_only,,,,0,gender_equality,Nigeria ID4D Project,Nigeria,NGA,AFW,DDT,A,IPF,IDA,2020-02-18,2026-12-31,1,0,0,LMC,0,1,1,115.0,4.74493212836325,2020,5.363449691991787,0,6.86652977412731
533,P167184,CSC_RES_HEA_SERV,1,fixed_share,,,,0,health,PNG IMPACT Health,Papua New Guinea,PNG,EAP,HNP,A,IPF,IDA,2020-04-22,2026-06-30,1,0,1,LMC,0,1,1,30.0,3.4011973816621555,2020,5.188227241615332,0,6.187542778918549
534,P167328,CSC_RES_WAT_SAN_HYG,1,fixed_share,,,,0,wash,MR-MWSSP,Mauritania,MRT,AFW,WAT,A,IPF,IDA,2020-03-30,2026-05-30,0,1,0,LMC,1,1,1,44.0,3.784189633918261,2020,5.25119780971937,0,6.165639972621492
535,P167380,CSC_RES_BENE_ENAB_ECO_OPP,0,women_only,,,,0,economic_opportunity,TN: Innovative Startups and SMEs (iSMEs),Tunisia,TUN,MENAAP,FCI,A,IPF,IBRD,2019-06-14,2028-11-30,0,0,0,LMC,1,1,0,75.0,4.31748811353631,2019,6.04517453798768,0,9.464750171115675
536,P167380,CSC_RES_FIN_SERV,0,informative,0.536723163841808,0.2,33.672316384180796,1,financial_services,TN: Innovative Startups and SMEs (iSMEs),Tunisia,TUN,MENAAP,FCI,A,IPF,IBRD,2019-06-14,2028-11-30,0,0,0,LMC,1,1,0,75.0,4.31748811353631,2019,6.04517453798768,0,9.464750171115675
537,P167380,CSC_RES_GEN_EQU,0,women_only,,,,0,gender_equality,TN: Innovative Startups and SMEs (iSMEs),Tunisia,TUN,MENAAP,FCI,A,IPF,IBRD,2019-06-14,2028-11-30,0,0,0,LMC,1,1,0,75.0,4.31748811353631,2019,6.04517453798768,0,9.464750171115675
538,P167416,CSC_RES_GEN_EQU,1,fixed_share,,,,0,gender_equality,Social Safety Net Project,Ecuador,ECU,LCR,SPL,A,IPF,IBRD,2019-04-03,2027-06-30,0,0,0,UMC,1,1,0,650.0,6.476972362889683,2019,6.242299794661191,0,8.240930869267626
539,P167428,CSC_RES_BENE_ENAB_ECO_OPP,0,women_only,,,,0,economic_opportunity,RED-1,Kyrgyz Republic,KGZ,ECA,URS,A,IPF,IDA,2020-03-12,2028-11-17,0,0,0,LMC,1,1,1,68.5,4.22683374526818,2020,5.300479123887748,0,8.684462696783026
540,P167428,CSC_RES_GEN_EQU,0,women_only,,,,0,gender_equality,RED-1,Kyrgyz Republic,KGZ,ECA,URS,A,IPF,IDA,2020-03-12,2028-11-17,0,0,0,LMC,1,1,1,68.5,4.22683374526818,2020,5.300479123887748,0,8.684462696783026
541,P167455,CSC_RES_WAT_SAN_HYG,1,fixed_share,,,,0,wash,Projeto Ceara Sao Jose IV,Brazil,BRA,LCR,AGR,A,IPF,IBRD,2019-07-18,2027-09-30,0,0,0,UMC,0,1,0,100.0,4.605170185988092,2020,5.952087611225188,0,8.202600958247775
542,P167506,CSC_RES_BENE_ENAB_ECO_OPP,0,no_progress,,,,0,economic_opportunity,ASSET,Bangladesh,BGD,SAR,EDU,A,IPF,IDA,2021-05-20,2026-12-31,0,1,0,LMC,1,1,1,201.15285968999999,5.304065114998693,2021,4.112251882272417,0,5.61533196440794
543,P167506,CSC_RES_GEN_EQU,0,no_progress,,,,0,gender_equality,ASSET,Bangladesh,BGD,SAR,EDU,A,IPF,IDA,2021-05-20,2026-12-31,0,1,0,LMC,1,1,1,201.15285968999999,5.304065114998693,2021,4.112251882272417,0,5.61533196440794
544,P167512,CSC_RES_GEN_EQU,1,fixed_share,,,,0,gender_equality,Strengthening PHC in HT,Haiti,HTI,LCR,HNP,A,IPF,IDA,2019-05-16,2026-12-31,1,1,1,LMC,0,1,1,75.0,4.31748811353631,2019,6.12457221081451,0,7.627652292950034
545,P167512,CSC_RES_HEA_SERV,0,informative,0.10044644400778091,0.11842105263157894,-1.797460862379803,1,health,Strengthening PHC in HT,Haiti,HTI,LCR,HNP,A,IPF,IDA,2019-05-16,2026-12-31,1,1,1,LMC,0,1,1,75.0,4.31748811353631,2019,6.12457221081451,0,7.627652292950034
546,P167543,CSC_RES_BENE_ENAB_ECO_OPP,0,women_only,,,,0,economic_opportunity,Niger Smart Villages,Niger,NER,AFW,DDT,A,IPF,IDA,2020-07-08,2026-10-23,1,1,0,LIC,0,1,1,100.0,4.605170185988092,2021,4.97741273100616,0,6.291581108829569
547,P167543,CSC_RES_FIN_SERV,0,informative,0.6388097686565508,0.5,13.880976865655082,1,financial_services,Niger Smart Villages,Niger,NER,AFW,DDT,A,IPF,IDA,2020-07-08,2026-10-23,1,1,0,LIC,0,1,1,100.0,4.605170185988092,2021,4.97741273100616,0,6.291581108829569
548,P167543,CSC_RES_GEN_EQU,0,women_only,,,,0,gender_equality,Niger Smart Villages,Niger,NER,AFW,DDT,A,IPF,IDA,2020-07-08,2026-10-23,1,1,0,LIC,0,1,1,100.0,4.605170185988092,2021,4.97741273100616,0,6.291581108829569
549,P167598,CSC_RES_GEN_EQU,0,women_only,,,,0,gender_equality,Primary Health Care Quality Improvement,Kyrgyz Republic,KGZ,ECA,HNP,A,P4R,IDA,2019-06-07,2027-06-30,0,0,0,LMC,1,1,1,20.0,2.995732273553991,2019,6.064339493497604,0,8.062970568104038
550,P167598,CSC_RES_HEA_SERV,1,fixed_share,,,,0,health,Primary Health Care Quality Improvement,Kyrgyz Republic,KGZ,ECA,HNP,A,P4R,IDA,2019-06-07,2027-06-30,0,0,0,LMC,1,1,1,20.0,2.995732273553991,2019,6.064339493497604,0,8.062970568104038
551,P167619,CSC_RES_GEN_EQU,0,informative,0.5091744285042632,0.5079086894352564,0.12657390690068437,1,gender_equality,MA: Education Support Program,Morocco,MAR,MENAAP,EDU,A,P4R,IBRD,2019-06-20,2026-07-31,0,0,0,LMC,1,1,0,750.0,6.620073206530356,2019,6.028747433264887,0,7.112936344969199
552,P167678,CSC_RES_BENE_ENAB_ECO_OPP,0,no_progress,,,,0,economic_opportunity,GFM,Benin,BEN,AFW,ENV,A,IPF,IDA,2019-05-30,2026-11-30,0,1,0,LMC,0,1,1,90.1001026,4.500921303348383,2019,6.0862422997946615,0,7.5044490075290895
553,P167678,CSC_RES_GEN_EQU,0,no_progress,,,,0,gender_equality,GFM,Benin,BEN,AFW,ENV,A,IPF,IDA,2019-05-30,2026-11-30,0,1,0,LMC,0,1,1,90.1001026,4.500921303348383,2019,6.0862422997946615,0,7.5044490075290895
554,P167681,CSC_RES_BENE_ENAB_ECO_OPP,0,women_only,,,,0,economic_opportunity,Youth Employability,Senegal,SEN,AFW,SPL,C,IPF,IDA,2018-11-21,2024-06-30,0,1,0,LMC,0,0,1,34.04588752,3.5277092476214276,2019,6.606433949349761,0,5.607118412046543
555,P167681,CSC_RES_GEN_EQU,0,women_only,,,,0,gender_equality,Youth Employability,Senegal,SEN,AFW,SPL,C,IPF,IDA,2018-11-21,2024-06-30,0,1,0,LMC,0,0,1,34.04588752,3.5277092476214276,2019,6.606433949349761,0,5.607118412046543
556,P167762,CSC_RES_GEN_EQU,0,women_only,,,,0,gender_equality,Emergency Multi-Sector Rohingya Project,Bangladesh,BGD,SAR,URS,A,IPF,IDA,2019-03-07,2025-12-31,0,1,0,LMC,0,1,1,261.40672969999997,5.56607754569423,2019,6.316221765913758,0,6.8199863107460645
557,P167790,CSC_RES_GEN_EQU,0,women_only,,,,0,gender_equality,Higher Education Project,Moldova,MDA,ECA,EDU,A,IPF,IDA,2020-03-05,2029-12-31,0,0,0,UMC,1,1,1,71.8,4.273884476054178,2020,5.319644079397673,0,9.82340862422998
558,P167794,CSC_RES_WAT_SAN_HYG,0,identical_share,,,,0,wash,One WASH CWA,Ethiopia,ETH,AFE,WAT,A,IPF,IDA,2019-06-13,2027-01-07,1,1,0,Unknown,0,1,1,300.0,5.703782474656201,2019,6.047912388774812,0,7.57015742642026
559,P167860,CSC_RES_BENE_ENAB_ECO_OPP,1,fixed_share,,,,0,economic_opportunity,MWASIP,Malawi,MWI,AFE,WAT,A,IPF,IDA,2020-06-19,2026-07-31,0,1,0,LIC,1,1,1,107.88355935999999,4.681052491423949,2020,5.02943189596167,0,6.113620807665982
560,P167860,CSC_RES_GEN_EQU,0,identical_share,,,,0,gender_equality,MWASIP,Malawi,MWI,AFE,WAT,A,IPF,IDA,2020-06-19,2026-07-31,0,1,0,LIC,1,1,1,107.88355935999999,4.681052491423949,2020,5.02943189596167,0,6.113620807665982
561,P167860,CSC_RES_WAT_SAN_HYG,1,fixed_share,,,,0,wash,MWASIP,Malawi,MWI,AFE,WAT,A,IPF,IDA,2020-06-19,2026-07-31,0,1,0,LIC,1,1,1,107.88355935999999,4.681052491423949,2020,5.02943189596167,0,6.113620807665982
562,P167890,CSC_RES_GEN_EQU,0,women_only,,,,0,gender_equality,Health System Strengthening,"Congo, Republic of",COG,AFW,HNP,C,IPF,IDA,2021-06-02,2025-08-31,1,0,0,LMC,1,0,1,35.0298062,3.5561993047932923,2021,4.076659822039699,0,4.246406570841889
563,P167890,CSC_RES_HEA_SERV,0,informative,0.7418391950954798,0.9132170774629492,-17.137788236746943,1,health,Health System Strengthening,"Congo, Republic of",COG,AFW,HNP,C,IPF,IDA,2021-06-02,2025-08-31,1,0,0,LMC,1,0,1,35.0298062,3.5561993047932923,2021,4.076659822039699,0,4.246406570841889
564,P167894,CSC_RES_BENE_ENAB_ECO_OPP,1,fixed_share,,,,0,economic_opportunity,MA North-East Project,Morocco,MAR,MENAAP,TDD,A,IPF,IBRD,2022-06-23,2029-12-31,0,0,0,LMC,1,1,0,250.0,5.521460917862246,2022,3.0198494182067077,0,7.523613963039014
565,P167894,CSC_RES_GEN_EQU,0,no_progress,,,,0,gender_equality,MA North-East Project,Morocco,MAR,MENAAP,TDD,A,IPF,IBRD,2022-06-23,2029-12-31,0,0,0,LMC,1,1,0,250.0,5.521460917862246,2022,3.0198494182067077,0,7.523613963039014
566,P167897,CSC_RES_GEN_EQU,0,women_only,,,,0,gender_equality,Sierra Leone Free Education Project,Sierra Leone,SLE,AFW,EDU,A,IPF,IDA,2020-06-29,2027-12-31,0,1,0,LIC,1,1,1,70.0,4.248495242049359,2020,5.002053388090349,0,7.5044490075290895
567,P167900,CSC_RES_BENE_ENAB_ECO_OPP,0,no_progress,,,,0,economic_opportunity,Tunisia Economic Corridor,Tunisia,TUN,MENAAP,TDD,A,IPF,IBRD,2024-03-14,2030-05-31,0,0,0,LMC,1,1,0,220.0,5.393627546352362,2024,1.2950034223134839,0,6.2121834360027375
568,P167900,CSC_RES_GEN_EQU,0,no_progress,,,,0,gender_equality,Tunisia Economic Corridor,Tunisia,TUN,MENAAP,TDD,A,IPF,IBRD,2024-03-14,2030-05-31,0,0,0,LMC,1,1,0,220.0,5.393627546352362,2024,1.2950034223134839,0,6.2121834360027375
569,P167901,CSC_RES_WAT_SAN_HYG,0,no_progress,,,,0,wash,Timor Leste Water & Sanitation Project,Timor-Leste,TLS,EAP,WAT,C,IPF,IDA,2020-04-22,2025-02-04,1,1,1,LMC,1,0,1,1.24263,0.21723010128214323,2020,5.188227241615332,0,4.788501026694045
570,P167901,CSC_RES_WAT_SAN_SAFE,1,fixed_share,,,,0,wash,Timor Leste Water & Sanitation Project,Timor-Leste,TLS,EAP,WAT,C,IPF,IDA,2020-04-22,2025-02-04,1,1,1,LMC,1,0,1,1.24263,0.21723010128214323,2020,5.188227241615332,0,4.788501026694045
571,P167945,CSC_RES_BENE_ENAB_ECO_OPP,0,women_only,,,,0,economic_opportunity,Agriculture Resilience & Competitiveness,Burkina Faso,BFA,AFW,AGR,A,IPF,IDA,2019-08-30,2026-06-30,1,1,0,LIC,0,1,1,151.8596,5.022956409776614,2020,5.834360027378508,0,6.833675564681725
572,P167945,CSC_RES_GEN_EQU,0,women_only,,,,0,gender_equality,Agriculture Resilience & Competitiveness,Burkina Faso,BFA,AFW,AGR,A,IPF,IDA,2019-08-30,2026-06-30,1,1,0,LIC,0,1,1,151.8596,5.022956409776614,2020,5.834360027378508,0,6.833675564681725
573,P167959,CSC_RES_GEN_EQU,0,women_only,,,,0,gender_equality,Strategic Purchasing in Health,Cote d'Ivoire,CIV,AFW,HNP,C,IPF,IDA,2019-03-22,2025-04-14,0,0,0,LMC,0,0,1,200.0,5.298317366548036,2019,6.275154004106776,0,6.064339493497604
574,P167996,CSC_RES_HEA_SERV,1,fixed_share,,,,0,health,PY Public Health Sector Strengthening,Paraguay,PRY,LCR,HNP,A,IPF,IBRD,2019-05-28,2026-06-30,0,0,0,UMC,0,1,0,115.0,4.74493212836325,2019,6.091718001368926,0,7.091033538672143
575,P168061,CSC_RES_GEN_EQU,0,no_progress,,,,0,gender_equality,HUBEI SMART & SUSTAINABLE AGRICULTURE,China,CHN,EAP,AGR,A,IPF,IBRD,2020-05-21,2025-12-31,0,0,0,UMC,0,1,0,150.0,5.0106352940962555,2020,5.108829568788501,0,5.6125941136208075
576,P168115,CSC_RES_BENE_ENAB_ECO_OPP,0,women_only,,,,0,economic_opportunity,Somalia SCALED-UP,"Somalia, Federal Republic of",SOM,AFE,FCI,A,IPF,IDA,2019-03-07,2026-06-30,1,1,0,LIC,0,1,1,68.0,4.219507705176107,2019,6.316221765913758,0,7.315537303216975
577,P168115,CSC_RES_FIN_SERV,0,informative,0.43000000000000005,0.4,3.0000000000000027,1,financial_services,Somalia SCALED-UP,"Somalia, Federal Republic of",SOM,AFE,FCI,A,IPF,IDA,2019-03-07,2026-06-30,1,1,0,LIC,0,1,1,68.0,4.219507705176107,2019,6.316221765913758,0,7.315537303216975
578,P168115,CSC_RES_GEN_EQU,0,women_only,,,,0,gender_equality,Somalia SCALED-UP,"Somalia, Federal Republic of",SOM,AFE,FCI,A,IPF,IDA,2019-03-07,2026-06-30,1,1,0,LIC,0,1,1,68.0,4.219507705176107,2019,6.316221765913758,0,7.315537303216975
579,P168132,CSC_RES_BENE_ENAB_ECO_OPP,0,women_only,,,,0,economic_opportunity,AGRICULTURE COMPETITIVENESS PROJECT,Benin,BEN,AFW,AGR,A,IPF,IDA,2020-06-02,2030-04-30,0,1,0,LMC,1,1,1,310.0,5.736572297479192,2020,5.075975359342916,0,9.908281998631075
580,P168132,CSC_RES_FIN_SERV,0,informative,0.3887147335423197,0.5494505494505495,-16.07358159082298,1,financial_services,AGRICULTURE COMPETITIVENESS PROJECT,Benin,BEN,AFW,AGR,A,IPF,IDA,2020-06-02,2030-04-30,0,1,0,LMC,1,1,1,310.0,5.736572297479192,2020,5.075975359342916,0,9.908281998631075
581,P168132,CSC_RES_GEN_EQU,0,women_only,,,,0,gender_equality,AGRICULTURE COMPETITIVENESS PROJECT,Benin,BEN,AFW,AGR,A,IPF,IDA,2020-06-02,2030-04-30,0,1,0,LMC,1,1,1,310.0,5.736572297479192,2020,5.075975359342916,0,9.908281998631075
582,P168290,CSC_RES_WAT_SAN_HYG,1,fixed_share,,,,0,wash,VN-DCIDP,Viet Nam,VNM,EAP,URS,A,IPF,IDA,2019-06-11,2026-12-31,0,0,0,LMC,0,1,1,194.36,5.269712109537703,2019,6.053388090349076,0,7.5564681724846
583,P168326,CSC_RES_BENE_ENAB_ECO_OPP,1,fixed_share,,,,0,economic_opportunity,REDP,Tajikistan,TJK,ECA,FCI,A,IPF,IDA,2019-06-20,2025-12-31,0,0,0,LMC,1,1,1,30.0,3.4011973816621555,2019,6.028747433264887,0,6.532511978097194
584,P168326,CSC_RES_GEN_EQU,0,identical_share,,,,0,gender_equality,REDP,Tajikistan,TJK,ECA,FCI,A,IPF,IDA,2019-06-20,2025-12-31,0,0,0,LMC,1,1,1,30.0,3.4011973816621555,2019,6.028747433264887,0,6.532511978097194
585,P168385,CSC_RES_BENE_ENAB_ECO_OPP,1,fixed_share,,,,0,economic_opportunity,COMRURAL II,Honduras,HND,LCR,AGR,A,IPF,IDA,2019-06-27,2026-03-31,0,0,0,LMC,0,1,1,75.0,4.31748811353631,2019,6.009582477754963,0,6.759753593429158
586,P168385,CSC_RES_GEN_EQU,0,women_only,,,,0,gender_equality,COMRURAL II,Honduras,HND,LCR,AGR,A,IPF,IDA,2019-06-27,2026-03-31,0,0,0,LMC,0,1,1,75.0,4.31748811353631,2019,6.009582477754963,0,6.759753593429158
587,P168425,CSC_RES_BENE_ENAB_ECO_OPP,0,no_progress,,,,0,economic_opportunity,TN: Tunisia GovTech,Tunisia,TUN,MENAAP,DDT,A,IPF,IBRD,2019-06-14,2027-05-30,0,0,0,LMC,1,1,0,100.0,4.605170185988092,2019,6.04517453798768,0,7.958932238193018
588,P168425,CSC_RES_GEN_EQU,0,no_progress,,,,0,gender_equality,TN: Tunisia GovTech,Tunisia,TUN,MENAAP,DDT,A,IPF,IBRD,2019-06-14,2027-05-30,0,0,0,LMC,1,1,0,100.0,4.605170185988092,2019,6.04517453798768,0,7.958932238193018
589,P168549,CSC_RES_FIN_SERV,0,identical_share,,,,0,financial_services,Sint Maarten Enterprise Support Project,St Maarten,SXM,LCR,FCI,A,IPF,RETF,2019-04-04,2028-06-30,0,0,0,HIC,0,1,0,25.0,3.2188758248682006,2019,6.239561943874059,0,9.240246406570842
590,P168564,CSC_RES_GEN_EQU,1,fixed_share,,,,0,gender_equality,Eswatini Health System Strengthening,Eswatini,SWZ,AFE,HNP,C,IPF,IBRD,2020-06-22,2025-09-30,0,0,0,LMC,1,0,0,20.0,2.995732273553991,2020,5.021218343600274,0,5.2731006160164275
591,P168564,CSC_RES_HEA_SERV,1,fixed_share,,,,0,health,Eswatini Health System Strengthening,Eswatini,SWZ,AFE,HNP,C,IPF,IBRD,2020-06-22,2025-09-30,0,0,0,LMC,1,0,0,20.0,2.995732273553991,2020,5.021218343600274,0,5.2731006160164275
592,P168577,CSC_RES_BENE_ENAB_ECO_OPP,0,informative,1.0,0.6,40.0,1,economic_opportunity,FInES,Malawi,MWI,AFE,FCI,A,IPF,IDA,2020-08-25,2026-03-31,0,1,0,LIC,1,1,1,86.0,4.454347296253507,2021,4.84599589322382,0,5.596167008898015
593,P168577,CSC_RES_GEN_EQU,0,informative,1.0,0.6,40.0,1,gender_equality,FInES,Malawi,MWI,AFE,FCI,A,IPF,IDA,2020-08-25,2026-03-31,0,1,0,LIC,1,1,1,86.0,4.454347296253507,2021,4.84599589322382,0,5.596167008898015
594,P168608,CSC_RES_WAT_SAN_HYG,0,no_progress,,,,0,wash,Resilient Urban Sierra Leone Project,Sierra Leone,SLE,AFW,URS,A,IPF,IDA,2021-06-25,2028-07-31,0,1,0,LIC,1,1,1,50.0,3.912023005428146,2021,4.01368925393566,0,7.099247091033539
595,P168613,CSC_RES_BENE_ENAB_ECO_OPP,0,no_progress,,,,0,economic_opportunity,GN - NRM and Mining project,Guinea,GIN,AFW,ENV,A,IPF,IDA,2021-05-26,2027-09-30,0,1,0,LMC,1,1,1,65.0,4.174387269895637,2021,4.095824777549623,0,6.346338124572211
596,P168613,CSC_RES_GEN_EQU,0,no_progress,,,,0,gender_equality,GN - NRM and Mining project,Guinea,GIN,AFW,ENV,A,IPF,IDA,2021-05-26,2027-09-30,0,1,0,LMC,1,1,1,65.0,4.174387269895637,2021,4.095824777549623,0,6.346338124572211
597,P168633,CSC_RES_BENE_ENAB_ECO_OPP,1,fixed_share,,,,0,economic_opportunity,KSWMP,India,IND,SAR,URS,A,IPF,IBRD,2021-03-09,2027-06-30,0,0,0,LMC,0,1,0,72.56,4.2844138058068815,2021,4.309377138945927,0,6.308008213552362
598,P168633,CSC_RES_GEN_EQU,0,no_progress,,,,0,gender_equality,KSWMP,India,IND,SAR,URS,A,IPF,IBRD,2021-03-09,2027-06-30,0,0,0,LMC,0,1,0,72.56,4.2844138058068815,2021,4.309377138945927,0,6.308008213552362
599,P168633,CSC_RES_WAT_SAN_HYG,1,fixed_share,,,,0,wash,KSWMP,India,IND,SAR,URS,A,IPF,IBRD,2021-03-09,2027-06-30,0,0,0,LMC,0,1,0,72.56,4.2844138058068815,2021,4.309377138945927,0,6.308008213552362
600,P168756,CSC_RES_GEN_EQU,1,fixed_share,,,,0,gender_equality,DRC Nutrition Project,"Congo, Democratic Republic of",COD,AFE,HNP,A,IPF,IDA,2019-05-28,2026-07-04,1,1,0,LIC,1,1,1,542.0,6.295266001439646,2019,6.091718001368926,0,7.101984941820671
601,P168772,CSC_RES_GEN_EQU,0,women_only,,,,0,gender_equality,VIVA Logone,Cameroon,CMR,AFW,WAT,A,IPF,IDA,2021-11-30,2029-06-30,1,0,0,LMC,0,1,1,200.0,5.298317366548036,2022,3.5811088295687883,0,7.581108829568788
602,P168772,CSC_RES_WAT_SAN_HYG,1,fixed_share,,,,0,wash,VIVA Logone,Cameroon,CMR,AFW,WAT,A,IPF,IDA,2021-11-30,2029-06-30,1,0,0,LMC,0,1,1,200.0,5.298317366548036,2022,3.5811088295687883,0,7.581108829568788
603,P168777,CSC_RES_FIN_SERV,0,informative,0.22218105191487694,0.2629310344827586,-4.0749982567881675,1,financial_services,Nafa Program Support Project,Guinea,GIN,AFW,SPL,A,IPF,IDA,2020-05-29,2026-12-31,0,1,0,LMC,1,1,1,200.0,5.298317366548036,2020,5.086926762491444,0,6.590006844626968
604,P168777,CSC_RES_GEN_EQU,1,fixed_share,,,,0,gender_equality,Nafa Program Support Project,Guinea,GIN,AFW,SPL,A,IPF,IDA,2020-05-29,2026-12-31,0,1,0,LMC,1,1,1,200.0,5.298317366548036,2020,5.086926762491444,0,6.590006844626968
605,P168779,CSC_RES_GEN_EQU,0,no_progress,,,,0,gender_equality,Niger LIRE,Niger,NER,AFW,EDU,A,IPF,IDA,2020-04-06,2029-04-30,1,1,0,LIC,1,1,1,370.0,5.91350300563827,2020,5.232032854209446,0,9.065023956194388
606,P168812,CSC_RES_BENE_ENAB_ECO_OPP,1,fixed_share,,,,0,economic_opportunity,PAFEEM,Mali,MLI,AFW,FCI,A,IPF,IDA,2021-03-17,2026-03-17,1,1,0,LIC,1,1,1,60.0,4.0943445622221,2021,4.287474332648871,0,4.999315537303217
607,P168812,CSC_RES_FIN_SERV,0,informative,0.22449729729729728,0.3,-7.55027027027027,1,financial_services,PAFEEM,Mali,MLI,AFW,FCI,A,IPF,IDA,2021-03-17,2026-03-17,1,1,0,LIC,1,1,1,60.0,4.0943445622221,2021,4.287474332648871,0,4.999315537303217
608,P168812,CSC_RES_GEN_EQU,0,inconsistent,,,,0,gender_equality,PAFEEM,Mali,MLI,AFW,FCI,A,IPF,IDA,2021-03-17,2026-03-17,1,1,0,LIC,1,1,1,60.0,4.0943445622221,2021,4.287474332648871,0,4.999315537303217
609,P168943,CSC_RES_WAT_SAN_HYG,0,no_progress,,,,0,wash,BiH WSS Modernization Project,Bosnia and Herzegovina,BIH,ECA,WAT,A,IPF,IBRD,2021-11-24,2027-11-30,0,0,0,UMC,1,1,0,60.9,4.109233174715851,2022,3.597535934291581,0,6.015058179329227
610,P168943,CSC_RES_WAT_SAN_SAFE,0,no_progress,,,,0,wash,BiH WSS Modernization Project,Bosnia and Herzegovina,BIH,ECA,WAT,A,IPF,IBRD,2021-11-24,2027-11-30,0,0,0,UMC,1,1,0,60.9,4.109233174715851,2022,3.597535934291581,0,6.015058179329227
611,P169021,CSC_RES_BENE_ENAB_ECO_OPP,0,no_progress,,,,0,economic_opportunity,National Agriculture Development Program,"Congo, Democratic Republic of",COD,AFE,AGR,A,IPF,IDA,2021-06-25,2027-12-31,1,1,0,LIC,1,1,1,295.62067442,5.689077127156062,2021,4.01368925393566,0,6.5160848733744015
612,P169021,CSC_RES_GEN_EQU,0,no_progress,,,,0,gender_equality,National Agriculture Development Program,"Congo, Democratic Republic of",COD,AFE,AGR,A,IPF,IDA,2021-06-25,2027-12-31,1,1,0,LIC,1,1,1,295.62067442,5.689077127156062,2021,4.01368925393566,0,6.5160848733744015
613,P169064,CSC_RES_GEN_EQU,0,women_only,,,,0,gender_equality,Second ACE Impact,Nigeria,NGA,AFW,EDU,C,IPF,IDA,2019-11-26,2025-06-30,1,0,0,LMC,0,0,1,131.0,4.875197323201151,2020,5.593429158110883,0,5.593429158110883
614,P169071,CSC_RES_WAT_SAN_HYG,0,identical_share,,,,0,wash,Punjab Rural Sustainable WSS Project,Pakistan,PAK,MENAAP,WAT,A,IPF,IBRD,2021-06-18,2028-06-30,0,0,0,LMC,0,1,0,442.4,6.092214450208125,2021,4.032854209445585,0,7.0335386721423685
615,P169071,CSC_RES_WAT_SAN_SAFE,1,fixed_share,,,,0,wash,Punjab Rural Sustainable WSS Project,Pakistan,PAK,MENAAP,WAT,A,IPF,IBRD,2021-06-18,2028-06-30,0,0,0,LMC,0,1,0,442.4,6.092214450208125,2021,4.032854209445585,0,7.0335386721423685
616,P169134,CSC_RES_BENE_ENAB_ECO_OPP,0,no_progress,,,,0,economic_opportunity,Mobility and Inclusion in Belo Horizonte,Brazil,BRA,LCR,TDD,A,IPF,IBRD,2020-03-24,2028-09-30,0,0,0,UMC,1,1,0,80.0,4.382026634673881,2020,5.2676249144421625,0,8.5201916495551
617,P169134,CSC_RES_GEN_EQU,0,no_progress,,,,0,gender_equality,Mobility and Inclusion in Belo Horizonte,Brazil,BRA,LCR,TDD,A,IPF,IBRD,2020-03-24,2028-09-30,0,0,0,UMC,1,1,0,80.0,4.382026634673881,2020,5.2676249144421625,0,8.5201916495551
618,P169165,CSC_RES_BENE_ENAB_ECO_OPP,1,fixed_share,,,,0,economic_opportunity,TZ-PSSN II,Tanzania,TZA,AFE,SPL,C,IPF,IDA,2019-09-12,2025-09-30,0,1,0,LMC,1,0,1,650.0,6.476972362889683,2020,5.798767967145791,0,6.050650239561944
619,P169165,CSC_RES_GEN_EQU,1,fixed_share,,,,0,gender_equality,TZ-PSSN II,Tanzania,TZA,AFE,SPL,C,IPF,IDA,2019-09-12,2025-09-30,0,1,0,LMC,1,0,1,650.0,6.476972362889683,2020,5.798767967145791,0,6.050650239561944
620,P169168,CSC_RES_BENE_ENAB_ECO_OPP,0,women_only,,,,0,economic_opportunity,Tajikistan ECDP,Tajikistan,TJK,ECA,EDU,A,IPF,IDA,2020-04-30,2027-11-30,0,0,0,LMC,1,1,1,70.0,4.248495242049359,2020,5.166324435318275,0,7.58384668035592
621,P169168,CSC_RES_GEN_EQU,0,informative,0.7659256025692993,0.5844155844155844,18.151001815371494,1,gender_equality,Tajikistan ECDP,Tajikistan,TJK,ECA,EDU,A,IPF,IDA,2020-04-30,2027-11-30,0,0,0,LMC,1,1,1,70.0,4.248495242049359,2020,5.166324435318275,0,7.58384668035592
622,P169198,CSC_RES_BENE_ENAB_ECO_OPP,0,women_only,,,,0,economic_opportunity,SSRLP,Malawi,MWI,AFE,SPL,A,IPF,IDA,2019-12-10,2027-12-31,0,1,0,LIC,1,1,1,422.5,6.046189446797229,2020,5.555099247091033,0,8.057494866529774
623,P169198,CSC_RES_GEN_EQU,0,women_only,,,,0,gender_equality,SSRLP,Malawi,MWI,AFE,SPL,A,IPF,IDA,2019-12-10,2027-12-31,0,1,0,LIC,1,1,1,422.5,6.046189446797229,2020,5.555099247091033,0,8.057494866529774
624,P169315,CSC_RES_BENE_ENAB_ECO_OPP,0,women_only,,,,0,economic_opportunity,Burundi Integrated Community Development,Burundi,BDI,AFE,SOC,A,IPF,IDA,2020-02-28,2027-03-01,1,1,0,LIC,1,1,1,60.0,4.0943445622221,2020,5.336071184120465,0,7.003422313483915
625,P169315,CSC_RES_GEN_EQU,0,identical_share,,,,0,gender_equality,Burundi Integrated Community Development,Burundi,BDI,AFE,SOC,A,IPF,IDA,2020-02-28,2027-03-01,1,1,0,LIC,1,1,1,60.0,4.0943445622221,2020,5.336071184120465,0,7.003422313483915
626,P169342,CSC_RES_WAT_SAN_HYG,1,fixed_share,,,,0,wash,BD Rural WASH for HCD Project,Bangladesh,BGD,SAR,WAT,A,IPF,IDA,2020-09-25,2026-12-31,0,1,0,LMC,1,1,1,200.0,5.298317366548036,2021,4.761122518822724,0,6.264202600958248
627,P169403,CSC_RES_WAT_SAN_HYG,1,fixed_share,,,,0,wash,CSRRP,Indonesia,IDN,EAP,URS,C,IPF,IBRD,2019-06-19,2024-12-31,0,0,0,UMC,1,0,0,145.94540593000002,4.9832326197920365,2019,6.031485284052019,0,5.535934291581109
628,P169641,CSC_RES_GEN_EQU,0,women_only,,,,0,gender_equality,IFISH,Liberia,LBR,AFW,HNP,A,IPF,IDA,2020-05-21,2026-08-31,0,1,0,LIC,1,1,1,74.0,4.30406509320417,2020,5.108829568788501,0,6.277891854893908
629,P169641,CSC_RES_HEA_SERV,0,informative,0.22639302686331964,0.761420454966333,-53.50274281030134,1,health,IFISH,Liberia,LBR,AFW,HNP,A,IPF,IDA,2020-05-21,2026-08-31,0,1,0,LIC,1,1,1,74.0,4.30406509320417,2020,5.108829568788501,0,6.277891854893908
630,P169677,CSC_RES_GEN_EQU,1,fixed_share,,,,0,gender_equality,Growing up Healthy Together,El Salvador,SLV,LCR,HNP,A,IPF,IBRD,2020-03-19,2026-06-30,0,0,0,UMC,1,1,0,250.0,5.521460917862246,2020,5.281314168377824,0,6.28062970568104
631,P169677,CSC_RES_HEA_SERV,1,fixed_share,,,,0,health,Growing up Healthy Together,El Salvador,SLV,LCR,HNP,A,IPF,IBRD,2020-03-19,2026-06-30,0,0,0,UMC,1,1,0,250.0,5.521460917862246,2020,5.281314168377824,0,6.28062970568104
632,P169718,CSC_RES_BENE_ENAB_ECO_OPP,0,women_only,,,,0,economic_opportunity,LURP,Liberia,LBR,AFW,URS,A,IPF,IDA,2022-05-17,2028-06-30,0,1,0,LIC,1,1,1,40.0,3.6888794541139363,2022,3.1211498973305956,0,6.121834360027378
633,P169718,CSC_RES_GEN_EQU,0,women_only,,,,0,gender_equality,LURP,Liberia,LBR,AFW,URS,A,IPF,IDA,2022-05-17,2028-06-30,0,1,0,LIC,1,1,1,40.0,3.6888794541139363,2022,3.1211498973305956,0,6.121834360027378
634,P169758,CSC_RES_FIN_SERV,0,informative,0.25,0.3,-4.999999999999999,1,financial_services,Henan Green Agriculture Fund Project,China,CHN,EAP,AGR,A,IPF,IBRD,2020-03-26,2026-12-31,0,0,0,UMC,1,1,0,99.9251497,4.604421402719858,2020,5.262149212867898,0,6.765229295003422
635,P169779,CSC_RES_GEN_EQU,0,women_only,,,,0,gender_equality,Angola Social Protection,Angola,AGO,AFE,SPL,C,IPF,IBRD,2019-07-16,2025-04-30,0,1,0,LMC,1,0,0,320.0,5.768320995793772,2020,5.9575633127994525,0,5.790554414784395
636,P169866,CSC_RES_GEN_EQU,0,women_only,,,,0,gender_equality,Improving Health Quality and Efficieny,Colombia,COL,LCR,HNP,C,P4R,IBRD,2020-03-19,2024-12-31,0,0,0,UMC,0,0,0,150.0,5.0106352940962555,2020,5.281314168377824,0,4.785763175906913
637,P169901,CSC_RES_WAT_SAN_HYG,1,fixed_share,,,,0,wash,DRY CORRIDOR HONDURAS,Honduras,HND,LCR,WAT,A,IPF,IDA,2020-06-12,2027-11-30,0,0,0,LMC,1,1,1,63.0,4.143134726391533,2020,5.048596851471594,0,7.4661190965092405
638,P169921,CSC_RES_BENE_ENAB_ECO_OPP,0,women_only,,,,0,economic_opportunity,Edo BESST PforR,Nigeria,NGA,AFW,EDU,C,P4R,IDA,2020-08-25,2024-12-31,1,0,0,LMC,1,0,1,75.0,4.31748811353631,2021,4.84599589322382,0,4.350444900752909
639,P169921,CSC_RES_GEN_EQU,0,women_only,,,,0,gender_equality,Edo BESST PforR,Nigeria,NGA,AFW,EDU,C,P4R,IDA,2020-08-25,2024-12-31,1,0,0,LMC,1,0,1,75.0,4.31748811353631,2021,4.84599589322382,0,4.350444900752909
640,P169970,CSC_RES_BENE_ENAB_ECO_OPP,0,no_progress,,,,0,economic_opportunity,A-WASH,Afghanistan,AFG,MENAAP,WAT,A,IPF,IDA,2020-12-11,2026-06-30,1,1,0,LIC,1,1,1,50.0,3.912023005428146,2021,4.550308008213553,0,5.549623545516769
641,P169970,CSC_RES_GEN_EQU,0,no_progress,,,,0,gender_equality,A-WASH,Afghanistan,AFG,MENAAP,WAT,A,IPF,IDA,2020-12-11,2026-06-30,1,1,0,LIC,1,1,1,50.0,3.912023005428146,2021,4.550308008213553,0,5.549623545516769
642,P169970,CSC_RES_WAT_SAN_HYG,0,no_progress,,,,0,wash,A-WASH,Afghanistan,AFG,MENAAP,WAT,A,IPF,IDA,2020-12-11,2026-06-30,1,1,0,LIC,1,1,1,50.0,3.912023005428146,2021,4.550308008213553,0,5.549623545516769
643,P169983,CSC_RES_GEN_EQU,0,women_only,,,,0,gender_equality,Angola DPF3,Angola,AGO,AFE,MTI,C,DPL,IBRD,2022-03-25,2023-06-30,0,1,0,LMC,0,0,0,500.0,6.214608098422191,2022,3.266255989048597,0,1.264887063655031
644,P169996,CSC_RES_WAT_SAN_HYG,0,identical_share,,,,0,wash,Municipal Services Improvement Project,Türkiye,TUR,ECA,WAT,A,IPF,IBRD,2020-03-31,2026-12-31,0,0,0,UMC,1,1,0,148.8,5.002603122398992,2020,5.248459958932238,0,6.751540041067762
645,P169996,CSC_RES_WAT_SAN_SAFE,1,fixed_share,,,,0,wash,Municipal Services Improvement Project,Türkiye,TUR,ECA,WAT,A,IPF,IBRD,2020-03-31,2026-12-31,0,0,0,UMC,1,1,0,148.8,5.002603122398992,2020,5.248459958932238,0,6.751540041067762
646,P170185,CSC_RES_BENE_ENAB_ECO_OPP,1,fixed_share,,,,0,economic_opportunity,Innovation and Growth Entrepreneurship,Serbia,SRB,ECA,FCI,A,IPF,IBRD,2019-12-13,2027-09-30,0,0,0,UMC,1,1,0,74.7,4.3134800921387715,2020,5.546885694729637,0,7.797399041752224
647,P170185,CSC_RES_GEN_EQU,0,women_only,,,,0,gender_equality,Innovation and Growth Entrepreneurship,Serbia,SRB,ECA,FCI,A,IPF,IBRD,2019-12-13,2027-09-30,0,0,0,UMC,1,1,0,74.7,4.3134800921387715,2020,5.546885694729637,0,7.797399041752224
648,P170215,CSC_RES_BENE_ENAB_ECO_OPP,0,women_only,,,,0,economic_opportunity,REED,Nepal,NPL,SAR,AGR,A,IPF,IDA,2020-10-28,2026-04-15,0,1,0,LMC,1,1,1,37.3062986,3.61916217566475,2021,4.670773442847365,0,5.462012320328542
649,P170215,CSC_RES_GEN_EQU,0,women_only,,,,0,gender_equality,REED,Nepal,NPL,SAR,AGR,A,IPF,IDA,2020-10-28,2026-04-15,0,1,0,LMC,1,1,1,37.3062986,3.61916217566475,2021,4.670773442847365,0,5.462012320328542
650,P170230,CSC_RES_BENE_ENAB_ECO_OPP,0,women_only,,,,0,economic_opportunity,EDEIP,Pakistan,PAK,MENAAP,EAE,A,IPF,IBRD,2021-12-17,2027-12-31,0,0,0,LMC,1,1,0,250.0,5.521460917862246,2022,3.5345653661875427,0,6.036960985626283
651,P170230,CSC_RES_GEN_EQU,0,women_only,,,,0,gender_equality,EDEIP,Pakistan,PAK,MENAAP,EAE,A,IPF,IBRD,2021-12-17,2027-12-31,0,0,0,LMC,1,1,0,250.0,5.521460917862246,2022,3.5345653661875427,0,6.036960985626283
652,P170267,CSC_RES_BENE_ENAB_ECO_OPP,0,informative,0.4434782608695652,0.4,4.347826086956519,1,economic_opportunity,Local Roads Connectivity Project,North Macedonia,MKD,ECA,TDD,A,IPF,IBRD,2019-12-18,2026-09-30,0,0,0,UMC,1,1,0,122.8,4.810557015713042,2020,5.533196440793977,0,6.784394250513347
653,P170267,CSC_RES_GEN_EQU,0,informative,0.4434782608695652,0.4,4.347826086956519,1,gender_equality,Local Roads Connectivity Project,North Macedonia,MKD,ECA,TDD,A,IPF,IBRD,2019-12-18,2026-09-30,0,0,0,UMC,1,1,0,122.8,4.810557015713042,2020,5.533196440793977,0,6.784394250513347
654,P170278,CSC_RES_HEA_SERV,0,informative,0.38198667851953033,0.49473684210526314,-11.27501635857328,1,health,Lesotho Nutrition and Health Project,Lesotho,LSO,AFE,HNP,A,IPF,IDA,2021-06-25,2026-06-30,0,1,0,LMC,1,1,1,22.0,3.091042453358316,2021,4.01368925393566,0,5.0130047912388775
655,P170409,CSC_RES_BENE_ENAB_ECO_OPP,0,women_only,,,,0,economic_opportunity,Strategic Road and Trade Improvement,Nepal,NPL,SAR,TDD,A,IPF,IDA,2020-06-10,2029-01-15,0,1,0,LMC,1,1,1,501.635441,6.217873642723816,2020,5.054072553045859,0,8.59958932238193
656,P170409,CSC_RES_GEN_EQU,0,women_only,,,,0,gender_equality,Strategic Road and Trade Improvement,Nepal,NPL,SAR,TDD,A,IPF,IDA,2020-06-10,2029-01-15,0,1,0,LMC,1,1,1,501.635441,6.217873642723816,2020,5.054072553045859,0,8.59958932238193
657,P170425,CSC_RES_BENE_ENAB_ECO_OPP,0,identical_share,,,,0,economic_opportunity,Benin Youth Inclusion Project,Benin,BEN,AFW,SPL,A,IPF,IDA,2020-12-14,2027-06-30,0,1,0,LMC,1,1,1,101.3,4.618086411254637,2021,4.542094455852156,0,6.54072553045859
658,P170425,CSC_RES_FIN_SERV,0,informative,0.4448909432998072,0.5049099836333879,-6.001904033358069,1,financial_services,Benin Youth Inclusion Project,Benin,BEN,AFW,SPL,A,IPF,IDA,2020-12-14,2027-06-30,0,1,0,LMC,1,1,1,101.3,4.618086411254637,2021,4.542094455852156,0,6.54072553045859
659,P170425,CSC_RES_GEN_EQU,0,informative,0.5163147402253957,0.5178837555886736,-0.15690153632779147,1,gender_equality,Benin Youth Inclusion Project,Benin,BEN,AFW,SPL,A,IPF,IDA,2020-12-14,2027-06-30,0,1,0,LMC,1,1,1,101.3,4.618086411254637,2021,4.542094455852156,0,6.54072553045859
660,P170435,CSC_RES_HEA_SERV,1,fixed_share,,,,0,health,Tanzania Investing in People Project,Tanzania,TZA,AFE,HNP,A,P4R,IDA,2022-12-20,2027-12-31,0,1,0,LMC,1,1,1,285.0,5.652489180268651,2023,2.5270362765229293,0,5.02943189596167
661,P170466,CSC_RES_BENE_ENAB_ECO_OPP,0,no_progress,,,,0,economic_opportunity,UG Investing in Forests and PAs Project,Uganda,UGA,AFE,ENV,A,IPF,IDA,2020-04-23,2026-06-30,0,1,0,LIC,1,1,1,148.2,4.998562712861986,2020,5.1854893908282,0,6.184804928131417
662,P170466,CSC_RES_GEN_EQU,0,no_progress,,,,0,gender_equality,UG Investing in Forests and PAs Project,Uganda,UGA,AFE,ENV,A,IPF,IDA,2020-04-23,2026-06-30,0,1,0,LIC,1,1,1,148.2,4.998562712861986,2020,5.1854893908282,0,6.184804928131417
663,P170469,CSC_RES_WAT_SAN_HYG,1,fixed_share,,,,0,wash,TEGUCIGALPA: WATER SUPPLY STRENGTHENING,Honduras,HND,LCR,WAT,A,IPF,IDA,2019-06-27,2026-12-15,0,0,0,LMC,1,1,1,50.0,3.912023005428146,2019,6.009582477754963,0,7.468856947296373
664,P170480,CSC_RES_GEN_EQU,0,women_only,,,,0,gender_equality,Secondary Education Quality Improvement,Tanzania,TZA,AFE,EDU,A,IPF,IDA,2020-03-31,2026-07-31,0,1,0,LMC,1,1,1,535.0,6.282266746896006,2020,5.248459958932238,0,6.33264887063655
665,P170482,CSC_RES_BENE_ENAB_ECO_OPP,0,no_progress,,,,0,economic_opportunity,Communal Climate Action and Landscapes,Burkina Faso,BFA,AFW,ENV,A,IPF,IDA,2022-06-15,2028-06-30,1,1,0,LIC,1,1,1,113.0,4.727387818712341,2022,3.0417522245037647,0,6.0424366872005475
666,P170482,CSC_RES_GEN_EQU,0,no_progress,,,,0,gender_equality,Communal Climate Action and Landscapes,Burkina Faso,BFA,AFW,ENV,A,IPF,IDA,2022-06-15,2028-06-30,1,1,0,LIC,1,1,1,113.0,4.727387818712341,2022,3.0417522245037647,0,6.0424366872005475
667,P170532,CSC_RES_BENE_ENAB_ECO_OPP,1,fixed_share,,,,0,economic_opportunity,Rail Logistics Improvement Project,Türkiye,TUR,ECA,TDD,A,IPF,IBRD,2020-06-30,2027-12-31,0,0,0,UMC,1,1,0,350.0,5.857933154483459,2020,4.999315537303217,0,7.501711156741957
668,P170532,CSC_RES_GEN_EQU,0,identical_share,,,,0,gender_equality,Rail Logistics Improvement Project,Türkiye,TUR,ECA,TDD,A,IPF,IBRD,2020-06-30,2027-12-31,0,0,0,UMC,1,1,0,350.0,5.857933154483459,2020,4.999315537303217,0,7.501711156741957
669,P170542,CSC_RES_GEN_EQU,0,informative,0.5040306952949384,0.5717344753747323,-6.770378007979394,1,gender_equality,LFF,Kyrgyz Republic,KGZ,ECA,EDU,A,IPF,IDA,2020-03-31,2028-12-30,0,0,0,LMC,1,1,1,54.36,3.995628589282943,2020,5.248459958932238,0,8.750171115674195
670,P170561,CSC_RES_BENE_ENAB_ECO_OPP,0,no_progress,,,,0,economic_opportunity,Secondary Educ and Skills Development,Cameroon,CMR,AFW,EDU,A,IPF,IDA,2020-07-16,2026-12-31,1,0,0,LMC,1,1,1,125.0,4.8283137373023015,2021,4.955509924709103,0,6.458590006844627
671,P170561,CSC_RES_GEN_EQU,0,informative,0.29914990326045726,0.3150684931506849,-1.5918589890227652,1,gender_equality,Secondary Educ and Skills Development,Cameroon,CMR,AFW,EDU,A,IPF,IDA,2020-07-16,2026-12-31,1,0,0,LMC,1,1,1,125.0,4.8283137373023015,2021,4.955509924709103,0,6.458590006844627
672,P170645,CSC_RES_BENE_ENAB_ECO_OPP,0,no_progress,,,,0,economic_opportunity,CHIRAAG,India,IND,SAR,AGR,C,IPF,IBRD,2020-12-15,2025-03-26,0,0,0,LMC,1,0,0,2.209624,0.7928223653083271,2021,4.539356605065024,0,4.276522929500342
673,P170645,CSC_RES_GEN_EQU,0,no_progress,,,,0,gender_equality,CHIRAAG,India,IND,SAR,AGR,C,IPF,IBRD,2020-12-15,2025-03-26,0,0,0,LMC,1,0,0,2.209624,0.7928223653083271,2021,4.539356605065024,0,4.276522929500342
674,P170658,CSC_RES_GEN_EQU,1,fixed_share,,,,0,gender_equality,911 System,Peru,PER,LCR,DDT,A,IPF,IBRD,2020-04-07,2026-12-31,0,0,0,UMC,1,1,0,36.324,3.592478679827582,2020,5.229295003422314,0,6.7323750855578375
675,P170664,CSC_RES_GEN_EQU,1,fixed_share,,,,0,gender_equality,AGILE,Nigeria,NGA,AFW,EDU,A,IPF,IDA,2020-07-28,2028-07-31,1,0,0,LMC,1,1,1,1200.0,7.090076835776092,2021,4.922655715263518,0,8.008213552361397
676,P170669,CSC_RES_BENE_ENAB_ECO_OPP,0,women_only,,,,0,economic_opportunity,"JO: Jordan Youth, Technology, and Jobs",Jordan,JOR,MENAAP,FCI,A,IPF,IBRD,2020-03-20,2027-02-28,0,0,0,LMC,1,1,0,163.1,5.094363509626968,2020,5.278576317590692,0,6.9431895961670085
677,P170669,CSC_RES_GEN_EQU,0,informative,1.0,0.5142487046632125,48.57512953367875,1,gender_equality,"JO: Jordan Youth, Technology, and Jobs",Jordan,JOR,MENAAP,FCI,A,IPF,IBRD,2020-03-20,2027-02-28,0,0,0,LMC,1,1,0,163.1,5.094363509626968,2020,5.278576317590692,0,6.9431895961670085
678,P170682,CSC_RES_GEN_EQU,1,fixed_share,,,,0,gender_equality,Sul Resiliente,Brazil,BRA,LCR,URS,A,IPF,IBRD,2020-03-24,2026-06-30,0,0,0,UMC,1,1,0,54.36205357,3.995666365795303,2020,5.2676249144421625,0,6.26694045174538
679,P170688,CSC_RES_BENE_ENAB_ECO_OPP,0,women_only,,,,0,economic_opportunity,Private Investment & Jobs Project,Bangladesh,BGD,SAR,FCI,A,IPF,IDA,2020-06-19,2025-12-31,0,1,0,LMC,1,1,1,500.0,6.214608098422191,2020,5.02943189596167,0,5.533196440793977
680,P170688,CSC_RES_GEN_EQU,0,women_only,,,,0,gender_equality,Private Investment & Jobs Project,Bangladesh,BGD,SAR,FCI,A,IPF,IDA,2020-06-19,2025-12-31,0,1,0,LMC,1,1,1,500.0,6.214608098422191,2020,5.02943189596167,0,5.533196440793977
681,P170734,CSC_RES_WAT_SAN_HYG,0,identical_share,,,,0,wash,SURWASH,Nigeria,NGA,AFW,WAT,A,P4R,IDA,2021-05-25,2027-06-30,1,0,0,LMC,1,1,1,700.0,6.551080335043404,2021,4.098562628336755,0,6.09719370294319
682,P170868,CSC_RES_GEN_EQU,1,fixed_share,,,,0,gender_equality,Serbia Railway Sector Modernization,Serbia,SRB,ECA,TDD,A,IPF,IBRD,2021-03-17,2026-12-31,0,0,0,UMC,1,1,0,62.5,4.135166556742356,2021,4.287474332648871,0,5.790554414784395
683,P170891,CSC_RES_WAT_SAN_HYG,0,no_progress,,,,0,wash,Albania WSS Sector Modernization Program,Albania,ALB,ECA,WAT,A,P4R,IBRD,2022-05-12,2027-12-31,0,0,0,UMC,1,1,0,75.0,4.31748811353631,2022,3.134839151266256,0,5.637234770704997
684,P170922,CSC_RES_GEN_EQU,1,fixed_share,,,,0,gender_equality,SURP-II,"Somalia, Federal Republic of",SOM,AFE,URS,A,IPF,IDA,2019-12-09,2028-12-31,1,1,0,LIC,1,1,1,185.0,5.220355825078324,2020,5.557837097878165,0,9.062286105407255
685,P170922,CSC_RES_WAT_SAN_HYG,1,fixed_share,,,,0,wash,SURP-II,"Somalia, Federal Republic of",SOM,AFE,URS,A,IPF,IDA,2019-12-09,2028-12-31,1,1,0,LIC,1,1,1,185.0,5.220355825078324,2020,5.557837097878165,0,9.062286105407255
686,P171040,CSC_RES_BENE_ENAB_ECO_OPP,0,no_progress,,,,0,economic_opportunity,MZ Cyclone Emergency Recovery Project,Mozambique,MOZ,AFE,URS,A,IPF,IDA,2019-09-30,2026-04-30,1,1,0,LIC,1,1,1,203.5,5.31566600488265,2020,5.749486652977413,0,6.581793292265571
687,P171040,CSC_RES_GEN_EQU,0,informative,0.9906394123797515,1.0,-0.9360587620248495,1,gender_equality,MZ Cyclone Emergency Recovery Project,Mozambique,MOZ,AFE,URS,A,IPF,IDA,2019-09-30,2026-04-30,1,1,0,LIC,1,1,1,203.5,5.31566600488265,2020,5.749486652977413,0,6.581793292265571
688,P171056,CSC_RES_BENE_ENAB_ECO_OPP,0,women_only,,,,0,economic_opportunity,Resilient livelihoods in the South,Madagascar,MDG,AFE,SOC,A,IPF,IDA,2020-12-10,2028-06-30,0,1,0,LIC,1,1,1,242.73535106,5.4919717595627064,2021,4.553045859000685,0,7.553730321697468
689,P171056,CSC_RES_GEN_EQU,1,fixed_share,,,,0,gender_equality,Resilient livelihoods in the South,Madagascar,MDG,AFE,SOC,A,IPF,IDA,2020-12-10,2028-06-30,0,1,0,LIC,1,1,1,242.73535106,5.4919717595627064,2021,4.553045859000685,0,7.553730321697468
690,P171099,CSC_RES_BENE_ENAB_ECO_OPP,0,women_only,,,,0,economic_opportunity,Digital Cabo Verde Project,Cabo Verde,CPV,AFW,DDT,A,IPF,IDA,2020-11-12,2028-10-31,0,0,1,UMC,1,1,1,40.0,3.6888794541139363,2021,4.629705681040384,0,7.967145790554415
691,P171099,CSC_RES_FIN_SERV,0,no_progress,,,,0,financial_services,Digital Cabo Verde Project,Cabo Verde,CPV,AFW,DDT,A,IPF,IDA,2020-11-12,2028-10-31,0,0,1,UMC,1,1,1,40.0,3.6888794541139363,2021,4.629705681040384,0,7.967145790554415
692,P171099,CSC_RES_GEN_EQU,0,women_only,,,,0,gender_equality,Digital Cabo Verde Project,Cabo Verde,CPV,AFW,DDT,A,IPF,IDA,2020-11-12,2028-10-31,0,0,1,UMC,1,1,1,40.0,3.6888794541139363,2021,4.629705681040384,0,7.967145790554415
693,P171125,CSC_RES_BENE_ENAB_ECO_OPP,0,no_progress,,,,0,economic_opportunity,Social Safety Net System Project II,Mauritania,MRT,AFW,SPL,A,IPF,IDA,2020-03-10,2026-06-30,0,1,0,LMC,1,1,1,71.0,4.2626798770413155,2020,5.305954825462012,0,6.30527036276523
694,P171125,CSC_RES_GEN_EQU,0,women_only,,,,0,gender_equality,Social Safety Net System Project II,Mauritania,MRT,AFW,SPL,A,IPF,IDA,2020-03-10,2026-06-30,0,1,0,LMC,1,1,1,71.0,4.2626798770413155,2020,5.305954825462012,0,6.30527036276523
695,P171141,CSC_RES_BENE_ENAB_ECO_OPP,0,no_progress,,,,0,economic_opportunity,Kin Elenda,"Congo, Democratic Republic of",COD,AFE,URS,A,IPF,IDA,2021-03-30,2026-07-31,1,1,0,LIC,1,1,1,500.0,6.214608098422191,2021,4.251882272416153,0,5.336071184120465
696,P171141,CSC_RES_GEN_EQU,0,no_progress,,,,0,gender_equality,Kin Elenda,"Congo, Democratic Republic of",COD,AFE,URS,A,IPF,IDA,2021-03-30,2026-07-31,1,1,0,LIC,1,1,1,500.0,6.214608098422191,2021,4.251882272416153,0,5.336071184120465
697,P171144,CSC_RES_GEN_EQU,1,fixed_share,,,,0,gender_equality,Urban HNP Project,Bangladesh,BGD,SAR,HNP,A,IPF,IDA,2023-08-30,2028-12-31,0,1,0,LMC,1,1,1,200.0,5.298317366548036,2024,1.834360027378508,0,5.338809034907597
698,P171144,CSC_RES_HEA_SERV,0,informative,0.5595273303506257,0.5326975010323778,2.6829829318247955,1,health,Urban HNP Project,Bangladesh,BGD,SAR,HNP,A,IPF,IDA,2023-08-30,2028-12-31,0,1,0,LMC,1,1,1,200.0,5.298317366548036,2024,1.834360027378508,0,5.338809034907597
699,P171158,CSC_RES_GEN_EQU,0,women_only,,,,0,gender_equality,CAR Human Capital (Maïngo) Project,Central African Republic,CAF,AFW,HNP,A,IPF,IDA,2021-06-23,2026-12-31,1,1,0,LIC,1,1,1,90.0,4.499809670330265,2021,4.0191649555099245,0,5.522245037645448
700,P171189,CSC_RES_WAT_SAN_HYG,0,no_progress,,,,0,wash,TACTIC,Tanzania,TZA,AFE,URS,A,IPF,IDA,2022-06-13,2028-06-30,0,1,0,LMC,1,1,1,278.0,5.627621113690637,2022,3.047227926078029,0,6.047912388774812
701,P171266,CSC_RES_BENE_ENAB_ECO_OPP,0,no_progress,,,,0,economic_opportunity,Ag Resilience & Competitiveness Project,Bosnia and Herzegovina,BIH,ECA,AGR,A,IPF,IBRD,2022-04-07,2027-12-31,0,0,0,UMC,1,1,0,68.5,4.22683374526818,2022,3.2306639288158796,0,5.73305954825462
702,P171266,CSC_RES_GEN_EQU,0,no_progress,,,,0,gender_equality,Ag Resilience & Competitiveness Project,Bosnia and Herzegovina,BIH,ECA,AGR,A,IPF,IBRD,2022-04-07,2027-12-31,0,0,0,UMC,1,1,0,68.5,4.22683374526818,2022,3.2306639288158796,0,5.73305954825462
703,P171331,CSC_RES_BENE_ENAB_ECO_OPP,0,women_only,,,,0,economic_opportunity,LASED III,Cambodia,KHM,EAP,AGR,A,IPF,IDA,2020-06-26,2026-12-31,0,1,0,LMC,1,1,1,93.0,4.532599493153256,2020,5.0102669404517455,0,6.513347022587269
704,P171331,CSC_RES_GEN_EQU,0,women_only,,,,0,gender_equality,LASED III,Cambodia,KHM,EAP,AGR,A,IPF,IDA,2020-06-26,2026-12-31,0,1,0,LMC,1,1,1,93.0,4.532599493153256,2020,5.0102669404517455,0,6.513347022587269
705,P171331,CSC_RES_WAT_SAN_HYG,1,fixed_share,,,,0,wash,LASED III,Cambodia,KHM,EAP,AGR,A,IPF,IDA,2020-06-26,2026-12-31,0,1,0,LMC,1,1,1,93.0,4.532599493153256,2020,5.0102669404517455,0,6.513347022587269
706,P171339,CSC_RES_BENE_ENAB_ECO_OPP,0,women_only,,,,0,economic_opportunity,Connectivity in Refugee Hosting District,Uganda,UGA,AFE,TDD,A,IPF,IDA,2020-09-10,2025-12-31,0,1,0,LIC,1,1,1,130.8,4.873669439023098,2021,4.802190280629706,0,5.305954825462012
707,P171339,CSC_RES_GEN_EQU,0,women_only,,,,0,gender_equality,Connectivity in Refugee Hosting District,Uganda,UGA,AFE,TDD,A,IPF,IDA,2020-09-10,2025-12-31,0,1,0,LIC,1,1,1,130.8,4.873669439023098,2021,4.802190280629706,0,5.305954825462012
708,P171346,CSC_RES_FIN_SERV,0,identical_share,,,,0,financial_services,SNHCP,"Somalia, Federal Republic of",SOM,AFE,SPL,A,IPF,IDA,2019-08-08,2025-12-31,1,1,0,LIC,1,1,1,418.0,6.035481432524756,2020,5.894592744695414,0,6.398357289527721
709,P171361,CSC_RES_BENE_ENAB_ECO_OPP,0,no_progress,,,,0,economic_opportunity,KM Recovery and Resilience Project,Comoros,COM,AFE,URS,A,IPF,IDA,2019-12-18,2026-06-30,1,1,1,LMC,1,1,1,57.5,4.051784947803305,2020,5.533196440793977,0,6.532511978097194
710,P171361,CSC_RES_GEN_EQU,0,no_progress,,,,0,gender_equality,KM Recovery and Resilience Project,Comoros,COM,AFE,URS,A,IPF,IDA,2019-12-18,2026-06-30,1,1,1,LMC,1,1,1,57.5,4.051784947803305,2020,5.533196440793977,0,6.532511978097194
711,P171417,CSC_RES_BENE_ENAB_ECO_OPP,0,women_only,,,,0,economic_opportunity,PRIDE,Pakistan,PAK,MENAAP,GOV,A,P4R,IBRD,2020-10-22,2026-06-30,0,0,0,LMC,1,1,0,286.0,5.655991810819852,2021,4.687200547570157,0,5.686516084873374
712,P171417,CSC_RES_GEN_EQU,0,women_only,,,,0,gender_equality,PRIDE,Pakistan,PAK,MENAAP,GOV,A,P4R,IBRD,2020-10-22,2026-06-30,0,0,0,LMC,1,1,0,286.0,5.655991810819852,2021,4.687200547570157,0,5.686516084873374
713,P171422,CSC_RES_WAT_SAN_HYG,0,no_progress,,,,0,wash,KWSSIP-2,Pakistan,PAK,MENAAP,WAT,A,IPF,IBRD,2024-12-12,2030-12-31,0,0,0,LMC,1,1,0,240.0,5.480638923341991,2025,0.5475701574264202,1,6.050650239561944
714,P171422,CSC_RES_WAT_SAN_SAFE,0,no_progress,,,,0,wash,KWSSIP-2,Pakistan,PAK,MENAAP,WAT,A,IPF,IBRD,2024-12-12,2030-12-31,0,0,0,LMC,1,1,0,240.0,5.480638923341991,2025,0.5475701574264202,1,6.050650239561944
715,P171449,CSC_RES_WAT_SAN_HYG,0,no_progress,,,,0,wash,Maputo Urban Transformation Project,Mozambique,MOZ,AFE,URS,A,IPF,IDA,2020-12-10,2028-04-30,1,1,0,LIC,1,1,1,150.0,5.0106352940962555,2021,4.553045859000685,0,7.38672142368241
716,P171462,CSC_RES_BENE_ENAB_ECO_OPP,0,women_only,,,,0,economic_opportunity,"Commercialization, De-Risk Ag Transfor",Rwanda,RWA,AFE,AGR,A,IPF,IDA,2022-04-15,2027-04-30,0,1,0,LIC,1,1,1,220.0,5.393627546352362,2022,3.2087611225188226,0,5.040383299110198
717,P171462,CSC_RES_GEN_EQU,0,women_only,,,,0,gender_equality,"Commercialization, De-Risk Ag Transfor",Rwanda,RWA,AFE,AGR,A,IPF,IDA,2022-04-15,2027-04-30,0,1,0,LIC,1,1,1,220.0,5.393627546352362,2022,3.2087611225188226,0,5.040383299110198
718,P171465,CSC_RES_BENE_ENAB_ECO_OPP,1,fixed_share,,,,0,economic_opportunity,Grenada DPC with CAT-DDO,Grenada,GRD,LCR,URS,A,DPL,IDA,2020-01-21,2026-02-16,0,0,1,UMC,0,1,1,20.0,2.995732273553991,2020,5.4401095140314855,0,6.072553045859
719,P171465,CSC_RES_GEN_EQU,0,identical_share,,,,0,gender_equality,Grenada DPC with CAT-DDO,Grenada,GRD,LCR,URS,A,DPL,IDA,2020-01-21,2026-02-16,0,0,1,UMC,0,1,1,20.0,2.995732273553991,2020,5.4401095140314855,0,6.072553045859
720,P171528,CSC_RES_BENE_ENAB_ECO_OPP,1,fixed_share,,,,0,economic_opportunity,Digital Caribbean Project,Dominica,DMA,LCR,DDT,A,IPF,IDA,2020-06-22,2028-05-22,0,0,1,UMC,1,1,1,99.567044,4.600831226302381,2020,5.021218343600274,0,7.915126625598905
721,P171528,CSC_RES_GEN_EQU,0,informative,0.33783783783783783,0.3325479636486032,0.5289874189234656,1,gender_equality,Digital Caribbean Project,Dominica,DMA,LCR,DDT,A,IPF,IDA,2020-06-22,2028-05-22,0,0,1,UMC,1,1,1,99.567044,4.600831226302381,2020,5.021218343600274,0,7.915126625598905
722,P171607,CSC_RES_BENE_ENAB_ECO_OPP,1,fixed_share,,,,0,economic_opportunity,UG: INVITE,Uganda,UGA,AFE,FCI,A,IPF,IDA,2021-12-20,2027-01-31,0,1,0,LIC,1,1,1,200.0,5.298317366548036,2022,3.5263518138261465,0,5.114305270362765
723,P171607,CSC_RES_FIN_SERV,0,no_progress,,,,0,financial_services,UG: INVITE,Uganda,UGA,AFE,FCI,A,IPF,IDA,2021-12-20,2027-01-31,0,1,0,LIC,1,1,1,200.0,5.298317366548036,2022,3.5263518138261465,0,5.114305270362765
724,P171607,CSC_RES_FIN_SERV_WOM_CUS,1,fixed_share,,,,0,financial_services,UG: INVITE,Uganda,UGA,AFE,FCI,A,IPF,IDA,2021-12-20,2027-01-31,0,1,0,LIC,1,1,1,200.0,5.298317366548036,2022,3.5263518138261465,0,5.114305270362765
725,P171607,CSC_RES_GEN_EQU,0,no_progress,,,,0,gender_equality,UG: INVITE,Uganda,UGA,AFE,FCI,A,IPF,IDA,2021-12-20,2027-01-31,0,1,0,LIC,1,1,1,200.0,5.298317366548036,2022,3.5263518138261465,0,5.114305270362765
726,P171611,CSC_RES_WAT_SAN_HYG,0,informative,0.7,0.5,19.999999999999996,1,wash,Chad Local Development and Adaptation,Chad,TCD,AFW,ENV,C,IPF,IDA,2020-06-12,2025-10-31,1,1,0,LIC,1,0,1,50.0,3.912023005428146,2020,5.048596851471594,0,5.385352498288843
727,P171658,CSC_RES_BENE_ENAB_ECO_OPP,0,no_progress,,,,0,economic_opportunity,Bamako Urban Resilience Project,Mali,MLI,AFW,URS,A,IPF,IDA,2022-11-30,2028-12-31,1,1,0,LIC,1,1,1,300.0,5.703782474656201,2023,2.5817932922655715,0,6.0862422997946615
728,P171658,CSC_RES_GEN_EQU,0,no_progress,,,,0,gender_equality,Bamako Urban Resilience Project,Mali,MLI,AFW,URS,A,IPF,IDA,2022-11-30,2028-12-31,1,1,0,LIC,1,1,1,300.0,5.703782474656201,2023,2.5817932922655715,0,6.0862422997946615
729,P171664,CSC_RES_BENE_ENAB_ECO_OPP,0,no_progress,,,,0,economic_opportunity,Economic Linkages for Diversification,Mozambique,MOZ,AFE,FCI,A,IPF,IDA,2021-05-11,2027-09-30,1,1,0,LIC,1,1,1,100.0,4.605170185988092,2021,4.136892539356605,0,6.3874058863791925
730,P171664,CSC_RES_GEN_EQU,0,no_progress,,,,0,gender_equality,Economic Linkages for Diversification,Mozambique,MOZ,AFE,FCI,A,IPF,IDA,2021-05-11,2027-09-30,1,1,0,LIC,1,1,1,100.0,4.605170185988092,2021,4.136892539356605,0,6.3874058863791925
731,P171700,CSC_RES_WAT_SAN_HYG,1,fixed_share,,,,0,wash,Vinh Long Urban Resilience,Viet Nam,VNM,EAP,URS,A,IPF,IDA,2020-06-30,2025-12-31,0,0,0,LMC,1,1,1,80.6,4.389498649512583,2020,4.999315537303217,0,5.503080082135524
732,P171766,CSC_RES_BENE_ENAB_ECO_OPP,0,no_progress,,,,0,economic_opportunity,Formal Employment Creation Project,Türkiye,TUR,ECA,SPL,A,IPF,IBRD,2020-03-31,2026-12-31,0,0,0,UMC,1,1,0,346.93347341000003,5.84913304228683,2020,5.248459958932238,0,6.751540041067762
733,P171766,CSC_RES_GEN_EQU,0,no_progress,,,,0,gender_equality,Formal Employment Creation Project,Türkiye,TUR,ECA,SPL,A,IPF,IBRD,2020-03-31,2026-12-31,0,0,0,UMC,1,1,0,346.93347341000003,5.84913304228683,2020,5.248459958932238,0,6.751540041067762
734,P171767,CSC_RES_GEN_EQU,0,inconsistent,,,,0,gender_equality,LAFIA-IYALI Girls Women Health Nutrition,Niger,NER,AFW,HNP,A,IPF,IDA,2021-09-23,2026-12-31,1,1,0,LIC,1,1,1,100.0,4.605170185988092,2022,3.7672826830937716,0,5.270362765229295
735,P171767,CSC_RES_HEA_SERV,1,fixed_share,,,,0,health,LAFIA-IYALI Girls Women Health Nutrition,Niger,NER,AFW,HNP,A,IPF,IDA,2021-09-23,2026-12-31,1,1,0,LIC,1,1,1,100.0,4.605170185988092,2022,3.7672826830937716,0,5.270362765229295
736,P171778,CSC_RES_WAT_SAN_HYG,0,no_progress,,,,0,wash,WSS Services Improvement Project,Dominican Republic,DOM,LCR,WAT,A,IPF,IBRD,2021-05-27,2028-05-15,0,0,1,UMC,1,1,0,43.5,3.7727609380946383,2021,4.093086926762491,0,6.967830253251198
737,P171778,CSC_RES_WAT_SAN_SAFE,0,no_progress,,,,0,wash,WSS Services Improvement Project,Dominican Republic,DOM,LCR,WAT,A,IPF,IBRD,2021-05-27,2028-05-15,0,0,1,UMC,1,1,0,43.5,3.7727609380946383,2021,4.093086926762491,0,6.967830253251198
738,P171793,CSC_RES_BENE_ENAB_ECO_OPP,0,no_progress,,,,0,economic_opportunity,ENHANCING NORTHEASTERN CONNECTIVITY,Niger,NER,AFW,TDD,A,IPF,IDA,2021-03-02,2031-09-26,1,1,0,LIC,1,1,1,265.0,5.579729825986222,2021,4.328542094455853,0,10.568104038329912
739,P171793,CSC_RES_GEN_EQU,0,no_progress,,,,0,gender_equality,ENHANCING NORTHEASTERN CONNECTIVITY,Niger,NER,AFW,TDD,A,IPF,IDA,2021-03-02,2031-09-26,1,1,0,LIC,1,1,1,265.0,5.579729825986222,2021,4.328542094455853,0,10.568104038329912
740,P171833,CSC_RES_BENE_ENAB_ECO_OPP,0,no_progress,,,,0,economic_opportunity,OECS Blue Economy,Grenada,GRD,LCR,ENV,A,IPF,IDA,2022-05-02,2028-07-31,0,0,1,UMC,1,1,1,88.6,4.484131857611035,2022,3.162217659137577,0,6.247775496235455
741,P171833,CSC_RES_GEN_EQU,0,no_progress,,,,0,gender_equality,OECS Blue Economy,Grenada,GRD,LCR,ENV,A,IPF,IDA,2022-05-02,2028-07-31,0,0,1,UMC,1,1,1,88.6,4.484131857611035,2022,3.162217659137577,0,6.247775496235455
742,P171886,CSC_RES_BENE_ENAB_ECO_OPP,0,informative,0.3856,0.16129032258064516,22.430967741935483,1,economic_opportunity,SAFI,Afghanistan,AFG,MENAAP,FCI,A,IPF,IDA,2020-09-28,2026-06-30,1,1,0,LIC,1,1,1,100.0,4.605170185988092,2021,4.7529089664613275,0,5.752224503764545
743,P171886,CSC_RES_GEN_EQU,0,informative,0.3856,0.16129032258064516,22.430967741935483,1,gender_equality,SAFI,Afghanistan,AFG,MENAAP,FCI,A,IPF,IDA,2020-09-28,2026-06-30,1,1,0,LIC,1,1,1,100.0,4.605170185988092,2021,4.7529089664613275,0,5.752224503764545
744,P171924,CSC_RES_BENE_ENAB_ECO_OPP,0,informative,0.017158196134574085,0.010923535253227408,0.6234660881346678,1,economic_opportunity,RMI Education & Skills,Marshall Islands,MHL,EAP,EDU,A,IPF,IDA,2021-01-21,2026-01-05,1,0,1,UMC,1,1,1,10.0,2.302585092994046,2021,4.438056125941136,0,4.955509924709103
745,P171924,CSC_RES_GEN_EQU,0,informative,0.017158196134574085,0.010923535253227408,0.6234660881346678,1,gender_equality,RMI Education & Skills,Marshall Islands,MHL,EAP,EDU,A,IPF,IDA,2021-01-21,2026-01-05,1,0,1,UMC,1,1,1,10.0,2.302585092994046,2021,4.438056125941136,0,4.955509924709103
746,P171933,CSC_RES_GEN_EQU,0,women_only,,,,0,gender_equality,Ghana LRSSMP,Ghana,GHA,AFW,ENV,A,IPF,IDA,2021-08-30,2027-09-30,0,0,0,LMC,1,1,1,75.0,4.31748811353631,2022,3.8329911019849416,0,6.083504449007529
747,P171967,CSC_RES_BENE_ENAB_ECO_OPP,0,informative,0.08987126548457615,0.2,-11.012873451542387,1,economic_opportunity,Regional Infrastructure Finance - Africa,Eastern and Southern Africa,,AFE,FCI,A,IPF,IDA,2020-06-30,2026-09-26,0,0,0,Unknown,1,1,1,425.0,6.052089168924417,2020,4.999315537303217,0,6.239561943874059
748,P171967,CSC_RES_FIN_SERV,0,identical_share,,,,0,financial_services,Regional Infrastructure Finance - Africa,Eastern and Southern Africa,,AFE,FCI,A,IPF,IDA,2020-06-30,2026-09-26,0,0,0,Unknown,1,1,1,425.0,6.052089168924417,2020,4.999315537303217,0,6.239561943874059
749,P171967,CSC_RES_GEN_EQU,0,informative,0.08987126548457615,0.2,-11.012873451542387,1,gender_equality,Regional Infrastructure Finance - Africa,Eastern and Southern Africa,,AFE,FCI,A,IPF,IDA,2020-06-30,2026-09-26,0,0,0,Unknown,1,1,1,425.0,6.052089168924417,2020,4.999315537303217,0,6.239561943874059
750,P171976,CSC_RES_GEN_EQU,1,fixed_share,,,,0,gender_equality,Digital Haiti,Haiti,HTI,LCR,DDT,A,IPF,IDA,2020-10-09,2026-10-15,1,1,1,LMC,1,1,1,56.49999999,4.034240637975404,2021,4.722792607802875,0,6.015058179329227
751,P171997,CSC_RES_BENE_ENAB_ECO_OPP,0,no_progress,,,,0,economic_opportunity,"Liberia Investment, Finance and Trade",Liberia,LBR,AFW,FCI,A,IPF,IDA,2022-02-09,2027-04-30,0,1,0,LIC,1,1,1,40.0,3.6888794541139363,2022,3.3867214236824092,0,5.218343600273785
752,P171997,CSC_RES_GEN_EQU,0,no_progress,,,,0,gender_equality,"Liberia Investment, Finance and Trade",Liberia,LBR,AFW,FCI,A,IPF,IDA,2022-02-09,2027-04-30,0,1,0,LIC,1,1,1,40.0,3.6888794541139363,2022,3.3867214236824092,0,5.218343600273785
753,P172012,CSC_RES_BENE_ENAB_ECO_OPP,1,fixed_share,,,,0,economic_opportunity,LSMFP,Liberia,LBR,AFW,ENV,A,IPF,IDA,2021-09-22,2026-09-30,0,1,0,LIC,1,1,1,40.0,3.6888794541139363,2022,3.7700205338809036,0,5.021218343600274
754,P172012,CSC_RES_GEN_EQU,0,no_progress,,,,0,gender_equality,LSMFP,Liberia,LBR,AFW,ENV,A,IPF,IDA,2021-09-22,2026-09-30,0,1,0,LIC,1,1,1,40.0,3.6888794541139363,2022,3.7700205338809036,0,5.021218343600274
755,P172024,CSC_RES_FIN_SERV,0,identical_share,,,,0,financial_services,HEAL Croatia Project,Croatia,HRV,ECA,FCI,C,IPF,IBRD,2021-05-14,2025-06-30,0,0,0,HIC,1,0,0,121.05,4.796203683384068,2021,4.128678986995209,0,4.128678986995209
756,P172031,CSC_RES_GEN_EQU,1,fixed_share,,,,0,gender_equality,Improving Healthcare Services in Somalia,"Somalia, Federal Republic of",SOM,AFE,HNP,A,IPF,IDA,2021-06-28,2026-06-30,1,1,0,LIC,1,1,1,75.0,4.31748811353631,2021,4.005475701574264,0,5.004791238877481
757,P172422,CSC_RES_BENE_ENAB_ECO_OPP,0,women_only,,,,0,economic_opportunity,Senegal Land Project,Senegal,SEN,AFW,URS,A,IPF,IDA,2021-06-15,2026-07-24,0,1,0,LMC,1,1,1,80.0,4.382026634673881,2021,4.041067761806982,0,5.106091718001369
758,P172422,CSC_RES_GEN_EQU,0,women_only,,,,0,gender_equality,Senegal Land Project,Senegal,SEN,AFW,URS,A,IPF,IDA,2021-06-15,2026-07-24,0,1,0,LMC,1,1,1,80.0,4.382026634673881,2021,4.041067761806982,0,5.106091718001369
759,P172426,CSC_RES_GEN_EQU,0,women_only,,,,0,gender_equality,EG: Support'g Universal Health Insurance,"Egypt, Arab Republic of",EGY,MENAAP,HNP,A,IPF,IBRD,2020-06-16,2026-09-30,0,0,0,LMC,1,1,0,400.0,5.991464547107982,2020,5.037645448323066,0,6.288843258042436
760,P172426,CSC_RES_HEA_SERV,1,fixed_share,,,,0,health,EG: Support'g Universal Health Insurance,"Egypt, Arab Republic of",EGY,MENAAP,HNP,A,IPF,IBRD,2020-06-16,2026-09-30,0,0,0,LMC,1,1,0,400.0,5.991464547107982,2020,5.037645448323066,0,6.288843258042436
761,P172434,CSC_RES_BENE_ENAB_ECO_OPP,0,no_progress,,,,0,economic_opportunity,Somalia Education Project,"Somalia, Federal Republic of",SOM,AFE,EDU,A,IPF,IDA,2021-06-16,2026-06-30,1,1,0,LIC,1,1,1,40.0,3.6888794541139363,2021,4.03832991101985,0,5.037645448323066
762,P172434,CSC_RES_GEN_EQU,1,fixed_share,,,,0,gender_equality,Somalia Education Project,"Somalia, Federal Republic of",SOM,AFE,EDU,A,IPF,IDA,2021-06-16,2026-06-30,1,1,0,LIC,1,1,1,40.0,3.6888794541139363,2021,4.03832991101985,0,5.037645448323066
763,P172479,CSC_RES_BENE_ENAB_ECO_OPP,0,women_only,,,,0,economic_opportunity,SEASN Project,Ethiopia,ETH,AFE,SPL,A,IPF,IDA,2020-11-25,2026-06-30,1,1,0,Unknown,1,1,1,1100.0,7.003065458786462,2021,4.594113620807666,0,5.593429158110883
764,P172479,CSC_RES_GEN_EQU,0,women_only,,,,0,gender_equality,SEASN Project,Ethiopia,ETH,AFE,SPL,A,IPF,IDA,2020-11-25,2026-06-30,1,1,0,Unknown,1,1,1,1100.0,7.003065458786462,2021,4.594113620807666,0,5.593429158110883
765,P172504,CSC_RES_GEN_EQU,1,fixed_share,,,,0,gender_equality,HSPSP,Chad,TCD,AFW,HNP,A,IPF,IDA,2021-08-06,2026-12-31,1,1,0,LIC,1,1,1,240.0,5.480638923341991,2022,3.898699520876112,0,5.401779603011636
766,P172504,CSC_RES_HEA_SERV,0,informative,0.3809276153122092,0.5576866901087726,-17.67590747965634,1,health,HSPSP,Chad,TCD,AFW,HNP,A,IPF,IDA,2021-08-06,2026-12-31,1,1,0,LIC,1,1,1,240.0,5.480638923341991,2022,3.898699520876112,0,5.401779603011636
767,P172524,CSC_RES_BENE_ENAB_ECO_OPP,0,no_progress,,,,0,economic_opportunity,Digital Senegal Project,Senegal,SEN,AFW,DDT,A,IPF,IDA,2023-02-09,2028-05-31,0,1,0,LMC,1,1,1,150.0,5.0106352940962555,2023,2.3874058863791925,0,5.305954825462012
768,P172524,CSC_RES_GEN_EQU,0,no_progress,,,,0,gender_equality,Digital Senegal Project,Senegal,SEN,AFW,DDT,A,IPF,IDA,2023-02-09,2028-05-31,0,1,0,LMC,1,1,1,150.0,5.0106352940962555,2023,2.3874058863791925,0,5.305954825462012
769,P172562,CSC_RES_BENE_ENAB_ECO_OPP,1,fixed_share,,,,0,economic_opportunity,Turkey Integrated Landscape Project,Türkiye,TUR,ECA,ENV,A,IPF,IBRD,2021-06-09,2028-05-31,0,0,0,UMC,1,1,0,135.0,4.90527477843843,2021,4.057494866529774,0,6.976043805612594
770,P172562,CSC_RES_GEN_EQU,0,identical_share,,,,0,gender_equality,Turkey Integrated Landscape Project,Türkiye,TUR,ECA,ENV,A,IPF,IBRD,2021-06-09,2028-05-31,0,0,0,UMC,1,1,0,135.0,4.90527477843843,2021,4.057494866529774,0,6.976043805612594
771,P172592,CSC_RES_BENE_ENAB_ECO_OPP,0,women_only,,,,0,economic_opportunity,BELIZE-CRESAP,Belize,BLZ,LCR,AGR,A,IPF,IBRD,2022-03-14,2027-03-31,0,0,1,UMC,1,1,0,25.0,3.2188758248682006,2022,3.29637234770705,0,5.045859000684462
772,P172592,CSC_RES_GEN_EQU,0,women_only,,,,0,gender_equality,BELIZE-CRESAP,Belize,BLZ,LCR,AGR,A,IPF,IBRD,2022-03-14,2027-03-31,0,0,1,UMC,1,1,0,25.0,3.2188758248682006,2022,3.29637234770705,0,5.045859000684462
773,P172605,CSC_RES_GEN_EQU,0,women_only,,,,0,gender_equality,Salvador Social Project II,Brazil,BRA,LCR,SPL,A,IPF,IBRD,2020-09-22,2025-12-30,0,0,0,UMC,1,1,0,125.0,4.8283137373023015,2021,4.769336071184121,0,5.270362765229295
774,P172615,CSC_RES_HEA_SERV,0,no_progress,,,,0,health,NHSP,Pakistan,PAK,MENAAP,HNP,A,P4R,IDA,2022-06-07,2026-12-31,0,0,0,LMC,1,1,1,258.0,5.552959584921617,2022,3.0636550308008212,0,4.566735112936345
775,P172627,CSC_RES_BENE_ENAB_ECO_OPP,0,women_only,,,,0,economic_opportunity,Skills Development Project II,Malawi,MWI,AFE,EDU,A,IPF,IDA,2021-06-03,2026-06-30,0,1,0,LIC,1,1,1,100.0,4.605170185988092,2021,4.073921971252567,0,5.073237508555784
776,P172627,CSC_RES_FIN_SERV,0,informative,0.63,0.6398725353515236,-0.9872535351523548,1,financial_services,Skills Development Project II,Malawi,MWI,AFE,EDU,A,IPF,IDA,2021-06-03,2026-06-30,0,1,0,LIC,1,1,1,100.0,4.605170185988092,2021,4.073921971252567,0,5.073237508555784
777,P172627,CSC_RES_GEN_EQU,0,informative,0.4723499094581418,0.5876311593934226,-11.528124993528078,1,gender_equality,Skills Development Project II,Malawi,MWI,AFE,EDU,A,IPF,IDA,2021-06-03,2026-06-30,0,1,0,LIC,1,1,1,100.0,4.605170185988092,2021,4.073921971252567,0,5.073237508555784
778,P172689,CSC_RES_WAT_SAN_HYG,0,identical_share,,,,0,wash,BUENOS AIRES WATER SUPPLY AND SANITATION,Argentina,ARG,LCR,WAT,A,P4R,IBRD,2021-02-25,2026-05-26,0,0,0,UMC,0,1,0,300.0,5.703782474656201,2021,4.342231348391513,0,5.245722108145106
779,P172689,CSC_RES_WAT_SAN_SAFE,1,fixed_share,,,,0,wash,BUENOS AIRES WATER SUPPLY AND SANITATION,Argentina,ARG,LCR,WAT,A,P4R,IBRD,2021-02-25,2026-05-26,0,0,0,UMC,0,1,0,300.0,5.703782474656201,2021,4.342231348391513,0,5.245722108145106
780,P172774,CSC_RES_GEN_EQU,0,women_only,,,,0,gender_equality,Lao PDR Priority Skills for Growth,Lao People's Democratic Republic,LAO,EAP,EDU,A,IPF,IDA,2022-03-01,2027-06-30,0,1,0,LMC,1,1,1,46.0,3.828641396489095,2022,3.3319644079397674,0,5.330595482546201
781,P172788,CSC_RES_BENE_ENAB_ECO_OPP,0,no_progress,,,,0,economic_opportunity,Maldives ARISE,Maldives,MDV,SAR,EAE,A,IPF,IDA,2020-12-11,2026-01-31,0,0,1,UMC,1,1,1,12.4,2.517696472610991,2021,4.550308008213553,0,5.138945927446954
782,P172788,CSC_RES_GEN_EQU,0,no_progress,,,,0,gender_equality,Maldives ARISE,Maldives,MDV,SAR,EAE,A,IPF,IDA,2020-12-11,2026-01-31,0,0,1,UMC,1,1,1,12.4,2.517696472610991,2021,4.550308008213553,0,5.138945927446954
783,P172800,CSC_RES_FIN_SERV,0,informative,0.48681981575648603,0.46774193548387094,1.9077880272615089,1,financial_services,CIV: Youth Employment and Skills Dvpt,Cote d'Ivoire,CIV,AFW,EDU,A,IPF,IDA,2022-01-31,2026-12-31,0,0,0,LMC,1,1,1,150.0,5.0106352940962555,2022,3.4113620807665983,0,4.914442162902122
784,P172809,CSC_RES_FIN_SERV,0,informative,0.9999999938903422,0.1111111111111111,88.88888827792312,1,financial_services,MA: COVID-19 Cash Trans Emergency Respns,Morocco,MAR,MENAAP,SPL,A,IPF,IBRD,2020-12-03,2026-06-30,0,0,0,LMC,1,1,0,750.0,6.620073206530356,2021,4.572210814510609,0,5.5715263518138265
785,P172809,CSC_RES_GEN_EQU,0,informative,0.24100799182500893,0.6640106241699867,-42.30026323449778,1,gender_equality,MA: COVID-19 Cash Trans Emergency Respns,Morocco,MAR,MENAAP,SPL,A,IPF,IBRD,2020-12-03,2026-06-30,0,0,0,LMC,1,1,0,750.0,6.620073206530356,2021,4.572210814510609,0,5.5715263518138265
786,P172899,CSC_RES_BENE_ENAB_ECO_OPP,0,informative,0.5904423881353784,0.4090909090909091,18.13514790444693,1,economic_opportunity,Access to Finance Project,Ecuador,ECU,LCR,FCI,A,IPF,IBRD,2020-07-01,2027-12-31,0,0,0,UMC,1,1,0,560.0,6.327936783729195,2021,4.996577686516085,0,7.498973305954825
787,P172899,CSC_RES_FIN_SERV,0,informative,0.5904423881353784,0.4090909090909091,18.13514790444693,1,financial_services,Access to Finance Project,Ecuador,ECU,LCR,FCI,A,IPF,IBRD,2020-07-01,2027-12-31,0,0,0,UMC,1,1,0,560.0,6.327936783729195,2021,4.996577686516085,0,7.498973305954825
788,P172899,CSC_RES_GEN_EQU,0,informative,0.5904423881353784,0.4090909090909091,18.13514790444693,1,gender_equality,Access to Finance Project,Ecuador,ECU,LCR,FCI,A,IPF,IBRD,2020-07-01,2027-12-31,0,0,0,UMC,1,1,0,560.0,6.327936783729195,2021,4.996577686516085,0,7.498973305954825
789,P172926,CSC_RES_BENE_ENAB_ECO_OPP,0,women_only,,,,0,economic_opportunity,Morocco Blue Economy Program,Morocco,MAR,MENAAP,ENV,A,P4R,IBRD,2022-05-23,2027-07-31,0,0,0,LMC,0,1,0,350.0,5.857933154483459,2022,3.1047227926078027,0,5.188227241615332
790,P172926,CSC_RES_GEN_EQU,0,women_only,,,,0,gender_equality,Morocco Blue Economy Program,Morocco,MAR,MENAAP,ENV,A,P4R,IBRD,2022-05-23,2027-07-31,0,0,0,LMC,0,1,0,350.0,5.857933154483459,2022,3.1047227926078027,0,5.188227241615332
791,P172940,CSC_RES_HEA_SERV,0,informative,0.6274678972333063,0.5639011541140664,6.356674311923993,1,health,Benin Health System Enhancement Program,Benin,BEN,AFW,HNP,A,P4R,IDA,2022-04-27,2027-06-30,0,1,0,LMC,0,1,1,187.0,5.231108616854587,2022,3.1759069130732374,0,5.174537987679671
792,P172945,CSC_RES_BENE_ENAB_ECO_OPP,1,fixed_share,,,,0,economic_opportunity,Pakistan PULSE,Pakistan,PAK,MENAAP,URS,A,IPF,IDA,2022-03-10,2027-06-30,0,0,0,LMC,1,1,1,150.0,5.0106352940962555,2022,3.3073237508555784,0,5.305954825462012
793,P172945,CSC_RES_GEN_EQU,0,women_only,,,,0,gender_equality,Pakistan PULSE,Pakistan,PAK,MENAAP,URS,A,IPF,IDA,2022-03-10,2027-06-30,0,0,0,LMC,1,1,1,150.0,5.0106352940962555,2022,3.3073237508555784,0,5.305954825462012
794,P172988,CSC_RES_BENE_ENAB_ECO_OPP,1,fixed_share,,,,0,economic_opportunity,BTRP,Burundi,BDI,AFE,TDD,A,IPF,IDA,2022-09-30,2027-12-31,1,1,0,LIC,1,1,1,125.0,4.8283137373023015,2023,2.74880219028063,0,5.25119780971937
795,P172988,CSC_RES_GEN_EQU,0,no_progress,,,,0,gender_equality,BTRP,Burundi,BDI,AFE,TDD,A,IPF,IDA,2022-09-30,2027-12-31,1,1,0,LIC,1,1,1,125.0,4.8283137373023015,2023,2.74880219028063,0,5.25119780971937
796,P173025,CSC_RES_BENE_ENAB_ECO_OPP,1,fixed_share,,,,0,economic_opportunity,Resilient Cities Project,Türkiye,TUR,ECA,URS,A,IPF,IBRD,2022-09-27,2028-10-31,0,0,0,UMC,1,1,0,512.148,6.238613645768993,2023,2.757015742642026,0,6.094455852156058
797,P173025,CSC_RES_FIN_SERV,0,identical_share,,,,0,financial_services,Resilient Cities Project,Türkiye,TUR,ECA,URS,A,IPF,IBRD,2022-09-27,2028-10-31,0,0,0,UMC,1,1,0,512.148,6.238613645768993,2023,2.757015742642026,0,6.094455852156058
798,P173025,CSC_RES_GEN_EQU,0,identical_share,,,,0,gender_equality,Resilient Cities Project,Türkiye,TUR,ECA,URS,A,IPF,IBRD,2022-09-27,2028-10-31,0,0,0,UMC,1,1,0,512.148,6.238613645768993,2023,2.757015742642026,0,6.094455852156058
799,P173025,CSC_RES_WAT_SAN_HYG,0,no_progress,,,,0,wash,Resilient Cities Project,Türkiye,TUR,ECA,URS,A,IPF,IBRD,2022-09-27,2028-10-31,0,0,0,UMC,1,1,0,512.148,6.238613645768993,2023,2.757015742642026,0,6.094455852156058
800,P173065,CSC_RES_WAT_SAN_HYG,0,informative,0.5568233826077773,0.6,-4.317661739222267,1,wash,Locally-Led Climate Action (FLLoCA),Kenya,KEN,AFE,OTHER,A,P4R,IDA,2021-10-26,2026-12-31,0,0,0,LMC,1,1,1,150.0,5.0106352940962555,2022,3.676933607118412,0,5.1800136892539355
801,P173070,CSC_RES_BENE_ENAB_ECO_OPP,0,women_only,,,,0,economic_opportunity,Gambia Agricultural Value Chain Project,"Gambia, The",GMB,AFW,AGR,A,IPF,IDA,2021-11-24,2028-12-31,0,1,0,LIC,1,1,1,108.0,4.68213122712422,2022,3.597535934291581,0,7.101984941820671
802,P173070,CSC_RES_GEN_EQU,0,women_only,,,,0,gender_equality,Gambia Agricultural Value Chain Project,"Gambia, The",GMB,AFW,AGR,A,IPF,IDA,2021-11-24,2028-12-31,0,1,0,LIC,1,1,1,108.0,4.68213122712422,2022,3.597535934291581,0,7.101984941820671
803,P173070,CSC_RES_WAT_SAN_HYG,0,no_progress,,,,0,wash,Gambia Agricultural Value Chain Project,"Gambia, The",GMB,AFW,AGR,A,IPF,IDA,2021-11-24,2028-12-31,0,1,0,LIC,1,1,1,108.0,4.68213122712422,2022,3.597535934291581,0,7.101984941820671
804,P173076,CSC_RES_BENE_ENAB_ECO_OPP,1,fixed_share,,,,0,economic_opportunity,Water Security and Sanitation Project,Moldova,MDA,ECA,WAT,A,IPF,IDA,2022-01-31,2027-01-31,0,0,0,UMC,1,1,1,50.0,3.912023005428146,2022,3.4113620807665983,0,4.999315537303217
805,P173076,CSC_RES_GEN_EQU,0,identical_share,,,,0,gender_equality,Water Security and Sanitation Project,Moldova,MDA,ECA,WAT,A,IPF,IDA,2022-01-31,2027-01-31,0,0,0,UMC,1,1,1,50.0,3.912023005428146,2022,3.4113620807665983,0,4.999315537303217
806,P173076,CSC_RES_WAT_SAN_HYG,1,fixed_share,,,,0,wash,Water Security and Sanitation Project,Moldova,MDA,ECA,WAT,A,IPF,IDA,2022-01-31,2027-01-31,0,0,0,UMC,1,1,1,50.0,3.912023005428146,2022,3.4113620807665983,0,4.999315537303217
807,P173076,CSC_RES_WAT_SAN_SAFE,1,fixed_share,,,,0,wash,Water Security and Sanitation Project,Moldova,MDA,ECA,WAT,A,IPF,IDA,2022-01-31,2027-01-31,0,0,0,UMC,1,1,1,50.0,3.912023005428146,2022,3.4113620807665983,0,4.999315537303217
808,P173125,CSC_RES_WAT_SAN_HYG,0,no_progress,,,,0,wash,Urban Water Supply Strengthening Project,Honduras,HND,LCR,WAT,A,IPF,IDA,2020-06-22,2027-03-31,0,0,0,LMC,1,1,1,45.0,3.8066624897703196,2020,5.021218343600274,0,6.770704996577686
809,P173125,CSC_RES_WAT_SAN_SAFE,1,fixed_share,,,,0,wash,Urban Water Supply Strengthening Project,Honduras,HND,LCR,WAT,A,IPF,IDA,2020-06-22,2027-03-31,0,0,0,LMC,1,1,1,45.0,3.8066624897703196,2020,5.021218343600274,0,6.770704996577686
810,P173151,CSC_RES_GEN_EQU,1,fixed_share,,,,0,gender_equality,Eswatini Human Capital Project,Eswatini,SWZ,AFE,EDU,A,IPF,IBRD,2022-05-02,2027-06-30,0,0,0,LMC,1,1,0,27.35,3.3087165288679903,2022,3.162217659137577,0,5.160848733744011
811,P173168,CSC_RES_GEN_EQU,0,women_only,,,,0,gender_equality,Ghana Primary Health Care PforR,Ghana,GHA,AFW,HNP,A,P4R,IDA,2022-06-10,2026-06-30,0,0,0,LMC,1,1,1,150.0,5.0106352940962555,2022,3.055441478439425,0,4.054757015742642
812,P173168,CSC_RES_HEA_SERV,0,informative,0.6700370993831821,0.4999999978931806,17.00371014900015,1,health,Ghana Primary Health Care PforR,Ghana,GHA,AFW,HNP,A,P4R,IDA,2022-06-10,2026-06-30,0,0,0,LMC,1,1,1,150.0,5.0106352940962555,2022,3.055441478439425,0,4.054757015742642
813,P173197,CSC_RES_BENE_ENAB_ECO_OPP,0,informative,0.024339360222531293,0.06061908856405847,-3.6279728341527178,1,economic_opportunity,PRAPS II,Chad,TCD,AFW,AGR,A,IPF,IDA,2021-03-30,2027-12-31,1,1,0,LIC,1,1,1,517.0,6.248042874508429,2021,4.251882272416153,0,6.754277891854894
814,P173197,CSC_RES_GEN_EQU,0,informative,0.24165507649513213,0.5052665520206363,-26.361147552550417,1,gender_equality,PRAPS II,Chad,TCD,AFW,AGR,A,IPF,IDA,2021-03-30,2027-12-31,1,1,0,LIC,1,1,1,517.0,6.248042874508429,2021,4.251882272416153,0,6.754277891854894
815,P173197,CSC_RES_WAT_SAN_HYG,0,identical_share,,,,0,wash,PRAPS II,Chad,TCD,AFW,AGR,A,IPF,IDA,2021-03-30,2027-12-31,1,1,0,LIC,1,1,1,517.0,6.248042874508429,2021,4.251882272416153,0,6.754277891854894
816,P173233,CSC_RES_FIN_SERV,0,informative,0.5895689418803778,0.5930539834646014,-0.34850415842235805,1,financial_services,Indonesia 3rd Financial Sector ReformDPF,Indonesia,IDN,EAP,FCI,C,DPL,IBRD,2023-03-28,2024-06-30,0,0,0,UMC,0,0,0,1000.0,6.907755278982137,2023,2.2587268993839835,0,1.2594113620807665
817,P173240,CSC_RES_BENE_ENAB_ECO_OPP,1,fixed_share,,,,0,economic_opportunity,Digital Cameroon,Cameroon,CMR,AFW,DDT,A,IPF,IDA,2021-09-28,2027-03-31,1,0,0,LMC,1,1,1,100.0,4.605170185988092,2022,3.753593429158111,0,5.503080082135524
818,P173240,CSC_RES_GEN_EQU,0,no_progress,,,,0,gender_equality,Digital Cameroon,Cameroon,CMR,AFW,DDT,A,IPF,IDA,2021-09-28,2027-03-31,1,0,0,LMC,1,1,1,100.0,4.605170185988092,2022,3.753593429158111,0,5.503080082135524
819,P173278,CSC_RES_WAT_SAN_HYG,1,fixed_share,,,,0,wash,Affordable and Resilient Settlements,Vanuatu,VUT,EAP,URS,A,IPF,IDA,2022-03-17,2027-06-30,0,0,1,LMC,1,1,1,25.0,3.2188758248682006,2022,3.2881587953456535,0,5.286789869952088
820,P173283,CSC_RES_BENE_ENAB_ECO_OPP,0,no_progress,,,,0,economic_opportunity,"IP, Afro and Montubio Devt Project",Ecuador,ECU,LCR,ENV,A,IPF,IBRD,2020-09-25,2026-12-31,0,0,0,UMC,1,1,0,40.0,3.6888794541139363,2021,4.761122518822724,0,6.264202600958248
821,P173283,CSC_RES_GEN_EQU,0,no_progress,,,,0,gender_equality,"IP, Afro and Montubio Devt Project",Ecuador,ECU,LCR,ENV,A,IPF,IBRD,2020-09-25,2026-12-31,0,0,0,UMC,1,1,0,40.0,3.6888794541139363,2021,4.761122518822724,0,6.264202600958248
822,P173287,CSC_RES_GEN_EQU,1,fixed_share,,,,0,gender_equality,Gambia Essential Health Services,"Gambia, The",GMB,AFW,HNP,A,IPF,IDA,2020-10-09,2025-12-31,0,1,0,LIC,1,1,1,119.5,4.783316371371566,2021,4.722792607802875,0,5.2265571526351815
823,P173287,CSC_RES_HEA_SERV,0,informative,0.5001694646778991,0.5513741249464713,-5.120466026857217,1,health,Gambia Essential Health Services,"Gambia, The",GMB,AFW,HNP,A,IPF,IDA,2020-10-09,2025-12-31,0,1,0,LIC,1,1,1,119.5,4.783316371371566,2021,4.722792607802875,0,5.2265571526351815
824,P173315,CSC_RES_WAT_SAN_HYG,1,fixed_share,,,,0,wash,Somalia Crisis Recovery Project,"Somalia, Federal Republic of",SOM,AFE,URS,A,IPF,IDA,2020-05-15,2026-05-29,1,1,0,LIC,1,1,1,187.5,5.233778845410465,2020,5.125256673511293,0,6.036960985626283
825,P173368,CSC_RES_GEN_EQU,0,women_only,,,,0,gender_equality,H-EQIP 2,Cambodia,KHM,EAP,HNP,A,IPF,IDA,2022-03-10,2027-12-31,0,1,0,LMC,1,1,1,55.0,4.007333185232471,2022,3.3073237508555784,0,5.809719370294319
826,P173373,CSC_RES_BENE_ENAB_ECO_OPP,0,no_progress,,,,0,economic_opportunity,Digital Rwanda,Rwanda,RWA,AFE,DDT,A,IPF,IDA,2021-11-30,2026-12-31,0,1,0,LIC,1,1,1,79.95762322,4.3814967845781085,2022,3.5811088295687883,0,5.084188911704312
827,P173373,CSC_RES_FIN_SERV,0,no_progress,,,,0,financial_services,Digital Rwanda,Rwanda,RWA,AFE,DDT,A,IPF,IDA,2021-11-30,2026-12-31,0,1,0,LIC,1,1,1,79.95762322,4.3814967845781085,2022,3.5811088295687883,0,5.084188911704312
828,P173373,CSC_RES_GEN_EQU,0,no_progress,,,,0,gender_equality,Digital Rwanda,Rwanda,RWA,AFE,DDT,A,IPF,IDA,2021-11-30,2026-12-31,0,1,0,LIC,1,1,1,79.95762322,4.3814967845781085,2022,3.5811088295687883,0,5.084188911704312
829,P173399,CSC_RES_GEN_EQU,1,fixed_share,,,,0,gender_equality,ASPIRE,Pakistan,PAK,MENAAP,EDU,A,P4R,IDA,2020-07-31,2028-06-30,0,0,0,LMC,1,1,1,233.0,5.4510384535657,2021,4.914442162902122,0,7.915126625598905
830,P173407,CSC_RES_GEN_EQU,0,no_progress,,,,0,gender_equality,LEAP,Lao People's Democratic Republic,LAO,EAP,EDU,A,IPF,IDA,2021-03-18,2029-05-31,0,1,0,LMC,1,1,1,47.4,3.858622228701031,2021,4.284736481861739,0,8.202600958247775
831,P173506,CSC_RES_WAT_SAN_HYG,0,no_progress,,,,0,wash,AGREE,"Congo, Democratic Republic of",COD,AFE,EAE,A,IPF,IDA,2022-03-31,2029-09-30,1,1,0,LIC,1,1,1,600.0,6.396929655216146,2022,3.249828884325804,0,7.501711156741957
832,P173518,CSC_RES_BENE_ENAB_ECO_OPP,0,informative,0.0,0.3333333333333333,-33.33333333333333,1,economic_opportunity,Rural and Small Towns Water Security,Mozambique,MOZ,AFE,WAT,A,IPF,IDA,2021-12-14,2027-06-30,1,1,0,LIC,1,1,1,150.0,5.0106352940962555,2022,3.542778918548939,0,5.541409993155373
833,P173518,CSC_RES_GEN_EQU,0,informative,0.0,0.3333333333333333,-33.33333333333333,1,gender_equality,Rural and Small Towns Water Security,Mozambique,MOZ,AFE,WAT,A,IPF,IDA,2021-12-14,2027-06-30,1,1,0,LIC,1,1,1,150.0,5.0106352940962555,2022,3.542778918548939,0,5.541409993155373
834,P173521,CSC_RES_FIN_SERV,0,identical_share,,,,0,financial_services,SFS Project,Sudan,SDN,AFE,SPL,C,IPF,IDA,2020-10-08,2024-06-30,1,1,0,LIC,1,0,1,410.0,6.016157159698354,2021,4.725530458590007,0,3.7262149212867897
835,P173521,CSC_RES_GEN_EQU,0,women_only,,,,0,gender_equality,SFS Project,Sudan,SDN,AFE,SPL,C,IPF,IDA,2020-10-08,2024-06-30,1,1,0,LIC,1,0,1,410.0,6.016157159698354,2021,4.725530458590007,0,3.7262149212867897
836,P173582,CSC_RES_BENE_ENAB_ECO_OPP,0,informative,0.27911472853312824,0.23242098631479471,4.669374221833353,1,economic_opportunity,RY: Social Protection & COVID19 Response,"Yemen, Republic of",YEM,MENAAP,SPL,A,IPF,IDA,2020-12-17,2026-12-31,1,1,0,LIC,1,1,1,860.9,6.757978353663909,2021,4.5338809034907595,0,6.036960985626283
837,P173582,CSC_RES_FIN_SERV,0,identical_share,,,,0,financial_services,RY: Social Protection & COVID19 Response,"Yemen, Republic of",YEM,MENAAP,SPL,A,IPF,IDA,2020-12-17,2026-12-31,1,1,0,LIC,1,1,1,860.9,6.757978353663909,2021,4.5338809034907595,0,6.036960985626283
838,P173582,CSC_RES_GEN_EQU,0,informative,0.7238588566471907,0.5639821262593879,15.987673038780281,1,gender_equality,RY: Social Protection & COVID19 Response,"Yemen, Republic of",YEM,MENAAP,SPL,A,IPF,IDA,2020-12-17,2026-12-31,1,1,0,LIC,1,1,1,860.9,6.757978353663909,2021,4.5338809034907595,0,6.036960985626283
839,P173582,CSC_RES_WAT_SAN_HYG,1,fixed_share,,,,0,wash,RY: Social Protection & COVID19 Response,"Yemen, Republic of",YEM,MENAAP,SPL,A,IPF,IDA,2020-12-17,2026-12-31,1,1,0,LIC,1,1,1,860.9,6.757978353663909,2021,4.5338809034907595,0,6.036960985626283
840,P173620,CSC_RES_BENE_ENAB_ECO_OPP,1,fixed_share,,,,0,economic_opportunity,WBalkans Trade & Transport Fac. Phase 2,Montenegro,MNE,ECA,TDD,A,IPF,IBRD,2022-12-23,2028-04-30,0,0,0,UMC,1,1,0,15.0,2.70805020110221,2023,2.518822724161533,0,5.352498288843258
841,P173620,CSC_RES_GEN_EQU,1,fixed_share,,,,0,gender_equality,WBalkans Trade & Transport Fac. Phase 2,Montenegro,MNE,ECA,TDD,A,IPF,IBRD,2022-12-23,2028-04-30,0,0,0,UMC,1,1,0,15.0,2.70805020110221,2023,2.518822724161533,0,5.352498288843258
842,P173640,CSC_RES_BENE_ENAB_ECO_OPP,0,women_only,,,,0,economic_opportunity,Social Protection and Resilience Project,Mozambique,MOZ,AFE,SPL,A,IPF,IDA,2021-12-16,2026-12-31,1,1,0,LIC,1,1,1,121.8617807,4.802887457383862,2022,3.5373032169746748,0,5.040383299110198
843,P173640,CSC_RES_FIN_SERV,0,informative,0.6969782496610462,0.65625,4.072824966104616,1,financial_services,Social Protection and Resilience Project,Mozambique,MOZ,AFE,SPL,A,IPF,IDA,2021-12-16,2026-12-31,1,1,0,LIC,1,1,1,121.8617807,4.802887457383862,2022,3.5373032169746748,0,5.040383299110198
844,P173640,CSC_RES_GEN_EQU,0,women_only,,,,0,gender_equality,Social Protection and Resilience Project,Mozambique,MOZ,AFE,SPL,A,IPF,IDA,2021-12-16,2026-12-31,1,1,0,LIC,1,1,1,121.8617807,4.802887457383862,2022,3.5373032169746748,0,5.040383299110198
845,P173663,CSC_RES_BENE_ENAB_ECO_OPP,0,no_progress,,,,0,economic_opportunity,PAHP,Pakistan,PAK,MENAAP,URS,A,P4R,IDA,2022-03-10,2027-06-30,0,0,0,LMC,1,1,1,200.0,5.298317366548036,2022,3.3073237508555784,0,5.305954825462012
846,P173663,CSC_RES_GEN_EQU,0,no_progress,,,,0,gender_equality,PAHP,Pakistan,PAK,MENAAP,URS,A,P4R,IDA,2022-03-10,2027-06-30,0,0,0,LMC,1,1,1,200.0,5.298317366548036,2022,3.3073237508555784,0,5.305954825462012
847,P173716,CSC_RES_WAT_SAN_HYG,1,fixed_share,,,,0,wash,Binh Duong Water Environment Improvement,Viet Nam,VNM,EAP,WAT,A,IPF,IBRD,2024-01-12,2029-10-31,0,0,0,LMC,1,1,0,230.763,5.441391209824204,2024,1.4647501711156743,0,5.801505817932923
848,P173731,CSC_RES_BENE_ENAB_ECO_OPP,0,women_only,,,,0,economic_opportunity,Somalia RCRF III,"Somalia, Federal Republic of",SOM,AFE,GOV,A,IPF,IDA,2020-06-11,2026-12-31,1,1,0,LIC,1,1,1,195.0,5.272999558563747,2020,5.0513347022587265,0,6.55441478439425
849,P173731,CSC_RES_GEN_EQU,0,women_only,,,,0,gender_equality,Somalia RCRF III,"Somalia, Federal Republic of",SOM,AFE,GOV,A,IPF,IDA,2020-06-11,2026-12-31,1,1,0,LIC,1,1,1,195.0,5.272999558563747,2020,5.0513347022587265,0,6.55441478439425
850,P173734,CSC_RES_WAT_SAN_HYG,0,no_progress,,,,0,wash,CREWSP,Kyrgyz Republic,KGZ,ECA,WAT,A,IPF,IDA,2022-04-15,2028-12-31,0,0,0,LMC,1,1,1,100.0,4.605170185988092,2022,3.2087611225188226,0,6.713210130047912
851,P173734,CSC_RES_WAT_SAN_SAFE,1,fixed_share,,,,0,wash,CREWSP,Kyrgyz Republic,KGZ,ECA,WAT,A,IPF,IDA,2022-04-15,2028-12-31,0,0,0,LMC,1,1,1,100.0,4.605170185988092,2022,3.2087611225188226,0,6.713210130047912
852,P173749,CSC_RES_BENE_ENAB_ECO_OPP,0,women_only,,,,0,economic_opportunity,Benin Electricity Access Scale-up (BEAS),Benin,BEN,AFW,EAE,A,IPF,IDA,2021-06-14,2026-12-31,0,1,0,LMC,1,1,1,200.0,5.298317366548036,2021,4.043805612594114,0,5.546885694729637
853,P173749,CSC_RES_GEN_EQU,0,women_only,,,,0,gender_equality,Benin Electricity Access Scale-up (BEAS),Benin,BEN,AFW,EAE,A,IPF,IDA,2021-06-14,2026-12-31,0,1,0,LMC,1,1,1,200.0,5.298317366548036,2021,4.043805612594114,0,5.546885694729637
854,P173765,CSC_RES_GEN_EQU,0,women_only,,,,0,gender_equality,Tajikistan Emergency COVID-19 Project,Tajikistan,TJK,ECA,HNP,C,IPF,IDA,2020-04-02,2024-05-31,0,0,0,LMC,1,0,1,57.5,4.051784947803305,2020,5.242984257357974,0,4.161533196440794
855,P173783,CSC_RES_HEA_SERV,1,fixed_share,,,,0,health,STP COVID-19 Emergency Response Project,Sao Tome and Principe,STP,AFE,HNP,C,IPF,IDA,2020-04-02,2025-06-30,1,0,1,LMC,1,0,1,7.0,1.9459101490553132,2020,5.242984257357974,0,5.242984257357974
856,P173788,CSC_RES_GEN_EQU,1,fixed_share,,,,0,gender_equality,Ghana COVID-19 Response Project,Ghana,GHA,AFW,HNP,A,IPF,IDA,2020-04-02,2025-12-16,0,0,0,LMC,1,1,1,425.54362964,6.0533674801011355,2020,5.242984257357974,0,5.705681040383299
857,P173820,CSC_RES_BENE_ENAB_ECO_OPP,1,fixed_share,,,,0,economic_opportunity,KENYA COVID-19 EMERGENCY RESPONSE PROJEC,Kenya,KEN,AFE,HNP,A,IPF,IDA,2020-04-02,2025-12-30,0,0,0,LMC,1,1,1,185.14520709,5.221140420392097,2020,5.242984257357974,0,5.7440109514031485
858,P173820,CSC_RES_GEN_EQU,0,identical_share,,,,0,gender_equality,KENYA COVID-19 EMERGENCY RESPONSE PROJEC,Kenya,KEN,AFE,HNP,A,IPF,IDA,2020-04-02,2025-12-30,0,0,0,LMC,1,1,1,185.14520709,5.221140420392097,2020,5.242984257357974,0,5.7440109514031485
859,P173820,CSC_RES_HEA_SERV,1,fixed_share,,,,0,health,KENYA COVID-19 EMERGENCY RESPONSE PROJEC,Kenya,KEN,AFE,HNP,A,IPF,IDA,2020-04-02,2025-12-30,0,0,0,LMC,1,1,1,185.14520709,5.221140420392097,2020,5.242984257357974,0,5.7440109514031485
860,P173825,CSC_RES_HEA_SERV,0,informative,0.41,0.5,-9.000000000000002,1,health,DRC  - COVID-19 Project,"Congo, Democratic Republic of",COD,AFE,HNP,C,IPF,IDA,2020-04-02,2024-06-30,1,1,0,LIC,1,0,1,247.2,5.510197725583535,2020,5.242984257357974,0,4.243668720054757
861,P173830,CSC_RES_WAT_SAN_HYG,1,fixed_share,,,,0,wash,Sahel Recovery and Stabilization Project,Niger,NER,AFW,SOC,A,IPF,IDA,2021-06-15,2026-12-31,1,1,0,LIC,1,1,1,352.5,5.8650506222523235,2021,4.041067761806982,0,5.544147843942505
862,P173838,CSC_RES_WAT_SAN_HYG,1,fixed_share,,,,0,wash,Senegal COVID-19 Project,Senegal,SEN,AFW,HNP,A,IPF,IDA,2020-04-02,2025-12-31,0,1,0,LMC,1,1,1,154.0,5.0369526024136295,2020,5.242984257357974,0,5.746748802190281
863,P173846,CSC_RES_BENE_ENAB_ECO_OPP,0,no_progress,,,,0,economic_opportunity,Niger COVID-19 Emergency Response,Niger,NER,AFW,HNP,C,IPF,IDA,2020-04-13,2024-12-31,1,1,0,LIC,1,0,1,68.65,4.229021132213981,2020,5.212867898699521,0,4.717316906228611
864,P173846,CSC_RES_GEN_EQU,0,women_only,,,,0,gender_equality,Niger COVID-19 Emergency Response,Niger,NER,AFW,HNP,C,IPF,IDA,2020-04-13,2024-12-31,1,1,0,LIC,1,0,1,68.65,4.229021132213981,2020,5.212867898699521,0,4.717316906228611
865,P173855,CSC_RES_GEN_EQU,1,fixed_share,,,,0,gender_equality,wanda COVID-19 Emergency Response,Rwanda,RWA,AFE,HNP,C,IPF,IDA,2020-04-07,2025-06-30,0,1,0,LIC,1,0,1,76.24999836,4.334017393979324,2020,5.229295003422314,0,5.229295003422314
866,P173855,CSC_RES_HEA_SERV,1,fixed_share,,,,0,health,wanda COVID-19 Emergency Response,Rwanda,RWA,AFE,HNP,C,IPF,IDA,2020-04-07,2025-06-30,0,1,0,LIC,1,0,1,76.24999836,4.334017393979324,2020,5.229295003422314,0,5.229295003422314
867,P173867,CSC_RES_GEN_EQU,0,women_only,,,,0,gender_equality,Sri Lanka COVID-19 ERHSP,Sri Lanka,LKA,SAR,HNP,C,IPF,IBRD,2020-04-02,2023-12-31,0,0,0,LMC,1,0,0,396.363646,5.982332087856636,2020,5.242984257357974,0,3.7453798767967146
868,P173883,CSC_RES_BENE_ENAB_ECO_OPP,0,women_only,,,,0,economic_opportunity,Eswatini COVID-19 ERP,Eswatini,SWZ,AFE,HNP,C,IPF,IBRD,2020-04-20,2024-09-30,0,0,0,LMC,1,0,0,11.0,2.3978952727983707,2020,5.193702943189596,0,4.446269678302532
869,P173883,CSC_RES_GEN_EQU,0,women_only,,,,0,gender_equality,Eswatini COVID-19 ERP,Eswatini,SWZ,AFE,HNP,C,IPF,IBRD,2020-04-20,2024-09-30,0,0,0,LMC,1,0,0,11.0,2.3978952727983707,2020,5.193702943189596,0,4.446269678302532
870,P173974,CSC_RES_BENE_ENAB_ECO_OPP,0,informative,0.47000000000000003,0.5,-2.9999999999999973,1,economic_opportunity,JO: Emergency CT COVID 19 Response Prj,Jordan,JOR,MENAAP,SPL,A,IPF,IBRD,2020-06-25,2026-12-31,0,0,0,LMC,1,1,0,990.0,6.897704943128636,2020,5.0130047912388775,0,6.5160848733744015
871,P173974,CSC_RES_GEN_EQU,1,fixed_share,,,,0,gender_equality,JO: Emergency CT COVID 19 Response Prj,Jordan,JOR,MENAAP,SPL,A,IPF,IBRD,2020-06-25,2026-12-31,0,0,0,LMC,1,1,0,990.0,6.897704943128636,2020,5.0130047912388775,0,6.5160848733744015
872,P173975,CSC_RES_FIN_SERV,0,informative,0.37777777777777777,0.39992645471769006,-2.2148676939912293,1,financial_services,Georgia Relief and Recovery for MSMEs,Georgia,GEO,ECA,FCI,A,IPF,IBRD,2021-05-11,2027-06-30,0,0,0,UMC,1,1,0,102.9,4.633757642840004,2021,4.136892539356605,0,6.135523613963039
873,P174002,CSC_RES_BENE_ENAB_ECO_OPP,0,inconsistent,,,,0,economic_opportunity,Sustainable Rural Economy Program,Mozambique,MOZ,AFE,AGR,A,IPF,IDA,2021-06-09,2026-06-30,1,1,0,LIC,1,1,1,200.0,5.298317366548036,2021,4.057494866529774,0,5.0568104038329915
874,P174002,CSC_RES_GEN_EQU,0,inconsistent,,,,0,gender_equality,Sustainable Rural Economy Program,Mozambique,MOZ,AFE,AGR,A,IPF,IDA,2021-06-09,2026-06-30,1,1,0,LIC,1,1,1,200.0,5.298317366548036,2021,4.057494866529774,0,5.0568104038329915
875,P174005,CSC_RES_BENE_ENAB_ECO_OPP,0,women_only,,,,0,economic_opportunity,MA: Financial and Digital Inclusion DPF3,Morocco,MAR,MENAAP,FCI,C,DPL,IBRD,2023-03-31,2024-12-31,0,0,0,LMC,0,0,0,450.0,6.1092475827643655,2023,2.2505133470225873,0,1.754962354551677
876,P174005,CSC_RES_FIN_SERV,0,identical_share,,,,0,financial_services,MA: Financial and Digital Inclusion DPF3,Morocco,MAR,MENAAP,FCI,C,DPL,IBRD,2023-03-31,2024-12-31,0,0,0,LMC,0,0,0,450.0,6.1092475827643655,2023,2.2505133470225873,0,1.754962354551677
877,P174005,CSC_RES_GEN_EQU,0,women_only,,,,0,gender_equality,MA: Financial and Digital Inclusion DPF3,Morocco,MAR,MENAAP,FCI,C,DPL,IBRD,2023-03-31,2024-12-31,0,0,0,LMC,0,0,0,450.0,6.1092475827643655,2023,2.2505133470225873,0,1.754962354551677
878,P174028,CSC_RES_BENE_ENAB_ECO_OPP,1,fixed_share,,,,0,economic_opportunity,Emergency Support for MSMEs,Kyrgyz Republic,KGZ,ECA,FCI,A,IPF,IDA,2020-07-30,2027-06-30,0,0,0,LMC,1,1,1,100.0,4.605170185988092,2021,4.917180013689254,0,6.915811088295688
879,P174028,CSC_RES_FIN_SERV,0,informative,0.49815157116451014,0.4,9.815157116451012,1,financial_services,Emergency Support for MSMEs,Kyrgyz Republic,KGZ,ECA,FCI,A,IPF,IDA,2020-07-30,2027-06-30,0,0,0,LMC,1,1,1,100.0,4.605170185988092,2021,4.917180013689254,0,6.915811088295688
880,P174028,CSC_RES_GEN_EQU,0,informative,0.6907761658593384,0.6474745097115445,4.330165614779391,1,gender_equality,Emergency Support for MSMEs,Kyrgyz Republic,KGZ,ECA,FCI,A,IPF,IDA,2020-07-30,2027-06-30,0,0,0,LMC,1,1,1,100.0,4.605170185988092,2021,4.917180013689254,0,6.915811088295688
881,P174034,CSC_RES_BENE_ENAB_ECO_OPP,0,no_progress,,,,0,economic_opportunity,Accelerating Electricity Access Project,Niger,NER,AFW,EAE,A,IPF,IDA,2021-12-10,2027-05-31,1,1,0,LIC,1,1,1,310.0,5.736572297479192,2022,3.5537303216974676,0,5.470225872689938
882,P174034,CSC_RES_GEN_EQU,0,no_progress,,,,0,gender_equality,Accelerating Electricity Access Project,Niger,NER,AFW,EAE,A,IPF,IDA,2021-12-10,2027-05-31,1,1,0,LIC,1,1,1,310.0,5.736572297479192,2022,3.5537303216974676,0,5.470225872689938
883,P174041,CSC_RES_GEN_EQU,1,fixed_share,,,,0,gender_equality,Uganda COVID-19 Response Project,Uganda,UGA,AFE,HNP,C,IPF,IDA,2020-07-15,2025-06-30,0,1,0,LIC,1,0,1,176.8,5.175019150203543,2021,4.958247775496235,0,4.958247775496235
884,P174041,CSC_RES_HEA_SERV,1,fixed_share,,,,0,health,Uganda COVID-19 Response Project,Uganda,UGA,AFE,HNP,C,IPF,IDA,2020-07-15,2025-06-30,0,1,0,LIC,1,0,1,176.8,5.175019150203543,2021,4.958247775496235,0,4.958247775496235
885,P174066,CSC_RES_BENE_ENAB_ECO_OPP,0,women_only,,,,0,economic_opportunity,Beneficiary FIRST,Philippines,PHL,EAP,SPL,A,IPF,IBRD,2020-09-28,2026-06-30,0,0,0,LMC,1,1,0,600.0,6.396929655216146,2021,4.7529089664613275,0,5.752224503764545
886,P174066,CSC_RES_FIN_SERV,0,informative,0.8814424997775224,0.9,-1.8557500222477596,1,financial_services,Beneficiary FIRST,Philippines,PHL,EAP,SPL,A,IPF,IBRD,2020-09-28,2026-06-30,0,0,0,LMC,1,1,0,600.0,6.396929655216146,2021,4.7529089664613275,0,5.752224503764545
887,P174066,CSC_RES_GEN_EQU,0,women_only,,,,0,gender_equality,Beneficiary FIRST,Philippines,PHL,EAP,SPL,A,IPF,IBRD,2020-09-28,2026-06-30,0,0,0,LMC,1,1,0,600.0,6.396929655216146,2021,4.7529089664613275,0,5.752224503764545
888,P174078,CSC_RES_FIN_SERV,0,informative,0.41999648185222105,0.48594874100719426,-6.595225915497322,1,financial_services,GZ: SPJ Emergency Response COVID,West Bank and Gaza,PSE,MENAAP,SPL,A,IPF,SPF,2020-07-27,2025-12-31,1,0,0,LMC,1,1,0,49.38715608,3.899690392007871,2021,4.9253935660506505,0,5.429158110882957
889,P174085,CSC_RES_BENE_ENAB_ECO_OPP,0,no_progress,,,,0,economic_opportunity,RAISE,Bangladesh,BGD,SAR,SPL,A,IPF,IDA,2021-03-15,2026-06-30,0,1,0,LMC,1,1,1,200.0,5.298317366548036,2021,4.292950034223135,0,5.292265571526352
890,P174085,CSC_RES_GEN_EQU,0,informative,0.6882307359208697,0.35,33.82307359208697,1,gender_equality,RAISE,Bangladesh,BGD,SAR,SPL,A,IPF,IDA,2021-03-15,2026-06-30,0,1,0,LMC,1,1,1,200.0,5.298317366548036,2021,4.292950034223135,0,5.292265571526352
891,P174111,CSC_RES_FIN_SERV,0,informative,0.45985401459854014,0.6666666666666666,-20.68126520681265,1,financial_services,HT ASPIRE,Haiti,HTI,LCR,SPL,A,IPF,IDA,2021-03-09,2029-02-28,1,1,1,LMC,1,1,1,100.0,4.605170185988092,2021,4.309377138945927,0,7.975359342915811
892,P174112,CSC_RES_BENE_ENAB_ECO_OPP,1,fixed_share,,,,0,economic_opportunity,Emergency Firm Support Project,Türkiye,TUR,ECA,FCI,C,IPF,IBRD,2020-08-28,2025-06-30,0,0,0,UMC,1,0,0,500.0,6.214608098422191,2021,4.837782340862423,0,4.837782340862423
893,P174112,CSC_RES_FIN_SERV,0,informative,0.2303206997084548,0.175,5.532069970845482,1,financial_services,Emergency Firm Support Project,Türkiye,TUR,ECA,FCI,C,IPF,IBRD,2020-08-28,2025-06-30,0,0,0,UMC,1,0,0,500.0,6.214608098422191,2021,4.837782340862423,0,4.837782340862423
894,P174112,CSC_RES_GEN_EQU,0,identical_share,,,,0,gender_equality,Emergency Firm Support Project,Türkiye,TUR,ECA,FCI,C,IPF,IBRD,2020-08-28,2025-06-30,0,0,0,UMC,1,0,0,500.0,6.214608098422191,2021,4.837782340862423,0,4.837782340862423
895,P174114,CSC_RES_BENE_ENAB_ECO_OPP,0,informative,0.7231685401176927,0.8602244789661334,-13.70559388484407,1,economic_opportunity,NG-CARES,Nigeria,NGA,AFW,SPL,A,P4R,IDA,2020-12-14,2028-06-30,1,0,0,LMC,1,1,1,1250.0,7.1308988302963465,2021,4.542094455852156,0,7.542778918548939
896,P174114,CSC_RES_FIN_SERV,0,informative,0.4248383620689655,0.33980448273548425,8.503387933348128,1,financial_services,NG-CARES,Nigeria,NGA,AFW,SPL,A,P4R,IDA,2020-12-14,2028-06-30,1,0,0,LMC,1,1,1,1250.0,7.1308988302963465,2021,4.542094455852156,0,7.542778918548939
897,P174114,CSC_RES_GEN_EQU,0,informative,0.8543967143720277,0.8718857231529584,-1.7489008780930737,1,gender_equality,NG-CARES,Nigeria,NGA,AFW,SPL,A,P4R,IDA,2020-12-14,2028-06-30,1,0,0,LMC,1,1,1,1250.0,7.1308988302963465,2021,4.542094455852156,0,7.542778918548939
898,P174116,CSC_RES_BENE_ENAB_ECO_OPP,0,women_only,,,,0,economic_opportunity,MERESP,Mongolia,MNG,EAP,SPL,A,IPF,IDA,2020-06-19,2026-12-31,0,0,0,UMC,1,1,1,20.0,2.995732273553991,2020,5.02943189596167,0,6.532511978097194
899,P174116,CSC_RES_FIN_SERV,0,informative,0.5099009900990099,0.5,0.990099009900991,1,financial_services,MERESP,Mongolia,MNG,EAP,SPL,A,IPF,IDA,2020-06-19,2026-12-31,0,0,0,UMC,1,1,1,20.0,2.995732273553991,2020,5.02943189596167,0,6.532511978097194
900,P174116,CSC_RES_GEN_EQU,0,women_only,,,,0,gender_equality,MERESP,Mongolia,MNG,EAP,SPL,A,IPF,IDA,2020-06-19,2026-12-31,0,0,0,UMC,1,1,1,20.0,2.995732273553991,2020,5.02943189596167,0,6.532511978097194
901,P174135,CSC_RES_BENE_ENAB_ECO_OPP,0,no_progress,,,,0,economic_opportunity,UZBEKISTAN RESILAND CA+,Uzbekistan,UZB,ECA,ENV,A,IPF,IDA,2022-06-07,2028-09-15,0,0,0,LMC,1,1,1,142.0,4.955827057601261,2022,3.0636550308008212,0,6.275154004106776
902,P174135,CSC_RES_GEN_EQU,0,no_progress,,,,0,gender_equality,UZBEKISTAN RESILAND CA+,Uzbekistan,UZB,ECA,ENV,A,IPF,IDA,2022-06-07,2028-09-15,0,0,0,LMC,1,1,1,142.0,4.955827057601261,2022,3.0636550308008212,0,6.275154004106776
903,P174137,CSC_RES_BENE_ENAB_ECO_OPP,0,no_progress,,,,0,economic_opportunity,FISHCORE,Philippines,PHL,EAP,ENV,A,IPF,IBRD,2023-05-30,2029-12-31,0,0,0,LMC,1,1,0,176.02,5.170597624945666,2023,2.086242299794661,0,6.590006844626968
904,P174137,CSC_RES_GEN_EQU,0,no_progress,,,,0,gender_equality,FISHCORE,Philippines,PHL,EAP,ENV,A,IPF,IBRD,2023-05-30,2029-12-31,0,0,0,LMC,1,1,0,176.02,5.170597624945666,2023,2.086242299794661,0,6.590006844626968
905,P174169,CSC_RES_BENE_ENAB_ECO_OPP,0,women_only,,,,0,economic_opportunity,MSME A2F Emergency and Recovery Project,Lao People's Democratic Republic,LAO,EAP,FCI,A,IPF,IDA,2020-10-22,2025-11-28,0,1,0,LMC,1,1,1,40.0,3.6888794541139363,2021,4.687200547570157,0,5.100616016427105
906,P174169,CSC_RES_FIN_SERV,0,identical_share,,,,0,financial_services,MSME A2F Emergency and Recovery Project,Lao People's Democratic Republic,LAO,EAP,FCI,A,IPF,IDA,2020-10-22,2025-11-28,0,1,0,LMC,1,1,1,40.0,3.6888794541139363,2021,4.687200547570157,0,5.100616016427105
907,P174169,CSC_RES_GEN_EQU,0,women_only,,,,0,gender_equality,MSME A2F Emergency and Recovery Project,Lao People's Democratic Republic,LAO,EAP,FCI,A,IPF,IDA,2020-10-22,2025-11-28,0,1,0,LMC,1,1,1,40.0,3.6888794541139363,2021,4.687200547570157,0,5.100616016427105
908,P174170,CSC_RES_BENE_ENAB_ECO_OPP,0,women_only,,,,0,economic_opportunity,RY: Yemen Desert Locust Response Proj,"Yemen, Republic of",YEM,MENAAP,AGR,C,IPF,IDA,2020-06-17,2024-12-27,1,1,0,LIC,1,0,1,25.0,3.2188758248682006,2020,5.034907597535934,0,4.528405201916495
909,P174170,CSC_RES_GEN_EQU,0,women_only,,,,0,gender_equality,RY: Yemen Desert Locust Response Proj,"Yemen, Republic of",YEM,MENAAP,AGR,C,IPF,IDA,2020-06-17,2024-12-27,1,1,0,LIC,1,0,1,25.0,3.2188758248682006,2020,5.034907597535934,0,4.528405201916495
910,P174178,CSC_RES_BENE_ENAB_ECO_OPP,0,no_progress,,,,0,economic_opportunity,SP & Youth Productive Inclusion Project,"Congo, Republic of",COG,AFW,SPL,A,IPF,IDA,2020-06-24,2027-06-30,1,0,0,LMC,1,1,1,133.0,4.890349128221754,2020,5.01574264202601,0,7.014373716632443
911,P174178,CSC_RES_FIN_SERV,0,identical_share,,,,0,financial_services,SP & Youth Productive Inclusion Project,"Congo, Republic of",COG,AFW,SPL,A,IPF,IDA,2020-06-24,2027-06-30,1,0,0,LMC,1,1,1,133.0,4.890349128221754,2020,5.01574264202601,0,7.014373716632443
912,P174178,CSC_RES_GEN_EQU,0,no_progress,,,,0,gender_equality,SP & Youth Productive Inclusion Project,"Congo, Republic of",COG,AFW,SPL,A,IPF,IDA,2020-06-24,2027-06-30,1,0,0,LMC,1,1,1,133.0,4.890349128221754,2020,5.01574264202601,0,7.014373716632443
913,P174266,CSC_RES_GEN_EQU,1,fixed_share,,,,0,gender_equality,Togo UHC Project,Togo,TGO,AFW,HNP,A,IPF,IDA,2021-03-11,2026-04-30,0,1,0,LIC,1,1,1,70.0,4.248495242049359,2021,4.303901437371663,0,5.136208076659822
914,P174266,CSC_RES_HEA_SERV,0,informative,0.10486005763306477,0.48000000037820406,-37.51399427451393,1,health,Togo UHC Project,Togo,TGO,AFW,HNP,A,IPF,IDA,2021-03-11,2026-04-30,0,1,0,LIC,1,1,1,70.0,4.248495242049359,2021,4.303901437371663,0,5.136208076659822
915,P174275,CSC_RES_FIN_SERV,0,identical_share,,,,0,financial_services,STP Recovery and Resilience 3rd DPO,Sao Tome and Principe,STP,AFE,MTI,C,DPL,IDA,2023-08-29,2024-12-31,1,0,1,LMC,0,0,1,15.0,2.70805020110221,2024,1.83709787816564,0,1.3415468856947297
916,P174300,CSC_RES_BENE_ENAB_ECO_OPP,1,fixed_share,,,,0,economic_opportunity,Djibouti Corridor,Djibouti,DJI,MENAAP,TDD,A,IPF,IDA,2021-12-16,2031-12-31,0,1,0,LMC,1,1,1,160.0,5.075173815233827,2022,3.5373032169746748,0,10.039698836413416
917,P174300,CSC_RES_GEN_EQU,0,no_progress,,,,0,gender_equality,Djibouti Corridor,Djibouti,DJI,MENAAP,TDD,A,IPF,IDA,2021-12-16,2031-12-31,0,1,0,LMC,1,1,1,160.0,5.075173815233827,2022,3.5373032169746748,0,10.039698836413416
918,P174329,CSC_RES_BENE_ENAB_ECO_OPP,0,women_only,,,,0,economic_opportunity,MERP Project,Malawi,MWI,AFE,EDU,A,IPF,IDA,2021-08-27,2026-07-31,0,1,0,LIC,1,1,1,93.5,4.537961436294641,2022,3.8412046543463383,0,4.9253935660506505
919,P174329,CSC_RES_GEN_EQU,0,women_only,,,,0,gender_equality,MERP Project,Malawi,MWI,AFE,EDU,A,IPF,IDA,2021-08-27,2026-07-31,0,1,0,LIC,1,1,1,93.5,4.537961436294641,2022,3.8412046543463383,0,4.9253935660506505
920,P174336,CSC_RES_BENE_ENAB_ECO_OPP,0,women_only,,,,0,economic_opportunity,Guinea-Bissau Emergency Food Security,Guinea-Bissau,GNB,AFW,AGR,C,IPF,IDA,2020-09-30,2024-06-30,1,1,1,LIC,1,0,1,15.0,2.70805020110221,2021,4.747433264887063,0,3.7481177275838466
921,P174336,CSC_RES_GEN_EQU,0,women_only,,,,0,gender_equality,Guinea-Bissau Emergency Food Security,Guinea-Bissau,GNB,AFW,AGR,C,IPF,IDA,2020-09-30,2024-06-30,1,1,1,LIC,1,0,1,15.0,2.70805020110221,2021,4.747433264887063,0,3.7481177275838466
922,P174352,CSC_RES_HEA_SERV,1,fixed_share,,,,0,health,Sudan COVID-19 Response Project,Sudan,SDN,AFE,HNP,C,IPF,RETF,2020-09-30,2023-12-31,1,1,0,LIC,1,0,0,29.90035605,3.3978703883524966,2021,4.747433264887063,0,3.249828884325804
923,P174379,CSC_RES_BENE_ENAB_ECO_OPP,0,informative,0.5568862275449101,0.6,-4.311377245508985,1,economic_opportunity,Regional Connectivity & Development Proj,Azerbaijan,AZE,ECA,TDD,A,IPF,IBRD,2021-05-20,2026-03-31,0,0,0,UMC,1,1,0,65.0,4.174387269895637,2021,4.112251882272417,0,4.862422997946612
924,P174379,CSC_RES_GEN_EQU,0,informative,0.5568862275449101,0.6,-4.311377245508985,1,gender_equality,Regional Connectivity & Development Proj,Azerbaijan,AZE,ECA,TDD,A,IPF,IBRD,2021-05-20,2026-03-31,0,0,0,UMC,1,1,0,65.0,4.174387269895637,2021,4.112251882272417,0,4.862422997946612
925,P174402,CSC_RES_BENE_ENAB_ECO_OPP,0,no_progress,,,,0,economic_opportunity,PK: Digital Economy Project,Pakistan,PAK,MENAAP,DDT,A,IPF,IDA,2024-03-22,2028-07-31,0,0,0,LMC,1,1,1,78.0,4.356708826689592,2024,1.273100616016427,0,4.358658453114305
926,P174402,CSC_RES_GEN_EQU,0,no_progress,,,,0,gender_equality,PK: Digital Economy Project,Pakistan,PAK,MENAAP,DDT,A,IPF,IDA,2024-03-22,2028-07-31,0,0,0,LMC,1,1,1,78.0,4.356708826689592,2024,1.273100616016427,0,4.358658453114305
927,P174414,CSC_RES_BENE_ENAB_ECO_OPP,0,no_progress,,,,0,economic_opportunity,Niger water security platform project,Niger,NER,AFW,WAT,A,IPF,IDA,2021-09-30,2028-12-29,1,1,0,LIC,1,1,1,400.0,5.991464547107982,2022,3.7481177275838466,0,7.2470910335386725
928,P174414,CSC_RES_GEN_EQU,0,no_progress,,,,0,gender_equality,Niger water security platform project,Niger,NER,AFW,WAT,A,IPF,IDA,2021-09-30,2028-12-29,1,1,0,LIC,1,1,1,400.0,5.991464547107982,2022,3.7481177275838466,0,7.2470910335386725
929,P174414,CSC_RES_WAT_SAN_HYG,0,no_progress,,,,0,wash,Niger water security platform project,Niger,NER,AFW,WAT,A,IPF,IDA,2021-09-30,2028-12-29,1,1,0,LIC,1,1,1,400.0,5.991464547107982,2022,3.7481177275838466,0,7.2470910335386725
930,P174417,CSC_RES_BENE_ENAB_ECO_OPP,0,women_only,,,,0,economic_opportunity,REALISE Project,Liberia,LBR,AFW,SPL,A,IPF,IDA,2021-03-12,2026-12-31,0,1,0,LIC,1,1,1,30.0,3.4011973816621555,2021,4.301163586584531,0,5.804243668720055
931,P174417,CSC_RES_GEN_EQU,0,women_only,,,,0,gender_equality,REALISE Project,Liberia,LBR,AFW,SPL,A,IPF,IDA,2021-03-12,2026-12-31,0,1,0,LIC,1,1,1,30.0,3.4011973816621555,2021,4.301163586584531,0,5.804243668720055
932,P174461,CSC_RES_BENE_ENAB_ECO_OPP,0,no_progress,,,,0,economic_opportunity,Digital Djibouti,Djibouti,DJI,MENAAP,DDT,A,IPF,IDA,2021-12-02,2027-06-30,0,1,0,LMC,1,1,1,10.0,2.302585092994046,2022,3.575633127994524,0,5.574264202600959
933,P174461,CSC_RES_GEN_EQU,0,no_progress,,,,0,gender_equality,Digital Djibouti,Djibouti,DJI,MENAAP,DDT,A,IPF,IDA,2021-12-02,2027-06-30,0,1,0,LMC,1,1,1,10.0,2.302585092994046,2022,3.575633127994524,0,5.574264202600959
934,P174477,CSC_RES_GEN_EQU,0,no_progress,,,,0,gender_equality,Madagascar National Water Project,Madagascar,MDG,AFE,WAT,A,IPF,IDA,2022-05-25,2027-09-30,0,1,0,LIC,1,1,1,220.0,5.393627546352362,2022,3.0992470910335386,0,5.349760438056126
935,P174477,CSC_RES_WAT_SAN_HYG,1,fixed_share,,,,0,wash,Madagascar National Water Project,Madagascar,MDG,AFE,WAT,A,IPF,IDA,2022-05-25,2027-09-30,0,1,0,LIC,1,1,1,220.0,5.393627546352362,2022,3.0992470910335386,0,5.349760438056126
936,P174484,CSC_RES_GEN_EQU,0,women_only,,,,0,gender_equality,PK Crisis-Resilient Social Protection,Pakistan,PAK,MENAAP,SPL,A,P4R,IDA,2021-03-25,2027-06-30,0,0,0,LMC,1,1,1,1000.0,6.907755278982137,2021,4.265571526351814,0,6.264202600958248
937,P174495,CSC_RES_BENE_ENAB_ECO_OPP,0,women_only,,,,0,economic_opportunity,Chad Energy Access Scale Up Project,Chad,TCD,AFW,EAE,A,IPF,IDA,2022-03-24,2027-06-30,1,1,0,LIC,1,1,1,295.0,5.68697535633982,2022,3.268993839835729,0,5.2676249144421625
938,P174495,CSC_RES_GEN_EQU,0,women_only,,,,0,gender_equality,Chad Energy Access Scale Up Project,Chad,TCD,AFW,EAE,A,IPF,IDA,2022-03-24,2027-06-30,1,1,0,LIC,1,1,1,295.0,5.68697535633982,2022,3.268993839835729,0,5.2676249144421625
939,P174546,CSC_RES_BENE_ENAB_ECO_OPP,0,women_only,,,,0,economic_opportunity,ELRP Phase 3,South Sudan,SSD,AFE,AGR,C,IPF,IDA,2021-06-08,2025-06-30,1,1,0,LIC,1,0,1,53.7,3.983413001514819,2021,4.060232717316906,0,4.060232717316906
940,P174546,CSC_RES_GEN_EQU,0,women_only,,,,0,gender_equality,ELRP Phase 3,South Sudan,SSD,AFE,AGR,C,IPF,IDA,2021-06-08,2025-06-30,1,1,0,LIC,1,0,1,53.7,3.983413001514819,2021,4.060232717316906,0,4.060232717316906
941,P174576,CSC_RES_BENE_ENAB_ECO_OPP,0,no_progress,,,,0,economic_opportunity,SESAP,Guinea-Bissau,GNB,AFW,EAE,A,IPF,IDA,2024-05-28,2030-06-30,1,1,1,LIC,1,1,1,35.0,3.5553480614894135,2024,1.0896646132785763,0,6.0889801505817935
942,P174576,CSC_RES_GEN_EQU,0,no_progress,,,,0,gender_equality,SESAP,Guinea-Bissau,GNB,AFW,EAE,A,IPF,IDA,2024-05-28,2030-06-30,1,1,1,LIC,1,1,1,35.0,3.5553480614894135,2024,1.0896646132785763,0,6.0889801505817935
943,P174595,CSC_RES_BENE_ENAB_ECO_OPP,1,fixed_share,,,,0,economic_opportunity,Albania Bridge Rehabilitation,Albania,ALB,ECA,TDD,A,IPF,IBRD,2023-03-16,2029-07-31,0,0,0,UMC,1,1,0,55.0,4.007333185232471,2023,2.291581108829569,0,6.376454483230664
944,P174595,CSC_RES_GEN_EQU,0,no_progress,,,,0,gender_equality,Albania Bridge Rehabilitation,Albania,ALB,ECA,TDD,A,IPF,IBRD,2023-03-16,2029-07-31,0,0,0,UMC,1,1,0,55.0,4.007333185232471,2023,2.291581108829569,0,6.376454483230664
945,P174604,CSC_RES_FIN_SERV,0,women_only,,,,0,financial_services,BiH Firm Recovery and Support Project,Bosnia and Herzegovina,BIH,ECA,FCI,C,IPF,IBRD,2020-12-11,2024-12-31,0,0,0,UMC,1,0,0,47.12794286,3.852866091775942,2021,4.550308008213553,0,4.054757015742642
946,P174604,CSC_RES_FIN_SERV_WOM_CUS,0,women_only,,,,0,financial_services,BiH Firm Recovery and Support Project,Bosnia and Herzegovina,BIH,ECA,FCI,C,IPF,IBRD,2020-12-11,2024-12-31,0,0,0,UMC,1,0,0,47.12794286,3.852866091775942,2021,4.550308008213553,0,4.054757015742642
947,P174620,CSC_RES_BENE_ENAB_ECO_OPP,0,no_progress,,,,0,economic_opportunity,CAR- Public Sector Digital Governance,Central African Republic,CAF,AFW,DDT,A,IPF,IDA,2022-05-05,2026-12-31,1,1,0,LIC,1,1,1,41.4,3.7232808808312687,2022,3.154004106776181,0,4.657084188911704
948,P174620,CSC_RES_GEN_EQU,0,no_progress,,,,0,gender_equality,CAR- Public Sector Digital Governance,Central African Republic,CAF,AFW,DDT,A,IPF,IDA,2022-05-05,2026-12-31,1,1,0,LIC,1,1,1,41.4,3.7232808808312687,2022,3.154004106776181,0,4.657084188911704
949,P174637,CSC_RES_FIN_SERV,0,no_progress,,,,0,financial_services,Child Nutrition and Social Protection,Papua New Guinea,PNG,EAP,SPL,A,IPF,IDA,2022-06-14,2027-12-31,1,0,1,LMC,1,1,1,80.0,4.382026634673881,2022,3.0444900752908968,0,5.546885694729637
950,P174639,CSC_RES_BENE_ENAB_ECO_OPP,0,no_progress,,,,0,economic_opportunity,MZ MPA N1,Mozambique,MOZ,AFE,TDD,A,IPF,IDA,2022-08-23,2028-11-30,1,1,0,LIC,1,1,1,400.0,5.991464547107982,2023,2.8528405201916494,0,6.272416153319644
951,P174639,CSC_RES_GEN_EQU,0,no_progress,,,,0,gender_equality,MZ MPA N1,Mozambique,MOZ,AFE,TDD,A,IPF,IDA,2022-08-23,2028-11-30,1,1,0,LIC,1,1,1,400.0,5.991464547107982,2023,2.8528405201916494,0,6.272416153319644
952,P174684,CSC_RES_BENE_ENAB_ECO_OPP,0,women_only,,,,0,economic_opportunity,Madagascar Economic Transformation,Madagascar,MDG,AFE,FCI,A,IPF,IDA,2021-06-18,2028-01-31,0,1,0,LIC,1,1,1,200.87775125,5.302696520292446,2021,4.032854209445585,0,6.620123203285421
953,P174684,CSC_RES_GEN_EQU,0,women_only,,,,0,gender_equality,Madagascar Economic Transformation,Madagascar,MDG,AFE,FCI,A,IPF,IDA,2021-06-18,2028-01-31,0,1,0,LIC,1,1,1,200.87775125,5.302696520292446,2021,4.032854209445585,0,6.620123203285421
954,P174732,CSC_RES_WAT_SAN_HYG,1,fixed_share,,,,0,wash,Shimla WASSIP,India,IND,SAR,WAT,A,P4R,IBRD,2021-11-05,2026-12-31,0,0,0,LMC,0,1,0,160.0,5.075173815233827,2022,3.649555099247091,0,5.152635181382615
955,P174757,CSC_RES_BENE_ENAB_ECO_OPP,0,women_only,,,,0,economic_opportunity,Senegal Jobs & Economic Recovery,Senegal,SEN,AFW,FCI,A,P4R,IDA,2021-05-21,2027-12-31,0,1,0,LMC,0,1,1,190.0,5.247024072160486,2021,4.1095140314852845,0,6.611909650924025
956,P174757,CSC_RES_FIN_SERV,0,informative,0.26732673267326734,0.2594594594594595,0.7867273213807868,1,financial_services,Senegal Jobs & Economic Recovery,Senegal,SEN,AFW,FCI,A,P4R,IDA,2021-05-21,2027-12-31,0,1,0,LMC,0,1,1,190.0,5.247024072160486,2021,4.1095140314852845,0,6.611909650924025
957,P174757,CSC_RES_GEN_EQU,0,women_only,,,,0,gender_equality,Senegal Jobs & Economic Recovery,Senegal,SEN,AFW,FCI,A,P4R,IDA,2021-05-21,2027-12-31,0,1,0,LMC,0,1,1,190.0,5.247024072160486,2021,4.1095140314852845,0,6.611909650924025
958,P174798,CSC_RES_BENE_ENAB_ECO_OPP,0,no_progress,,,,0,economic_opportunity,FSPP,India,IND,SAR,ENV,A,IPF,IBRD,2022-06-17,2027-06-30,0,0,0,LMC,1,1,0,150.0,5.0106352940962555,2022,3.0362765229295,0,5.034907597535934
959,P174798,CSC_RES_FIN_SERV,0,no_progress,,,,0,financial_services,FSPP,India,IND,SAR,ENV,A,IPF,IBRD,2022-06-17,2027-06-30,0,0,0,LMC,1,1,0,150.0,5.0106352940962555,2022,3.0362765229295,0,5.034907597535934
960,P174798,CSC_RES_GEN_EQU,0,no_progress,,,,0,gender_equality,FSPP,India,IND,SAR,ENV,A,IPF,IBRD,2022-06-17,2027-06-30,0,0,0,LMC,1,1,0,150.0,5.0106352940962555,2022,3.0362765229295,0,5.034907597535934
961,P174867,CSC_RES_WAT_SAN_HYG,0,no_progress,,,,0,wash,HoA - Groundwater for Resilience,"Somalia, Federal Republic of",SOM,AFE,WAT,A,IPF,IDA,2022-06-01,2028-12-31,1,1,0,LIC,1,1,1,385.0,5.953243334287785,2022,3.080082135523614,0,6.584531143052704
962,P174903,CSC_RES_GEN_EQU,1,fixed_share,,,,0,gender_equality,Preparedness & HSS,Madagascar,MDG,AFE,HNP,A,IPF,IDA,2022-03-29,2026-06-30,0,1,0,LIC,1,1,1,93.504364,4.538008109002245,2022,3.2553045859000687,0,4.254620123203286
963,P174903,CSC_RES_HEA_SERV,1,fixed_share,,,,0,health,Preparedness & HSS,Madagascar,MDG,AFE,HNP,A,IPF,IDA,2022-03-29,2026-06-30,0,1,0,LIC,1,1,1,93.504364,4.538008109002245,2022,3.2553045859000687,0,4.254620123203286
964,P174915,CSC_RES_WAT_SAN_HYG,0,no_progress,,,,0,wash,Türkiye Water Circularity and Efficiency,Türkiye,TUR,ECA,WAT,A,IPF,IBRD,2023-05-23,2030-12-31,0,0,0,UMC,1,1,0,434.5965,6.07441801440748,2023,2.105407255304586,0,7.60848733744011
965,P174915,CSC_RES_WAT_SAN_SAFE,1,fixed_share,,,,0,wash,Türkiye Water Circularity and Efficiency,Türkiye,TUR,ECA,WAT,A,IPF,IBRD,2023-05-23,2030-12-31,0,0,0,UMC,1,1,0,434.5965,6.07441801440748,2023,2.105407255304586,0,7.60848733744011
966,P175011,CSC_RES_BENE_ENAB_ECO_OPP,0,no_progress,,,,0,economic_opportunity,Agriculture climate-smart project,Türkiye,TUR,ECA,AGR,A,IPF,IBRD,2022-03-30,2028-03-31,0,0,0,UMC,1,1,0,341.27,5.832673952840392,2022,3.252566735112936,0,6.0041067761806985
967,P175011,CSC_RES_GEN_EQU,0,no_progress,,,,0,gender_equality,Agriculture climate-smart project,Türkiye,TUR,ECA,AGR,A,IPF,IBRD,2022-03-30,2028-03-31,0,0,0,UMC,1,1,0,341.27,5.832673952840392,2022,3.252566735112936,0,6.0041067761806985
968,P175017,CSC_RES_BENE_ENAB_ECO_OPP,1,fixed_share,,,,0,economic_opportunity,Kenya SAFER Project,Kenya,KEN,AFE,FCI,A,IPF,IDA,2021-12-08,2026-12-31,0,0,0,LMC,1,1,1,100.0,4.605170185988092,2022,3.5592060232717317,0,5.062286105407256
969,P175017,CSC_RES_FIN_SERV,0,informative,0.36998706338939197,0.39999853724182316,-3.001147385243119,1,financial_services,Kenya SAFER Project,Kenya,KEN,AFE,FCI,A,IPF,IDA,2021-12-08,2026-12-31,0,0,0,LMC,1,1,1,100.0,4.605170185988092,2022,3.5592060232717317,0,5.062286105407256
970,P175017,CSC_RES_GEN_EQU,0,informative,0.36998706338939197,0.39999853724182316,-3.001147385243119,1,gender_equality,Kenya SAFER Project,Kenya,KEN,AFE,FCI,A,IPF,IDA,2021-12-08,2026-12-31,0,0,0,LMC,1,1,1,100.0,4.605170185988092,2022,3.5592060232717317,0,5.062286105407256
971,P175036,CSC_RES_BENE_ENAB_ECO_OPP,1,fixed_share,,,,0,economic_opportunity,RY: Restoring Educt'n & Learn'g Emer Prj,"Yemen, Republic of",YEM,MENAAP,EDU,C,IPF,IDA,2020-12-17,2025-06-30,1,1,0,LIC,1,0,1,100.0,4.605170185988092,2021,4.5338809034907595,0,4.5338809034907595
972,P175036,CSC_RES_GEN_EQU,0,identical_share,,,,0,gender_equality,RY: Restoring Educt'n & Learn'g Emer Prj,"Yemen, Republic of",YEM,MENAAP,EDU,C,IPF,IDA,2020-12-17,2025-06-30,1,1,0,LIC,1,0,1,100.0,4.605170185988092,2021,4.5338809034907595,0,4.5338809034907595
973,P175043,CSC_RES_BENE_ENAB_ECO_OPP,0,no_progress,,,,0,economic_opportunity,Northern Gulf of Guinea Regional Project,Cote d'Ivoire,CIV,AFW,SOC,A,IPF,IDA,2022-03-31,2027-12-31,0,0,0,LMC,1,1,1,506.0,6.226536669287466,2022,3.249828884325804,0,5.752224503764545
974,P175043,CSC_RES_GEN_EQU,0,no_progress,,,,0,gender_equality,Northern Gulf of Guinea Regional Project,Cote d'Ivoire,CIV,AFW,SOC,A,IPF,IDA,2022-03-31,2027-12-31,0,0,0,LMC,1,1,1,506.0,6.226536669287466,2022,3.249828884325804,0,5.752224503764545
975,P175110,CSC_RES_GEN_EQU,0,women_only,,,,0,gender_equality,Phase 2 of Improving Nutrition Outcomes,Madagascar,MDG,AFE,HNP,A,IPF,IDA,2022-06-27,2026-12-31,0,1,0,LIC,1,1,1,85.0,4.442651256490317,2022,3.0088980150581794,0,4.511978097193703
976,P175137,CSC_RES_BENE_ENAB_ECO_OPP,1,fixed_share,,,,0,economic_opportunity,RISE Project,"Egypt, Arab Republic of",EGY,MENAAP,TDD,A,IPF,IBRD,2021-03-05,2027-09-30,0,0,0,LMC,1,1,0,440.0,6.0867747269123065,2021,4.3203285420944555,0,6.570841889117043
977,P175137,CSC_RES_GEN_EQU,0,no_progress,,,,0,gender_equality,RISE Project,"Egypt, Arab Republic of",EGY,MENAAP,TDD,A,IPF,IBRD,2021-03-05,2027-09-30,0,0,0,LMC,1,1,0,440.0,6.0867747269123065,2021,4.3203285420944555,0,6.570841889117043
978,P175143,CSC_RES_BENE_ENAB_ECO_OPP,1,fixed_share,,,,0,economic_opportunity,Innovation Program for Smart Growth,Argentina,ARG,LCR,FCI,A,IPF,IBRD,2022-07-21,2028-08-30,0,0,0,UMC,1,1,0,170.0,5.135798437050262,2023,2.943189596167009,0,6.11088295687885
979,P175143,CSC_RES_FIN_SERV,0,no_progress,,,,0,financial_services,Innovation Program for Smart Growth,Argentina,ARG,LCR,FCI,A,IPF,IBRD,2022-07-21,2028-08-30,0,0,0,UMC,1,1,0,170.0,5.135798437050262,2023,2.943189596167009,0,6.11088295687885
980,P175143,CSC_RES_GEN_EQU,0,informative,0.0,0.3,-30.0,1,gender_equality,Innovation Program for Smart Growth,Argentina,ARG,LCR,FCI,A,IPF,IBRD,2022-07-21,2028-08-30,0,0,0,UMC,1,1,0,170.0,5.135798437050262,2023,2.943189596167009,0,6.11088295687885
981,P175167,CSC_RES_HEA_SERV,1,fixed_share,,,,0,health,Ethiopia PforR  SPHCS,Ethiopia,ETH,AFE,HNP,A,P4R,IDA,2022-12-13,2026-06-30,1,1,0,Unknown,1,1,1,370.0000305,5.913503088070699,2023,2.546201232032854,0,3.5455167693360714
982,P175191,CSC_RES_GEN_EQU,0,women_only,,,,0,gender_equality,BiH Health Sectors DPL,Bosnia and Herzegovina,BIH,ECA,MTI,C,DPL,IBRD,2023-03-20,2024-03-31,0,0,0,UMC,0,0,0,100.0,4.605170185988092,2023,2.2806297056810405,0,1.0321697467488022
983,P175218,CSC_RES_BENE_ENAB_ECO_OPP,0,no_progress,,,,0,economic_opportunity,ID for Inclusion and Transformation,Indonesia,IDN,EAP,SPL,A,IPF,IBRD,2023-05-12,2027-12-31,0,0,0,UMC,1,1,0,250.0,5.521460917862246,2023,2.135523613963039,0,4.63791923340178
984,P175218,CSC_RES_GEN_EQU,0,no_progress,,,,0,gender_equality,ID for Inclusion and Transformation,Indonesia,IDN,EAP,SPL,A,IPF,IBRD,2023-05-12,2027-12-31,0,0,0,UMC,1,1,0,250.0,5.521460917862246,2023,2.135523613963039,0,4.63791923340178
985,P175261,CSC_RES_BENE_ENAB_ECO_OPP,0,no_progress,,,,0,economic_opportunity,Punjab BFAIR,India,IND,SAR,GOV,A,P4R,IBRD,2022-09-19,2027-06-30,0,0,0,LMC,0,1,0,150.0,5.0106352940962555,2023,2.7789185489390826,0,4.777549623545517
986,P175261,CSC_RES_GEN_EQU,0,no_progress,,,,0,gender_equality,Punjab BFAIR,India,IND,SAR,GOV,A,P4R,IBRD,2022-09-19,2027-06-30,0,0,0,LMC,0,1,0,150.0,5.0106352940962555,2023,2.7789185489390826,0,4.777549623545517
987,P175261,CSC_RES_WAT_SAN_HYG,1,fixed_share,,,,0,wash,Punjab BFAIR,India,IND,SAR,GOV,A,P4R,IBRD,2022-09-19,2027-06-30,0,0,0,LMC,0,1,0,150.0,5.0106352940962555,2023,2.7789185489390826,0,4.777549623545517
988,P175263,CSC_RES_BENE_ENAB_ECO_OPP,0,women_only,,,,0,economic_opportunity,Rural Economic Transformation Project,Liberia,LBR,AFW,AGR,A,IPF,IDA,2021-06-04,2029-06-30,0,1,0,LIC,1,1,1,161.0,5.081404364984463,2021,4.071184120465435,0,8.071184120465434
989,P175263,CSC_RES_FIN_SERV,0,no_progress,,,,0,financial_services,Rural Economic Transformation Project,Liberia,LBR,AFW,AGR,A,IPF,IDA,2021-06-04,2029-06-30,0,1,0,LIC,1,1,1,161.0,5.081404364984463,2021,4.071184120465435,0,8.071184120465434
990,P175263,CSC_RES_GEN_EQU,0,women_only,,,,0,gender_equality,Rural Economic Transformation Project,Liberia,LBR,AFW,AGR,A,IPF,IDA,2021-06-04,2029-06-30,0,1,0,LIC,1,1,1,161.0,5.081404364984463,2021,4.071184120465435,0,8.071184120465434
991,P175273,CSC_RES_FIN_SERV,0,informative,0.5156753426767288,0.35,16.56753426767288,1,financial_services,AFIRR Project,Rwanda,RWA,AFE,FCI,A,IPF,IDA,2021-06-14,2028-08-31,0,1,0,LIC,1,1,1,170.0,5.135798437050262,2021,4.043805612594114,0,7.214236824093087
992,P175295,CSC_RES_GEN_EQU,1,fixed_share,,,,0,gender_equality,ProEnergia+,Mozambique,MOZ,AFE,EAE,A,IPF,IDA,2021-12-14,2027-11-30,1,1,0,LIC,1,1,1,300.0,5.703782474656201,2022,3.542778918548939,0,5.960301163586585
993,P175320,CSC_RES_BENE_ENAB_ECO_OPP,0,no_progress,,,,0,economic_opportunity,Asuncion Riverfront Urban Resilience,Paraguay,PRY,LCR,URS,A,IPF,IBRD,2022-11-15,2028-12-29,0,0,0,UMC,1,1,0,105.0,4.653960350157523,2023,2.622861054072553,0,6.121834360027378
994,P175320,CSC_RES_GEN_EQU,0,no_progress,,,,0,gender_equality,Asuncion Riverfront Urban Resilience,Paraguay,PRY,LCR,URS,A,IPF,IBRD,2022-11-15,2028-12-29,0,0,0,UMC,1,1,0,105.0,4.653960350157523,2023,2.622861054072553,0,6.121834360027378
995,P175322,CSC_RES_BENE_ENAB_ECO_OPP,0,informative,0.5,0.3,20.0,1,economic_opportunity,Maputo Metropolitan Area Urban Mobility,Mozambique,MOZ,AFE,TDD,A,IPF,IDA,2022-08-23,2027-12-31,1,1,0,LIC,1,1,1,250.0,5.521460917862246,2023,2.8528405201916494,0,5.3552361396303905
996,P175322,CSC_RES_GEN_EQU,0,informative,0.5,0.3,20.0,1,gender_equality,Maputo Metropolitan Area Urban Mobility,Mozambique,MOZ,AFE,TDD,A,IPF,IDA,2022-08-23,2027-12-31,1,1,0,LIC,1,1,1,250.0,5.521460917862246,2023,2.8528405201916494,0,5.3552361396303905
997,P175325,CSC_RES_BENE_ENAB_ECO_OPP,0,no_progress,,,,0,economic_opportunity,Casamance Economic Development Project,Senegal,SEN,AFW,SOC,A,IPF,IDA,2022-02-25,2027-06-30,0,1,0,LMC,1,1,1,45.0,3.8066624897703196,2022,3.3429158110882957,0,5.341546885694729
998,P175325,CSC_RES_GEN_EQU,0,no_progress,,,,0,gender_equality,Casamance Economic Development Project,Senegal,SEN,AFW,SOC,A,IPF,IDA,2022-02-25,2027-06-30,0,1,0,LMC,1,1,1,45.0,3.8066624897703196,2022,3.3429158110882957,0,5.341546885694729
999,P175327,CSC_RES_BENE_ENAB_ECO_OPP,0,no_progress,,,,0,economic_opportunity,Cash for Jobs Project,Burundi,BDI,AFE,SPL,A,IPF,IDA,2021-12-14,2029-12-31,1,1,0,LIC,1,1,1,279.0,5.631211781821365,2022,3.542778918548939,0,8.046543463381246
1000,P175327,CSC_RES_FIN_SERV,0,informative,0.7838827838827839,0.7957559681697612,-1.1873184286977367,1,financial_services,Cash for Jobs Project,Burundi,BDI,AFE,SPL,A,IPF,IDA,2021-12-14,2029-12-31,1,1,0,LIC,1,1,1,279.0,5.631211781821365,2022,3.542778918548939,0,8.046543463381246
1001,P175327,CSC_RES_GEN_EQU,0,no_progress,,,,0,gender_equality,Cash for Jobs Project,Burundi,BDI,AFE,SPL,A,IPF,IDA,2021-12-14,2029-12-31,1,1,0,LIC,1,1,1,279.0,5.631211781821365,2022,3.542778918548939,0,8.046543463381246
1002,P175356,CSC_RES_BENE_ENAB_ECO_OPP,1,fixed_share,,,,0,economic_opportunity,SWIM Tajikistan,Tajikistan,TJK,ECA,WAT,A,IPF,IDA,2022-06-23,2027-06-25,0,0,0,LMC,1,1,1,30.0,3.4011973816621555,2022,3.0198494182067077,0,5.004791238877481
1003,P175356,CSC_RES_GEN_EQU,0,no_progress,,,,0,gender_equality,SWIM Tajikistan,Tajikistan,TJK,ECA,WAT,A,IPF,IDA,2022-06-23,2027-06-25,0,0,0,LMC,1,1,1,30.0,3.4011973816621555,2022,3.0198494182067077,0,5.004791238877481
1004,P175363,CSC_RES_GEN_EQU,0,women_only,,,,0,gender_equality,Safety Nets and Economic Inclusion,Cameroon,CMR,AFW,SPL,A,IPF,IDA,2022-03-09,2028-03-30,1,0,0,LMC,1,1,1,198.6,5.291292751611072,2022,3.3100616016427105,0,6.05886379192334
1005,P175455,CSC_RES_HEA_SERV,1,fixed_share,,,,0,health,Georgia Human Capital Program,Georgia,GEO,ECA,EDU,A,P4R,IBRD,2022-03-22,2028-12-31,0,0,0,UMC,0,1,0,400.0,5.991464547107982,2022,3.274469541409993,0,6.778918548939083
1006,P175483,CSC_RES_BENE_ENAB_ECO_OPP,0,women_only,,,,0,economic_opportunity,DJ: Djbouti Skills Dev'mt for Employment,Djibouti,DJI,MENAAP,EDU,A,IPF,IDA,2022-03-23,2027-12-31,0,1,0,LMC,1,1,1,15.0,2.70805020110221,2022,3.271731690622861,0,5.774127310061601
1007,P175483,CSC_RES_GEN_EQU,0,women_only,,,,0,gender_equality,DJ: Djbouti Skills Dev'mt for Employment,Djibouti,DJI,MENAAP,EDU,A,IPF,IDA,2022-03-23,2027-12-31,0,1,0,LMC,1,1,1,15.0,2.70805020110221,2022,3.271731690622861,0,5.774127310061601
1008,P175493,CSC_RES_GEN_EQU,1,fixed_share,,,,0,gender_equality,Multisectoral Nutrition Project,Philippines,PHL,EAP,HNP,A,IPF,IBRD,2022-06-22,2027-06-30,0,0,0,LMC,1,1,0,178.1,5.182345190295616,2022,3.02258726899384,0,5.021218343600274
1009,P175594,CSC_RES_GEN_EQU,0,women_only,,,,0,gender_equality,Productive Social Safety Nets System,Cote d'Ivoire,CIV,AFW,SPL,A,P4R,IDA,2022-05-19,2026-12-31,0,0,0,LMC,1,1,1,200.0,5.298317366548036,2022,3.1156741957563314,0,4.618754277891855
1010,P175629,CSC_RES_BENE_ENAB_ECO_OPP,0,no_progress,,,,0,economic_opportunity,GRAIL,Georgia,GEO,ECA,WAT,A,IPF,IBRD,2023-03-24,2029-09-30,0,0,0,UMC,1,1,0,75.0,4.31748811353631,2023,2.269678302532512,0,6.521560574948666
1011,P175629,CSC_RES_GEN_EQU,0,no_progress,,,,0,gender_equality,GRAIL,Georgia,GEO,ECA,WAT,A,IPF,IBRD,2023-03-24,2029-09-30,0,0,0,UMC,1,1,0,75.0,4.31748811353631,2023,2.269678302532512,0,6.521560574948666
1012,P175672,CSC_RES_BENE_ENAB_ECO_OPP,1,fixed_share,,,,0,economic_opportunity,Innovation for Resilient Food Systems,Bolivia,BOL,LCR,AGR,A,IPF,IBRD,2022-08-05,2027-11-30,0,0,0,LMC,1,1,0,300.0,5.703782474656201,2023,2.9021218343600275,0,5.319644079397673
1013,P175672,CSC_RES_GEN_EQU,0,women_only,,,,0,gender_equality,Innovation for Resilient Food Systems,Bolivia,BOL,LCR,AGR,A,IPF,IBRD,2022-08-05,2027-11-30,0,0,0,LMC,1,1,0,300.0,5.703782474656201,2023,2.9021218343600275,0,5.319644079397673
1014,P175676,CSC_RES_BENE_ENAB_ECO_OPP,0,inconsistent,,,,0,economic_opportunity,India PHSPP,India,IND,SAR,HNP,A,P4R,IBRD,2022-06-28,2027-12-31,0,0,0,LMC,0,1,0,500.0,6.214608098422191,2022,3.0061601642710474,0,5.508555783709788
1015,P175676,CSC_RES_GEN_EQU,0,inconsistent,,,,0,gender_equality,India PHSPP,India,IND,SAR,HNP,A,P4R,IBRD,2022-06-28,2027-12-31,0,0,0,LMC,0,1,0,500.0,6.214608098422191,2022,3.0061601642710474,0,5.508555783709788
1016,P175720,CSC_RES_GEN_EQU,0,women_only,,,,0,gender_equality,Resilience Improvement Project,Grenada,GRD,LCR,URS,A,IPF,IDA,2022-05-17,2027-05-31,0,0,1,UMC,1,1,1,15.0,2.70805020110221,2022,3.1211498973305956,0,5.037645448323066
1017,P175723,CSC_RES_BENE_ENAB_ECO_OPP,0,no_progress,,,,0,economic_opportunity,Mato Grosso Produtivo,Brazil,BRA,LCR,AGR,A,IPF,IBRD,2024-02-05,2030-05-15,0,0,0,UMC,1,1,0,80.0,4.382026634673881,2024,1.3990417522245038,0,6.272416153319644
1018,P175723,CSC_RES_GEN_EQU,0,no_progress,,,,0,gender_equality,Mato Grosso Produtivo,Brazil,BRA,LCR,AGR,A,IPF,IBRD,2024-02-05,2030-05-15,0,0,0,UMC,1,1,0,80.0,4.382026634673881,2024,1.3990417522245038,0,6.272416153319644
1019,P175728,CSC_RES_WAT_SAN_HYG,1,fixed_share,,,,0,wash,G-ACRP,India,IND,SAR,URS,A,IPF,IBRD,2022-11-22,2028-12-31,0,0,0,LMC,1,1,0,280.0,5.634789603169249,2023,2.6036960985626285,0,6.108145106091718
1020,P175768,CSC_RES_BENE_ENAB_ECO_OPP,0,no_progress,,,,0,economic_opportunity,Vocational Education & Entrepreneurship,Benin,BEN,AFW,EDU,A,IPF,IDA,2021-12-14,2027-03-31,0,1,0,LMC,1,1,1,300.0,5.703782474656201,2022,3.542778918548939,0,5.292265571526352
1021,P175768,CSC_RES_GEN_EQU,0,no_progress,,,,0,gender_equality,Vocational Education & Entrepreneurship,Benin,BEN,AFW,EDU,A,IPF,IDA,2021-12-14,2027-03-31,0,1,0,LMC,1,1,1,300.0,5.703782474656201,2022,3.542778918548939,0,5.292265571526352
1022,P175783,CSC_RES_BENE_ENAB_ECO_OPP,0,informative,0.54,0.5,4.0000000000000036,1,economic_opportunity,Competitiveness and Financial Inclusion,Lesotho,LSO,AFE,FCI,A,IPF,IDA,2022-06-24,2028-07-31,0,1,0,LMC,1,1,1,45.0,3.8066624897703196,2022,3.0171115674195756,0,6.102669404517454
1023,P175783,CSC_RES_FIN_SERV,0,no_progress,,,,0,financial_services,Competitiveness and Financial Inclusion,Lesotho,LSO,AFE,FCI,A,IPF,IDA,2022-06-24,2028-07-31,0,1,0,LMC,1,1,1,45.0,3.8066624897703196,2022,3.0171115674195756,0,6.102669404517454
1024,P175783,CSC_RES_GEN_EQU,0,informative,0.54,0.5,4.0000000000000036,1,gender_equality,Competitiveness and Financial Inclusion,Lesotho,LSO,AFE,FCI,A,IPF,IDA,2022-06-24,2028-07-31,0,1,0,LMC,1,1,1,45.0,3.8066624897703196,2022,3.0171115674195756,0,6.102669404517454
1025,P175791,CSC_RES_WAT_SAN_HYG,0,informative,0.45268427233958053,0.48282608695652174,-3.014181461694121,1,wash,RY: YIUSEP II,"Yemen, Republic of",YEM,MENAAP,URS,A,IPF,IDA,2021-06-07,2026-06-30,1,1,0,LIC,1,1,1,189.5,5.244389024522481,2021,4.0629705681040384,0,5.062286105407256
1026,P175803,CSC_RES_BENE_ENAB_ECO_OPP,0,no_progress,,,,0,economic_opportunity,CHAD  Improving Learning Outcomes Proj,Chad,TCD,AFW,EDU,A,IPF,IDA,2022-04-15,2027-10-29,1,1,0,LIC,1,1,1,144.11858069,4.970636437718715,2022,3.2087611225188226,0,5.538672142368241
1027,P175803,CSC_RES_GEN_EQU,0,no_progress,,,,0,gender_equality,CHAD  Improving Learning Outcomes Proj,Chad,TCD,AFW,EDU,A,IPF,IDA,2022-04-15,2027-10-29,1,1,0,LIC,1,1,1,144.11858069,4.970636437718715,2022,3.2087611225188226,0,5.538672142368241
1028,P175828,CSC_RES_BENE_ENAB_ECO_OPP,1,fixed_share,,,,0,economic_opportunity,CVHCP,Cabo Verde,CPV,AFW,EDU,A,IPF,IDA,2022-04-11,2028-03-31,0,0,1,UMC,1,1,1,28.0,3.332204510175204,2022,3.2197125256673513,0,5.971252566735113
1029,P175828,CSC_RES_GEN_EQU,0,informative,0.9881967616158227,0.9359477371034216,5.22490245124011,1,gender_equality,CVHCP,Cabo Verde,CPV,AFW,EDU,A,IPF,IDA,2022-04-11,2028-03-31,0,0,1,UMC,1,1,1,28.0,3.332204510175204,2022,3.2197125256673513,0,5.971252566735113
1030,P175830,CSC_RES_GEN_EQU,0,women_only,,,,0,gender_equality,Stormwater Management and CCA 2,Senegal,SEN,AFW,URS,A,IPF,IDA,2021-05-28,2029-07-31,0,1,0,LMC,1,1,1,290.0,5.66988092298052,2021,4.090349075975359,0,8.175222450376454
1031,P175834,CSC_RES_BENE_ENAB_ECO_OPP,0,women_only,,,,0,economic_opportunity,STAR-EST,"Congo, Democratic Republic of",COD,AFE,SOC,A,IPF,IDA,2022-12-20,2027-12-31,1,1,0,LIC,1,1,1,250.0,5.521460917862246,2023,2.5270362765229293,0,5.02943189596167
1032,P175834,CSC_RES_GEN_EQU,0,informative,1.0,0.991304347826087,0.8695652173912993,1,gender_equality,STAR-EST,"Congo, Democratic Republic of",COD,AFE,SOC,A,IPF,IDA,2022-12-20,2027-12-31,1,1,0,LIC,1,1,1,250.0,5.521460917862246,2023,2.5270362765229293,0,5.02943189596167
1033,P175840,CSC_RES_HEA_SERV,0,informative,0.13995943204868155,0.16024340770791076,-2.028397565922921,1,health,COVID-19 vaccin,Comoros,COM,AFE,HNP,A,IPF,IDA,2021-06-29,2025-12-31,1,1,1,LMC,1,1,1,34.912323549999996,3.5528398771947924,2021,4.002737850787132,0,4.506502395619439
1034,P175846,CSC_RES_BENE_ENAB_ECO_OPP,0,no_progress,,,,0,economic_opportunity,PROLOG,Cameroon,CMR,AFW,SOC,A,IPF,IDA,2022-09-28,2027-09-30,1,0,0,LMC,1,1,1,300.0,5.703782474656201,2023,2.754277891854894,0,5.004791238877481
1035,P175846,CSC_RES_GEN_EQU,0,no_progress,,,,0,gender_equality,PROLOG,Cameroon,CMR,AFW,SOC,A,IPF,IDA,2022-09-28,2027-09-30,1,0,0,LMC,1,1,1,300.0,5.703782474656201,2023,2.754277891854894,0,5.004791238877481
1036,P175884,CSC_RES_GEN_EQU,0,women_only,,,,0,gender_equality,COVID-19 Response Project,Mozambique,MOZ,AFE,HNP,C,IPF,IDA,2021-06-03,2024-06-30,1,1,0,LIC,1,0,1,156.61345911,5.053780725649016,2021,4.073921971252567,0,3.07460643394935
1037,P175884,CSC_RES_HEA_SERV,1,fixed_share,,,,0,health,COVID-19 Response Project,Mozambique,MOZ,AFE,HNP,C,IPF,IDA,2021-06-03,2024-06-30,1,1,0,LIC,1,0,1,156.61345911,5.053780725649016,2021,4.073921971252567,0,3.07460643394935
1038,P175895,CSC_RES_BENE_ENAB_ECO_OPP,0,women_only,,,,0,economic_opportunity,Emergency COVID-19 Vaccine,Ukraine,UKR,ECA,HNP,C,IPF,IBRD,2021-05-10,2025-03-31,1,0,0,UMC,1,0,0,331.39174,5.803301180119378,2021,4.139630390143737,0,3.890485968514716
1039,P175895,CSC_RES_GEN_EQU,0,women_only,,,,0,gender_equality,Emergency COVID-19 Vaccine,Ukraine,UKR,ECA,HNP,C,IPF,IBRD,2021-05-10,2025-03-31,1,0,0,UMC,1,0,0,331.39174,5.803301180119378,2021,4.139630390143737,0,3.890485968514716
1040,P175915,CSC_RES_BENE_ENAB_ECO_OPP,0,no_progress,,,,0,economic_opportunity,SENRM,Senegal,SEN,AFW,ENV,A,IPF,IDA,2022-07-05,2028-07-31,0,1,0,LMC,1,1,1,100.0,4.605170185988092,2023,2.9869952087611225,0,6.072553045859
1041,P175915,CSC_RES_GEN_EQU,0,no_progress,,,,0,gender_equality,SENRM,Senegal,SEN,AFW,ENV,A,IPF,IDA,2022-07-05,2028-07-31,0,1,0,LMC,1,1,1,100.0,4.605170185988092,2023,2.9869952087611225,0,6.072553045859
1042,P175952,CSC_RES_GEN_EQU,0,no_progress,,,,0,gender_equality,SRASP,Tajikistan,TJK,ECA,AGR,A,IPF,IDA,2021-06-18,2027-06-30,0,0,0,LMC,1,1,1,108.0,4.68213122712422,2021,4.032854209445585,0,6.031485284052019
1043,P175982,CSC_RES_BENE_ENAB_ECO_OPP,0,informative,0.6285495011511896,0.5595238095238095,6.902569162738004,1,economic_opportunity,FIP 2,Cote d'Ivoire,CIV,AFW,ENV,A,IPF,IDA,2022-06-30,2029-02-28,0,0,0,LMC,1,1,1,140.0,4.941642422609304,2022,3.0006844626967832,0,6.666666666666667
1044,P175982,CSC_RES_GEN_EQU,0,informative,0.6285495011511896,0.5595238095238095,6.902569162738004,1,gender_equality,FIP 2,Cote d'Ivoire,CIV,AFW,ENV,A,IPF,IDA,2022-06-30,2029-02-28,0,0,0,LMC,1,1,1,140.0,4.941642422609304,2022,3.0006844626967832,0,6.666666666666667
1045,P176013,CSC_RES_FIN_SERV,0,informative,0.3177343173431735,0.3,1.773431734317349,1,financial_services,LB: Bldg Beirut Businesses Back & Better,Lebanon,LBN,MENAAP,FCI,C,IPF,RETF,2021-07-28,2025-09-30,1,0,0,LMC,1,0,0,28.0,3.332204510175204,2022,3.923340177960301,0,4.175222450376454
1046,P176017,CSC_RES_BENE_ENAB_ECO_OPP,0,women_only,,,,0,economic_opportunity,Second Rural Enterprise Development Proj,Uzbekistan,UZB,ECA,AGR,A,IPF,IBRD,2022-03-22,2027-12-15,0,0,0,LMC,1,1,0,200.0,5.298317366548036,2022,3.274469541409993,0,5.73305954825462
1047,P176017,CSC_RES_FIN_SERV,0,informative,0.3816631130063966,0.08333333333333333,29.832977967306327,1,financial_services,Second Rural Enterprise Development Proj,Uzbekistan,UZB,ECA,AGR,A,IPF,IBRD,2022-03-22,2027-12-15,0,0,0,LMC,1,1,0,200.0,5.298317366548036,2022,3.274469541409993,0,5.73305954825462
1048,P176017,CSC_RES_GEN_EQU,0,women_only,,,,0,gender_equality,Second Rural Enterprise Development Proj,Uzbekistan,UZB,ECA,AGR,A,IPF,IBRD,2022-03-22,2027-12-15,0,0,0,LMC,1,1,0,200.0,5.298317366548036,2022,3.274469541409993,0,5.73305954825462
1049,P176025,CSC_RES_WAT_SAN_HYG,1,fixed_share,,,,0,wash,WSRP,West Bank and Gaza,PSE,MENAAP,WAT,A,IPF,SPF,2023-02-28,2028-11-30,1,0,0,LMC,1,1,0,51.0,3.9318256327243257,2023,2.3353867214236823,0,5.754962354551677
1050,P176032,CSC_RES_BENE_ENAB_ECO_OPP,0,women_only,,,,0,economic_opportunity,Himachal Power Sector Development Prog,India,IND,SAR,EAE,A,P4R,IBRD,2023-06-27,2028-03-31,0,0,0,LMC,0,1,0,200.0,5.298317366548036,2023,2.0095824777549622,0,4.761122518822724
1051,P176032,CSC_RES_GEN_EQU,0,women_only,,,,0,gender_equality,Himachal Power Sector Development Prog,India,IND,SAR,EAE,A,P4R,IBRD,2023-06-27,2028-03-31,0,0,0,LMC,0,1,0,200.0,5.298317366548036,2023,2.0095824777549622,0,4.761122518822724
1052,P176040,CSC_RES_BENE_ENAB_ECO_OPP,1,fixed_share,,,,0,economic_opportunity,Air Quality Improvement Project,Bosnia and Herzegovina,BIH,ECA,EAE,A,IPF,IBRD,2023-05-30,2029-06-30,0,0,0,UMC,1,1,0,50.0,3.912023005428146,2023,2.086242299794661,0,6.0862422997946615
1053,P176040,CSC_RES_GEN_EQU,0,no_progress,,,,0,gender_equality,Air Quality Improvement Project,Bosnia and Herzegovina,BIH,ECA,EAE,A,IPF,IBRD,2023-05-30,2029-06-30,0,0,0,UMC,1,1,0,50.0,3.912023005428146,2023,2.086242299794661,0,6.0862422997946615
1054,P176069,CSC_RES_GEN_EQU,0,no_progress,,,,0,gender_equality,Capital Markets,Serbia,SRB,ECA,FCI,A,IPF,IBRD,2023-03-16,2028-08-31,0,0,0,UMC,1,1,0,30.0,3.4011973816621555,2023,2.291581108829569,0,5.462012320328542
1055,P176105,CSC_RES_GEN_EQU,0,women_only,,,,0,gender_equality,Strengthening Pedagogy and Governance,Uruguay,URY,LCR,EDU,A,IPF,IBRD,2022-01-19,2027-06-30,0,0,0,HIC,1,1,0,40.0,3.6888794541139363,2022,3.4442162902121836,0,5.4428473648186175
1056,P176108,CSC_RES_BENE_ENAB_ECO_OPP,0,no_progress,,,,0,economic_opportunity,Kiribati Digital Government,Kiribati,KIR,EAP,DDT,A,IPF,IDA,2022-05-25,2027-03-31,1,1,1,LMC,1,1,1,12.0,2.4849066497880004,2022,3.0992470910335386,0,4.848733744010952
1057,P176108,CSC_RES_GEN_EQU,0,no_progress,,,,0,gender_equality,Kiribati Digital Government,Kiribati,KIR,EAP,DDT,A,IPF,IDA,2022-05-25,2027-03-31,1,1,1,LMC,1,1,1,12.0,2.4849066497880004,2022,3.0992470910335386,0,4.848733744010952
1058,P176126,CSC_RES_BENE_ENAB_ECO_OPP,0,no_progress,,,,0,economic_opportunity,Ghana Digital Acceleration Project,Ghana,GHA,AFW,DDT,A,IPF,IDA,2022-04-28,2027-06-30,0,0,0,LMC,1,1,1,200.0,5.298317366548036,2022,3.1731690622861053,0,5.171800136892539
1059,P176126,CSC_RES_GEN_EQU,0,no_progress,,,,0,gender_equality,Ghana Digital Acceleration Project,Ghana,GHA,AFW,DDT,A,IPF,IDA,2022-04-28,2027-06-30,0,0,0,LMC,1,1,1,200.0,5.298317366548036,2022,3.1731690622861053,0,5.171800136892539
1060,P176129,CSC_RES_BENE_ENAB_ECO_OPP,1,fixed_share,,,,0,economic_opportunity,RY: Food Security Response & Resilience,"Yemen, Republic of",YEM,MENAAP,AGR,A,IPF,IDA,2021-05-11,2026-12-31,1,1,0,LIC,1,1,1,250.0,5.521460917862246,2021,4.136892539356605,0,5.639972621492129
1061,P176129,CSC_RES_GEN_EQU,0,women_only,,,,0,gender_equality,RY: Food Security Response & Resilience,"Yemen, Republic of",YEM,MENAAP,AGR,A,IPF,IDA,2021-05-11,2026-12-31,1,1,0,LIC,1,1,1,250.0,5.521460917862246,2021,4.136892539356605,0,5.639972621492129
1062,P176148,CSC_RES_GEN_EQU,0,women_only,,,,0,gender_equality,Cabo Verde DPF with a Cat DDO 2023,Cabo Verde,CPV,AFW,MTI,A,DPL,IDA,2022-11-17,2026-02-15,0,0,1,UMC,0,1,1,52.5,3.960813169597578,2023,2.617385352498289,0,3.247091033538672
1063,P176157,CSC_RES_BENE_ENAB_ECO_OPP,0,women_only,,,,0,economic_opportunity,Northern Crisis Recovery Project (NCRP),Mozambique,MOZ,AFE,URS,A,IPF,IDA,2021-04-27,2026-04-30,1,1,0,LIC,1,1,1,200.0,5.298317366548036,2021,4.175222450376454,0,5.007529089664613
1064,P176157,CSC_RES_GEN_EQU,0,women_only,,,,0,gender_equality,Northern Crisis Recovery Project (NCRP),Mozambique,MOZ,AFE,URS,A,IPF,IDA,2021-04-27,2026-04-30,1,1,0,LIC,1,1,1,200.0,5.298317366548036,2021,4.175222450376454,0,5.007529089664613
1065,P176157,CSC_RES_WAT_SAN_HYG,1,fixed_share,,,,0,wash,Northern Crisis Recovery Project (NCRP),Mozambique,MOZ,AFE,URS,A,IPF,IDA,2021-04-27,2026-04-30,1,1,0,LIC,1,1,1,200.0,5.298317366548036,2021,4.175222450376454,0,5.007529089664613
1066,P176163,CSC_RES_WAT_SAN_HYG,0,no_progress,,,,0,wash,CARE4BlueSea,Albania,ALB,ECA,ENV,A,IPF,IBRD,2023-12-01,2030-03-29,0,0,0,UMC,1,1,0,80.0,4.382026634673881,2024,1.5797399041752225,0,6.324435318275154
1067,P176163,CSC_RES_WAT_SAN_SAFE,1,fixed_share,,,,0,wash,CARE4BlueSea,Albania,ALB,ECA,ENV,A,IPF,IBRD,2023-12-01,2030-03-29,0,0,0,UMC,1,1,0,80.0,4.382026634673881,2024,1.5797399041752225,0,6.324435318275154
1068,P176164,CSC_RES_BENE_ENAB_ECO_OPP,0,no_progress,,,,0,economic_opportunity,ICDP,Sri Lanka,LKA,SAR,TDD,A,IPF,IBRD,2021-09-30,2026-10-31,0,0,0,LMC,1,1,0,500.0,6.214608098422191,2022,3.7481177275838466,0,5.084188911704312
1069,P176164,CSC_RES_GEN_EQU,0,women_only,,,,0,gender_equality,ICDP,Sri Lanka,LKA,SAR,TDD,A,IPF,IBRD,2021-09-30,2026-10-31,0,0,0,LMC,1,1,0,500.0,6.214608098422191,2022,3.7481177275838466,0,5.084188911704312
1070,P176208,CSC_RES_BENE_ENAB_ECO_OPP,1,fixed_share,,,,0,economic_opportunity,TCRTP2,Tonga,TON,EAP,TDD,A,IPF,IDA,2021-12-10,2029-06-30,0,0,1,UMC,1,1,1,38.0,3.6375861597263857,2022,3.5537303216974676,0,7.553730321697468
1071,P176208,CSC_RES_GEN_EQU,0,identical_share,,,,0,gender_equality,TCRTP2,Tonga,TON,EAP,TDD,A,IPF,IDA,2021-12-10,2029-06-30,0,0,1,UMC,1,1,1,38.0,3.6375861597263857,2022,3.5537303216974676,0,7.553730321697468
1072,P176232,CSC_RES_BENE_ENAB_ECO_OPP,0,women_only,,,,0,economic_opportunity,Uruguay Agroecology Project,Uruguay,URY,LCR,AGR,A,IPF,IBRD,2021-11-30,2026-11-30,0,0,0,HIC,1,1,0,35.5,3.56953269648137,2022,3.5811088295687883,0,4.999315537303217
1073,P176232,CSC_RES_GEN_EQU,0,women_only,,,,0,gender_equality,Uruguay Agroecology Project,Uruguay,URY,LCR,AGR,A,IPF,IBRD,2021-11-30,2026-11-30,0,0,0,HIC,1,1,0,35.5,3.56953269648137,2022,3.5811088295687883,0,4.999315537303217
1074,P176274,CSC_RES_FIN_SERV,0,no_progress,,,,0,financial_services,CAR Investment and Bus. Comp. for Employ,Central African Republic,CAF,AFW,FCI,A,IPF,IDA,2022-05-05,2027-03-29,1,1,0,LIC,1,1,1,30.0,3.4011973816621555,2022,3.154004106776181,0,4.898015058179329
1075,P176297,CSC_RES_GEN_EQU,0,women_only,,,,0,gender_equality,Peru Innovation II,Peru,PER,LCR,FCI,A,IPF,IBRD,2022-02-17,2027-12-30,0,0,0,UMC,1,1,0,100.0,4.605170185988092,2022,3.3648186173853527,0,5.864476386036961
1076,P176303,CSC_RES_BENE_ENAB_ECO_OPP,0,no_progress,,,,0,economic_opportunity,Ethiopia Roads4FooD,Ethiopia,ETH,AFE,TDD,A,P4R,IDA,2024-03-29,2029-03-31,1,1,0,Unknown,1,1,1,300.0,5.703782474656201,2024,1.2539356605065024,0,5.004791238877481
1077,P176303,CSC_RES_GEN_EQU,0,no_progress,,,,0,gender_equality,Ethiopia Roads4FooD,Ethiopia,ETH,AFE,TDD,A,P4R,IDA,2024-03-29,2029-03-31,1,1,0,Unknown,1,1,1,300.0,5.703782474656201,2024,1.2539356605065024,0,5.004791238877481
1078,P176306,CSC_RES_HEA_SERV,0,no_progress,,,,0,health,Kiribati HSSP,Kiribati,KIR,EAP,HNP,A,IPF,IDA,2022-04-04,2027-03-31,1,1,1,LMC,1,1,1,28.0,3.332204510175204,2022,3.238877481177276,0,4.988364134154689
1079,P176317,CSC_RES_BENE_ENAB_ECO_OPP,0,no_progress,,,,0,economic_opportunity,PH: Digital Infrastructure Project,Philippines,PHL,EAP,DDT,A,IPF,IBRD,2024-10-10,2028-12-31,0,0,0,LMC,1,1,0,287.238,5.660311140399327,2025,0.7200547570157426,1,4.224503764544832
1080,P176317,CSC_RES_GEN_EQU,0,no_progress,,,,0,gender_equality,PH: Digital Infrastructure Project,Philippines,PHL,EAP,DDT,A,IPF,IBRD,2024-10-10,2028-12-31,0,0,0,LMC,1,1,0,287.238,5.660311140399327,2025,0.7200547570157426,1,4.224503764544832
1081,P176352,CSC_RES_FIN_SERV,0,informative,0.41952346251459754,0.2905406779661017,12.898278454849581,1,financial_services,TN: COVID-19 SP Emergency Response,Tunisia,TUN,MENAAP,SPL,A,IPF,IBRD,2021-03-31,2026-03-31,0,0,0,LMC,1,1,0,700.0,6.551080335043404,2021,4.249144421629021,0,4.999315537303217
1082,P176352,CSC_RES_GEN_EQU,1,fixed_share,,,,0,gender_equality,TN: COVID-19 SP Emergency Response,Tunisia,TUN,MENAAP,SPL,A,IPF,IBRD,2021-03-31,2026-03-31,0,0,0,LMC,1,1,0,700.0,6.551080335043404,2021,4.249144421629021,0,4.999315537303217
1083,P176374,CSC_RES_BENE_ENAB_ECO_OPP,0,no_progress,,,,0,economic_opportunity,PARTNER-Agriculture Sector Modernization,Bangladesh,BGD,SAR,AGR,A,P4R,IDA,2023-04-27,2028-12-31,0,1,0,LMC,0,1,1,500.0,6.214608098422191,2023,2.1765913757700206,0,5.68104038329911
1084,P176374,CSC_RES_GEN_EQU,0,no_progress,,,,0,gender_equality,PARTNER-Agriculture Sector Modernization,Bangladesh,BGD,SAR,AGR,A,P4R,IDA,2023-04-27,2028-12-31,0,1,0,LMC,0,1,1,500.0,6.214608098422191,2023,2.1765913757700206,0,5.68104038329911
1085,P176383,CSC_RES_GEN_EQU,0,women_only,,,,0,gender_equality,Public Sector Strengthening Project II,Guinea-Bissau,GNB,AFW,GOV,A,IPF,IDA,2022-12-08,2028-04-30,1,1,1,LIC,1,1,1,15.08670491,2.713813886443481,2023,2.5598904859685145,0,5.393566050650239
1086,P176396,CSC_RES_BENE_ENAB_ECO_OPP,0,no_progress,,,,0,economic_opportunity,Digital Burundi,Burundi,BDI,AFE,DDT,A,IPF,IDA,2022-06-22,2028-08-30,1,1,0,LIC,1,1,1,92.0,4.5217885770490405,2022,3.02258726899384,0,6.190280629705681
1087,P176396,CSC_RES_GEN_EQU,0,no_progress,,,,0,gender_equality,Digital Burundi,Burundi,BDI,AFE,DDT,A,IPF,IDA,2022-06-22,2028-08-30,1,1,0,LIC,1,1,1,92.0,4.5217885770490405,2022,3.02258726899384,0,6.190280629705681
1088,P176404,CSC_RES_BENE_ENAB_ECO_OPP,0,women_only,,,,0,economic_opportunity,RIGHTS: Tamil Nadu Disability Project,India,IND,SAR,SPL,A,IPF,IBRD,2022-06-14,2028-06-30,0,0,0,LMC,1,1,0,162.0,5.087596335232384,2022,3.0444900752908968,0,6.04517453798768
1089,P176404,CSC_RES_GEN_EQU,0,women_only,,,,0,gender_equality,RIGHTS: Tamil Nadu Disability Project,India,IND,SAR,SPL,A,IPF,IBRD,2022-06-14,2028-06-30,0,0,0,LMC,1,1,0,162.0,5.087596335232384,2022,3.0444900752908968,0,6.04517453798768
1090,P176429,CSC_RES_WAT_SAN_HYG,1,fixed_share,,,,0,wash,CWSIP,Bangladesh,BGD,SAR,WAT,A,IPF,IDA,2024-12-19,2030-12-31,0,1,0,LMC,1,1,1,280.0,5.634789603169249,2025,0.5284052019164955,1,6.031485284052019
1091,P176429,CSC_RES_WAT_SAN_SAFE,1,fixed_share,,,,0,wash,CWSIP,Bangladesh,BGD,SAR,WAT,A,IPF,IDA,2024-12-19,2030-12-31,0,1,0,LMC,1,1,1,280.0,5.634789603169249,2025,0.5284052019164955,1,6.031485284052019
1092,P176459,CSC_RES_BENE_ENAB_ECO_OPP,0,no_progress,,,,0,economic_opportunity,Digital Mozambique,Mozambique,MOZ,AFE,DDT,A,IPF,IDA,2022-07-15,2028-07-31,1,1,0,LIC,1,1,1,200.0,5.298317366548036,2023,2.9596167008898013,0,6.04517453798768
1093,P176459,CSC_RES_GEN_EQU,0,no_progress,,,,0,gender_equality,Digital Mozambique,Mozambique,MOZ,AFE,DDT,A,IPF,IDA,2022-07-15,2028-07-31,1,1,0,LIC,1,1,1,200.0,5.298317366548036,2023,2.9596167008898013,0,6.04517453798768
1094,P176478,CSC_RES_WAT_SAN_HYG,0,no_progress,,,,0,wash,South Tarawa Sanitation Project,Kiribati,KIR,EAP,WAT,A,IPF,IDA,2022-05-25,2028-05-31,1,1,1,LMC,1,1,1,19.49,2.9699015135194693,2022,3.0992470910335386,0,6.017796030116359
1095,P176480,CSC_RES_GEN_EQU,1,fixed_share,,,,0,gender_equality,South Sudan Emergency COVID-19 Project,South Sudan,SSD,AFE,HNP,C,IPF,IDA,2021-06-28,2025-07-31,1,1,0,LIC,1,0,1,330.0,5.799092654460526,2021,4.005475701574264,0,4.090349075975359
1096,P176480,CSC_RES_HEA_SERV,1,fixed_share,,,,0,health,South Sudan Emergency COVID-19 Project,South Sudan,SSD,AFE,HNP,C,IPF,IDA,2021-06-28,2025-07-31,1,1,0,LIC,1,0,1,330.0,5.799092654460526,2021,4.005475701574264,0,4.090349075975359
1097,P176532,CSC_RES_GEN_EQU,0,no_progress,,,,0,gender_equality,RESHAPE,Honduras,HND,LCR,HNP,A,IPF,IDA,2022-06-16,2028-11-30,0,0,0,LMC,1,1,1,60.0,4.0943445622221,2022,3.0390143737166326,0,6.458590006844627
1098,P176532,CSC_RES_HEA_SERV,0,informative,0.4919434016748484,0.6544715447154471,-16.25281430405987,1,health,RESHAPE,Honduras,HND,LCR,HNP,A,IPF,IDA,2022-06-16,2028-11-30,0,0,0,LMC,1,1,1,60.0,4.0943445622221,2022,3.0390143737166326,0,6.458590006844627
1099,P176549,CSC_RES_BENE_ENAB_ECO_OPP,0,no_progress,,,,0,economic_opportunity,ACCESS – Bangladesh Phase 1 Project,Bangladesh,BGD,SAR,TDD,A,IPF,IDA,2022-06-28,2028-06-30,0,1,0,LMC,1,1,1,753.45096,6.624663933002313,2022,3.0061601642710474,0,6.006844626967831
1100,P176549,CSC_RES_GEN_EQU,0,no_progress,,,,0,gender_equality,ACCESS – Bangladesh Phase 1 Project,Bangladesh,BGD,SAR,TDD,A,IPF,IDA,2022-06-28,2028-06-30,0,1,0,LMC,1,1,1,753.45096,6.624663933002313,2022,3.0061601642710474,0,6.006844626967831
1101,P176570,CSC_RES_GEN_EQU,1,fixed_share,,,,0,gender_equality,RY: Yemen Emergency Human Capital Proj,"Yemen, Republic of",YEM,MENAAP,HNP,A,IPF,IDA,2021-06-30,2026-12-31,1,1,0,LIC,1,1,1,592.0,6.3835066348840055,2021,4.0,0,5.503080082135524
1102,P176570,CSC_RES_HEA_SERV,0,informative,0.6005920653214468,0.6251948843242436,-2.4602819002796816,1,health,RY: Yemen Emergency Human Capital Proj,"Yemen, Republic of",YEM,MENAAP,HNP,A,IPF,IDA,2021-06-30,2026-12-31,1,1,0,LIC,1,1,1,592.0,6.3835066348840055,2021,4.0,0,5.503080082135524
1103,P176570,CSC_RES_WAT_SAN_HYG,1,fixed_share,,,,0,wash,RY: Yemen Emergency Human Capital Proj,"Yemen, Republic of",YEM,MENAAP,HNP,A,IPF,IDA,2021-06-30,2026-12-31,1,1,0,LIC,1,1,1,592.0,6.3835066348840055,2021,4.0,0,5.503080082135524
1104,P176575,CSC_RES_BENE_ENAB_ECO_OPP,0,informative,0.5821650399290151,0.5833333333333334,-0.11682934043182325,1,economic_opportunity,Shire Valley Transformation Program - 2,Malawi,MWI,AFE,WAT,A,IPF,IDA,2022-06-21,2028-09-30,0,1,0,LIC,1,1,1,134.0,4.897839799950911,2022,3.025325119780972,0,6.277891854893908
1105,P176575,CSC_RES_GEN_EQU,0,informative,0.5821650399290151,0.5833333333333334,-0.11682934043182325,1,gender_equality,Shire Valley Transformation Program - 2,Malawi,MWI,AFE,WAT,A,IPF,IDA,2022-06-21,2028-09-30,0,1,0,LIC,1,1,1,134.0,4.897839799950911,2022,3.025325119780972,0,6.277891854893908
1106,P176581,CSC_RES_BENE_ENAB_ECO_OPP,0,informative,0.5616483881688269,0.1999696939084756,36.167869426035125,1,economic_opportunity,National Housing Program Project,Dominican Republic,DOM,LCR,URS,A,IPF,IBRD,2022-05-31,2026-06-30,0,0,1,UMC,1,1,0,100.0,4.605170185988092,2022,3.082819986310746,0,4.082135523613963
1107,P176581,CSC_RES_FIN_SERV,0,informative,0.5616483881688269,0.1999696939084756,36.167869426035125,1,financial_services,National Housing Program Project,Dominican Republic,DOM,LCR,URS,A,IPF,IBRD,2022-05-31,2026-06-30,0,0,1,UMC,1,1,0,100.0,4.605170185988092,2022,3.082819986310746,0,4.082135523613963
1108,P176581,CSC_RES_GEN_EQU,0,informative,0.5616483881688269,0.1999696939084756,36.167869426035125,1,gender_equality,National Housing Program Project,Dominican Republic,DOM,LCR,URS,A,IPF,IBRD,2022-05-31,2026-06-30,0,0,1,UMC,1,1,0,100.0,4.605170185988092,2022,3.082819986310746,0,4.082135523613963
1109,P176589,CSC_RES_WAT_SAN_HYG,0,no_progress,,,,0,wash,Water Sector Governance & Infra Project,Nepal,NPL,SAR,WAT,A,IPF,IDA,2022-06-02,2028-07-15,0,1,0,LMC,1,1,1,70.05551793000001,4.249288040986929,2022,3.077344284736482,0,6.119096509240246
1110,P176589,CSC_RES_WAT_SAN_SAFE,0,no_progress,,,,0,wash,Water Sector Governance & Infra Project,Nepal,NPL,SAR,WAT,A,IPF,IDA,2022-06-02,2028-07-15,0,1,0,LMC,1,1,1,70.05551793000001,4.249288040986929,2022,3.077344284736482,0,6.119096509240246
1111,P176608,CSC_RES_WAT_SAN_HYG,1,fixed_share,,,,0,wash,TEFWER,Türkiye,TUR,ECA,URS,A,IPF,IBRD,2022-06-29,2026-09-30,0,0,0,UMC,1,1,0,449.253,6.107586203437699,2022,3.0034223134839153,0,4.254620123203286
1112,P176615,CSC_RES_WAT_SAN_HYG,1,fixed_share,,,,0,wash,CaWSIP,Cambodia,KHM,EAP,WAT,A,IPF,IDA,2024-06-21,2030-06-30,0,1,0,LMC,1,1,1,145.0,4.976733742420574,2024,1.0239561943874058,0,6.023271731690623
1113,P176619,CSC_RES_BENE_ENAB_ECO_OPP,1,fixed_share,,,,0,economic_opportunity,Jordan Water Sector Efficiency Project,Jordan,JOR,MENAAP,WAT,A,IPF,IBRD,2023-06-15,2028-12-31,0,0,0,LMC,1,1,0,200.0,5.298317366548036,2023,2.0424366872005475,0,5.546885694729637
1114,P176619,CSC_RES_GEN_EQU,0,no_progress,,,,0,gender_equality,Jordan Water Sector Efficiency Project,Jordan,JOR,MENAAP,WAT,A,IPF,IBRD,2023-06-15,2028-12-31,0,0,0,LMC,1,1,0,200.0,5.298317366548036,2023,2.0424366872005475,0,5.546885694729637
1115,P176619,CSC_RES_WAT_SAN_HYG,0,no_progress,,,,0,wash,Jordan Water Sector Efficiency Project,Jordan,JOR,MENAAP,WAT,A,IPF,IBRD,2023-06-15,2028-12-31,0,0,0,LMC,1,1,0,200.0,5.298317366548036,2023,2.0424366872005475,0,5.546885694729637
1116,P176620,CSC_RES_BENE_ENAB_ECO_OPP,0,no_progress,,,,0,economic_opportunity,Senegal Energy Access Scale Up Project,Senegal,SEN,AFW,EAE,A,IPF,IDA,2022-03-08,2027-06-30,0,1,0,LMC,1,1,1,155.87,5.0490223265009595,2022,3.3127994524298425,0,5.3114305270362765
1117,P176620,CSC_RES_GEN_EQU,0,no_progress,,,,0,gender_equality,Senegal Energy Access Scale Up Project,Senegal,SEN,AFW,EAE,A,IPF,IDA,2022-03-08,2027-06-30,0,1,0,LMC,1,1,1,155.87,5.0490223265009595,2022,3.3127994524298425,0,5.3114305270362765
1118,P176623,CSC_RES_BENE_ENAB_ECO_OPP,1,fixed_share,,,,0,economic_opportunity,DIST,Tanzania,TZA,AFE,TDD,A,IPF,IDA,2025-03-24,2030-03-28,0,1,0,LMC,1,1,1,200.0,5.298317366548036,2025,0.2683093771389459,1,5.0102669404517455
1119,P176623,CSC_RES_GEN_EQU,0,no_progress,,,,0,gender_equality,DIST,Tanzania,TZA,AFE,TDD,A,IPF,IDA,2025-03-24,2030-03-28,0,1,0,LMC,1,1,1,200.0,5.298317366548036,2025,0.2683093771389459,1,5.0102669404517455
1120,P176630,CSC_RES_HEA_SERV,1,fixed_share,,,,0,health,Angola COVID-19 SPRP,Angola,AGO,AFE,HNP,C,IPF,IBRD,2021-07-29,2025-05-30,0,1,0,LMC,1,0,0,150.0,5.0106352940962555,2022,3.920602327173169,0,3.8357289527720737
1121,P176631,CSC_RES_BENE_ENAB_ECO_OPP,0,no_progress,,,,0,economic_opportunity,Smart II Project,Mongolia,MNG,EAP,DDT,A,IPF,IDA,2022-06-06,2027-07-30,0,0,0,UMC,1,1,1,40.7,3.7062280924485496,2022,3.0663928815879533,0,5.147159479808351
1122,P176631,CSC_RES_GEN_EQU,0,no_progress,,,,0,gender_equality,Smart II Project,Mongolia,MNG,EAP,DDT,A,IPF,IDA,2022-06-06,2027-07-30,0,0,0,UMC,1,1,1,40.7,3.7062280924485496,2022,3.0663928815879533,0,5.147159479808351
1123,P176633,CSC_RES_BENE_ENAB_ECO_OPP,1,fixed_share,,,,0,economic_opportunity,YELEN SIRA,Mali,MLI,AFW,EAE,A,IPF,IDA,2023-06-23,2028-11-30,1,1,0,LIC,1,1,1,157.0,5.056245805348308,2023,2.020533880903491,0,5.4401095140314855
1124,P176633,CSC_RES_GEN_EQU,0,no_progress,,,,0,gender_equality,YELEN SIRA,Mali,MLI,AFW,EAE,A,IPF,IDA,2023-06-23,2028-11-30,1,1,0,LIC,1,1,1,157.0,5.056245805348308,2023,2.020533880903491,0,5.4401095140314855
1125,P176680,CSC_RES_GEN_EQU,0,no_progress,,,,0,gender_equality,Benin Social Safety Nets Program,Benin,BEN,AFW,SPL,A,P4R,IDA,2023-03-24,2027-12-31,0,1,0,LMC,0,1,1,100.0,4.605170185988092,2023,2.269678302532512,0,4.772073921971253
1126,P176687,CSC_RES_WAT_SAN_HYG,1,fixed_share,,,,0,wash,Dili Water Supply Project,Timor-Leste,TLS,EAP,WAT,C,IPF,IDA,2022-05-25,2025-02-04,1,1,1,LMC,1,0,1,6.65134,1.8948183381280057,2022,3.0992470910335386,0,2.6995208761122518
1127,P176693,CSC_RES_BENE_ENAB_ECO_OPP,1,fixed_share,,,,0,economic_opportunity,SWEDD+,Chad,TCD,AFW,HNP,A,IPF,IDA,2023-09-29,2030-06-30,1,1,0,LIC,1,1,1,445.0,6.09807428216624,2024,1.7522245037645447,0,6.751540041067762
1128,P176693,CSC_RES_GEN_EQU,1,fixed_share,,,,0,gender_equality,SWEDD+,Chad,TCD,AFW,HNP,A,IPF,IDA,2023-09-29,2030-06-30,1,1,0,LIC,1,1,1,445.0,6.09807428216624,2024,1.7522245037645447,0,6.751540041067762
1129,P176702,CSC_RES_WAT_SAN_HYG,0,informative,0.5068629897679061,0.5,0.6862989767906114,1,wash,Kiribati Resilience and Adaptation,Kiribati,KIR,EAP,URS,A,IPF,IDA,2022-05-13,2028-08-31,1,1,1,LMC,1,1,1,20.0,2.995732273553991,2022,3.132101300479124,0,6.3025325119780975
1130,P176747,CSC_RES_BENE_ENAB_ECO_OPP,0,women_only,,,,0,economic_opportunity,Growth Opportunities for Women (GROW),Uganda,UGA,AFE,SOC,A,IPF,IDA,2022-06-17,2027-12-31,0,1,0,LIC,1,1,1,217.0,5.37989735354046,2022,3.0362765229295,0,5.538672142368241
1131,P176747,CSC_RES_GEN_EQU,0,women_only,,,,0,gender_equality,Growth Opportunities for Women (GROW),Uganda,UGA,AFE,SOC,A,IPF,IDA,2022-06-17,2027-12-31,0,1,0,LIC,1,1,1,217.0,5.37989735354046,2022,3.0362765229295,0,5.538672142368241
1132,P176754,CSC_RES_GEN_EQU,0,no_progress,,,,0,gender_equality,CAR Emergency Food Crisis Response,Central African Republic,CAF,AFW,AGR,A,IPF,IDA,2021-06-29,2026-09-30,1,1,0,LIC,1,1,1,99.9681,4.6048511350967685,2021,4.002737850787132,0,5.253935660506502
1133,P176769,CSC_RES_GEN_EQU,0,no_progress,,,,0,gender_equality,IDEA,Togo,TGO,AFW,EAE,A,IPF,IDA,2024-05-23,2029-12-31,0,1,0,LIC,1,1,1,200.0,5.298317366548036,2024,1.103353867214237,0,5.607118412046543
1134,P176772,CSC_RES_BENE_ENAB_ECO_OPP,0,no_progress,,,,0,economic_opportunity,DJ: Affordable Housing Finance,Djibouti,DJI,MENAAP,FCI,A,IPF,IDA,2022-12-21,2027-12-31,0,1,0,LMC,1,1,1,15.0,2.70805020110221,2023,2.524298425735797,0,5.026694045174538
1135,P176772,CSC_RES_FIN_SERV,0,informative,0.0,0.3877551020408163,-38.775510204081634,1,financial_services,DJ: Affordable Housing Finance,Djibouti,DJI,MENAAP,FCI,A,IPF,IDA,2022-12-21,2027-12-31,0,1,0,LMC,1,1,1,15.0,2.70805020110221,2023,2.524298425735797,0,5.026694045174538
1136,P176772,CSC_RES_GEN_EQU,0,no_progress,,,,0,gender_equality,DJ: Affordable Housing Finance,Djibouti,DJI,MENAAP,FCI,A,IPF,IDA,2022-12-21,2027-12-31,0,1,0,LMC,1,1,1,15.0,2.70805020110221,2023,2.524298425735797,0,5.026694045174538
1137,P176780,CSC_RES_WAT_SAN_HYG,1,fixed_share,,,,0,wash,KP-RIISP,Pakistan,PAK,MENAAP,ENV,A,IPF,IDA,2023-06-13,2029-06-30,0,0,0,LMC,1,1,1,200.0,5.298317366548036,2023,2.0479123887748116,0,6.047912388774812
1138,P176786,CSC_RES_BENE_ENAB_ECO_OPP,0,no_progress,,,,0,economic_opportunity,PRIAT,Pakistan,PAK,MENAAP,AGR,A,IPF,IDA,2022-07-15,2027-06-30,0,0,0,LMC,1,1,1,200.0,5.298317366548036,2023,2.9596167008898013,0,4.958247775496235
1139,P176786,CSC_RES_GEN_EQU,0,no_progress,,,,0,gender_equality,PRIAT,Pakistan,PAK,MENAAP,AGR,A,IPF,IDA,2022-07-15,2027-06-30,0,0,0,LMC,1,1,1,200.0,5.298317366548036,2023,2.9596167008898013,0,4.958247775496235
1140,P176803,CSC_RES_GEN_EQU,1,fixed_share,,,,0,gender_equality,PSMP4,Armenia,ARM,ECA,GOV,A,IPF,IBRD,2022-03-03,2028-03-31,0,0,0,UMC,1,1,0,29.9,3.3978584803966405,2022,3.326488706365503,0,6.078028747433265
1141,P176883,CSC_RES_GEN_EQU,0,no_progress,,,,0,gender_equality,Togo Public Sector for Service Delivery,Togo,TGO,AFW,GOV,A,P4R,IDA,2024-05-23,2030-06-30,0,1,0,LIC,1,1,1,75.0,4.31748811353631,2024,1.103353867214237,0,6.102669404517454
1142,P176885,CSC_RES_BENE_ENAB_ECO_OPP,0,no_progress,,,,0,economic_opportunity,RUMI,Rwanda,RWA,AFE,TDD,A,IPF,IDA,2025-06-25,2030-06-30,0,1,0,LIC,1,1,1,100.0,4.605170185988092,2025,0.013689253935660506,1,5.0130047912388775
1143,P176885,CSC_RES_GEN_EQU,0,no_progress,,,,0,gender_equality,RUMI,Rwanda,RWA,AFE,TDD,A,IPF,IDA,2025-06-25,2030-06-30,0,1,0,LIC,1,1,1,100.0,4.605170185988092,2025,0.013689253935660506,1,5.0130047912388775
1144,P176895,CSC_RES_BENE_ENAB_ECO_OPP,0,women_only,,,,0,economic_opportunity,Second Employment Support Project,Bosnia and Herzegovina,BIH,ECA,SPL,A,IPF,IBRD,2022-07-19,2027-08-31,0,0,0,UMC,1,1,0,43.2,3.765840495250065,2023,2.948665297741273,0,5.117043121149897
1145,P176895,CSC_RES_GEN_EQU,0,women_only,,,,0,gender_equality,Second Employment Support Project,Bosnia and Herzegovina,BIH,ECA,SPL,A,IPF,IBRD,2022-07-19,2027-08-31,0,0,0,UMC,1,1,0,43.2,3.765840495250065,2023,2.948665297741273,0,5.117043121149897
1146,P176898,CSC_RES_BENE_ENAB_ECO_OPP,0,no_progress,,,,0,economic_opportunity,Rajo Kaaba,"Somalia, Federal Republic of",SOM,AFE,EDU,A,IPF,IDA,2022-06-27,2027-06-30,1,1,0,LIC,1,1,1,25.0,3.2188758248682006,2022,3.0088980150581794,0,5.007529089664613
1147,P176898,CSC_RES_GEN_EQU,0,no_progress,,,,0,gender_equality,Rajo Kaaba,"Somalia, Federal Republic of",SOM,AFE,EDU,A,IPF,IDA,2022-06-27,2027-06-30,1,1,0,LIC,1,1,1,25.0,3.2188758248682006,2022,3.0088980150581794,0,5.007529089664613
1148,P176900,CSC_RES_BENE_ENAB_ECO_OPP,1,fixed_share,,,,0,economic_opportunity,Women's Social and Economic Empowerment,South Sudan,SSD,AFE,SOC,A,IPF,IDA,2022-05-24,2026-12-31,1,1,0,LIC,1,1,1,55.44053275,4.015310964323212,2022,3.1019849418206706,0,4.605065023956194
1149,P176900,CSC_RES_GEN_EQU,1,fixed_share,,,,0,gender_equality,Women's Social and Economic Empowerment,South Sudan,SSD,AFE,SOC,A,IPF,IDA,2022-05-24,2026-12-31,1,1,0,LIC,1,1,1,55.44053275,4.015310964323212,2022,3.1019849418206706,0,4.605065023956194
1150,P176902,CSC_RES_GEN_EQU,0,no_progress,,,,0,gender_equality,Togo Urban Water Security (TUWS),Togo,TGO,AFW,WAT,A,IPF,IDA,2023-03-29,2029-03-30,0,1,0,LIC,1,1,1,75.07887874,4.318539277403276,2023,2.2559890485968515,0,6.0041067761806985
1151,P176902,CSC_RES_WAT_SAN_HYG,1,fixed_share,,,,0,wash,Togo Urban Water Security (TUWS),Togo,TGO,AFW,WAT,A,IPF,IDA,2023-03-29,2029-03-30,0,1,0,LIC,1,1,1,75.07887874,4.318539277403276,2023,2.2559890485968515,0,6.0041067761806985
1152,P176905,CSC_RES_BENE_ENAB_ECO_OPP,0,informative,1.0,0.5004065341119077,49.959346588809225,1,economic_opportunity,AR-CIAF,Argentina,ARG,LCR,AGR,A,IPF,IBRD,2021-12-09,2027-06-15,0,0,0,UMC,1,1,0,326.089705,5.787172512226397,2022,3.5564681724845997,0,5.514031485284052
1153,P176905,CSC_RES_GEN_EQU,0,informative,1.0,0.5004065341119077,49.959346588809225,1,gender_equality,AR-CIAF,Argentina,ARG,LCR,AGR,A,IPF,IBRD,2021-12-09,2027-06-15,0,0,0,UMC,1,1,0,326.089705,5.787172512226397,2022,3.5564681724845997,0,5.514031485284052
1154,P176924,CSC_RES_FIN_SERV,0,no_progress,,,,0,financial_services,The Gambia Public Admin. Modernization,"Gambia, The",GMB,AFW,GOV,A,P4R,IDA,2024-11-27,2029-11-30,0,1,0,LIC,1,1,1,47.7,3.8649313978942956,2025,0.5886379192334018,1,5.007529089664613
1155,P176932,CSC_RES_BENE_ENAB_ECO_OPP,0,no_progress,,,,0,economic_opportunity,DTfA/ WARDIP,Guinea,GIN,AFW,DDT,A,IPF,IDA,2023-11-30,2028-12-29,0,1,0,LMC,1,1,1,266.5,5.585374243605899,2024,1.5824777549623545,0,5.08145106091718
1156,P176932,CSC_RES_GEN_EQU,0,no_progress,,,,0,gender_equality,DTfA/ WARDIP,Guinea,GIN,AFW,DDT,A,IPF,IDA,2023-11-30,2028-12-29,0,1,0,LMC,1,1,1,266.5,5.585374243605899,2024,1.5824777549623545,0,5.08145106091718
1157,P176935,CSC_RES_GEN_EQU,0,women_only,,,,0,gender_equality,NASSP-SU,Nigeria,NGA,AFW,SPL,A,IPF,IDA,2021-12-16,2025-12-31,1,0,0,LMC,1,1,1,800.0,6.684611727667927,2022,3.5373032169746748,0,4.041067761806982
1158,P176943,CSC_RES_BENE_ENAB_ECO_OPP,1,fixed_share,,,,0,economic_opportunity,SVG Volcanic Eruption Emergency Project,St. Vincent and the Grenadines,VCT,LCR,URS,A,IPF,IDA,2021-11-30,2026-12-30,0,0,1,UMC,1,1,1,40.0,3.6888794541139363,2022,3.5811088295687883,0,5.08145106091718
1159,P176943,CSC_RES_GEN_EQU,0,women_only,,,,0,gender_equality,SVG Volcanic Eruption Emergency Project,St. Vincent and the Grenadines,VCT,LCR,URS,A,IPF,IDA,2021-11-30,2026-12-30,0,0,1,UMC,1,1,1,40.0,3.6888794541139363,2022,3.5811088295687883,0,5.08145106091718
1160,P176956,CSC_RES_GEN_EQU,0,no_progress,,,,0,gender_equality,Somalia COVID-19 Vaccination project,"Somalia, Federal Republic of",SOM,AFE,HNP,A,IPF,IDA,2021-09-28,2025-12-31,1,1,0,LIC,1,1,1,65.0,4.174387269895637,2022,3.753593429158111,0,4.257357973990418
1161,P176956,CSC_RES_HEA_SERV,1,fixed_share,,,,0,health,Somalia COVID-19 Vaccination project,"Somalia, Federal Republic of",SOM,AFE,HNP,A,IPF,IDA,2021-09-28,2025-12-31,1,1,0,LIC,1,1,1,65.0,4.174387269895637,2022,3.753593429158111,0,4.257357973990418
1162,P176981,CSC_RES_BENE_ENAB_ECO_OPP,0,informative,0.3548387096774194,0.375,-2.0161290322580627,1,economic_opportunity,Resilient Tourism and Blue Economy,Cabo Verde,CPV,AFW,FCI,A,IPF,IDA,2022-05-31,2028-06-30,0,0,1,UMC,1,1,1,70.0,4.248495242049359,2022,3.082819986310746,0,6.083504449007529
1163,P176981,CSC_RES_FIN_SERV,0,informative,0.3548387096774194,0.375,-2.0161290322580627,1,financial_services,Resilient Tourism and Blue Economy,Cabo Verde,CPV,AFW,FCI,A,IPF,IDA,2022-05-31,2028-06-30,0,0,1,UMC,1,1,1,70.0,4.248495242049359,2022,3.082819986310746,0,6.083504449007529
1164,P176981,CSC_RES_GEN_EQU,0,informative,0.3548387096774194,0.375,-2.0161290322580627,1,gender_equality,Resilient Tourism and Blue Economy,Cabo Verde,CPV,AFW,FCI,A,IPF,IDA,2022-05-31,2028-06-30,0,0,1,UMC,1,1,1,70.0,4.248495242049359,2022,3.082819986310746,0,6.083504449007529
1165,P177003,CSC_RES_BENE_ENAB_ECO_OPP,0,no_progress,,,,0,economic_opportunity,CAR Health Service and System SENI-Plus,Central African Republic,CAF,AFW,HNP,A,IPF,IDA,2022-06-03,2027-09-30,1,1,0,LIC,1,1,1,98.0,4.584967478670572,2022,3.07460643394935,0,5.325119780971937
1166,P177003,CSC_RES_GEN_EQU,1,fixed_share,,,,0,gender_equality,CAR Health Service and System SENI-Plus,Central African Republic,CAF,AFW,HNP,A,IPF,IDA,2022-06-03,2027-09-30,1,1,0,LIC,1,1,1,98.0,4.584967478670572,2022,3.07460643394935,0,5.325119780971937
1167,P177003,CSC_RES_HEA_SERV,1,fixed_share,,,,0,health,CAR Health Service and System SENI-Plus,Central African Republic,CAF,AFW,HNP,A,IPF,IDA,2022-06-03,2027-09-30,1,1,0,LIC,1,1,1,98.0,4.584967478670572,2022,3.07460643394935,0,5.325119780971937
1168,P177004,CSC_RES_WAT_SAN_HYG,1,fixed_share,,,,0,wash,RECLIMA,Angola,AGO,AFE,WAT,A,IPF,IBRD,2022-03-30,2028-12-31,0,1,0,LMC,1,1,0,300.0,5.703782474656201,2022,3.252566735112936,0,6.757015742642026
1169,P177004,CSC_RES_WAT_SAN_SAFE,1,fixed_share,,,,0,wash,RECLIMA,Angola,AGO,AFE,WAT,A,IPF,IBRD,2022-03-30,2028-12-31,0,1,0,LMC,1,1,0,300.0,5.703782474656201,2022,3.252566735112936,0,6.757015742642026
1170,P177031,CSC_RES_BENE_ENAB_ECO_OPP,0,no_progress,,,,0,economic_opportunity,Sierra Leone Land Admin Project (SLLAP),Sierra Leone,SLE,AFW,URS,A,IPF,IDA,2022-06-02,2028-07-31,0,1,0,LIC,1,1,1,41.1,3.716008121502189,2022,3.077344284736482,0,6.16290212183436
1171,P177031,CSC_RES_GEN_EQU,0,no_progress,,,,0,gender_equality,Sierra Leone Land Admin Project (SLLAP),Sierra Leone,SLE,AFW,URS,A,IPF,IDA,2022-06-02,2028-07-31,0,1,0,LIC,1,1,1,41.1,3.716008121502189,2022,3.077344284736482,0,6.16290212183436
1172,P177041,CSC_RES_BENE_ENAB_ECO_OPP,0,no_progress,,,,0,economic_opportunity,RESILAND MALI,Mali,MLI,AFW,ENV,A,IPF,IDA,2023-05-25,2030-10-29,1,1,0,LIC,1,1,1,150.0,5.0106352940962555,2023,2.099931553730322,0,7.430527036276523
1173,P177041,CSC_RES_GEN_EQU,1,fixed_share,,,,0,gender_equality,RESILAND MALI,Mali,MLI,AFW,ENV,A,IPF,IDA,2023-05-25,2030-10-29,1,1,0,LIC,1,1,1,150.0,5.0106352940962555,2023,2.099931553730322,0,7.430527036276523
1174,P177043,CSC_RES_BENE_ENAB_ECO_OPP,1,fixed_share,,,,0,economic_opportunity,RESILAND Niger,Niger,NER,AFW,ENV,A,IPF,IDA,2022-09-01,2028-10-31,1,1,0,LIC,1,1,1,150.0,5.0106352940962555,2023,2.8281998631074607,0,6.165639972621492
1175,P177043,CSC_RES_GEN_EQU,0,no_progress,,,,0,gender_equality,RESILAND Niger,Niger,NER,AFW,ENV,A,IPF,IDA,2022-09-01,2028-10-31,1,1,0,LIC,1,1,1,150.0,5.0106352940962555,2023,2.8281998631074607,0,6.165639972621492
1176,P177044,CSC_RES_GEN_EQU,0,no_progress,,,,0,gender_equality,N’Djamena Urban Resilience Project,Chad,TCD,AFW,URS,A,IPF,IDA,2023-03-31,2029-08-31,1,1,0,LIC,1,1,1,200.0,5.298317366548036,2023,2.2505133470225873,0,6.420260095824777
1177,P177053,CSC_RES_BENE_ENAB_ECO_OPP,0,women_only,,,,0,economic_opportunity,Lifeline Connectivity Project,"Yemen, Republic of",YEM,MENAAP,TDD,A,IPF,IDA,2021-12-21,2025-11-30,1,1,0,LIC,1,1,1,50.0,3.912023005428146,2022,3.5236139630390144,0,3.9425051334702257
1178,P177053,CSC_RES_GEN_EQU,0,women_only,,,,0,gender_equality,Lifeline Connectivity Project,"Yemen, Republic of",YEM,MENAAP,TDD,A,IPF,IDA,2021-12-21,2025-11-30,1,1,0,LIC,1,1,1,50.0,3.912023005428146,2022,3.5236139630390144,0,3.9425051334702257
1179,P177069,CSC_RES_GEN_EQU,0,women_only,,,,0,gender_equality,KP Rural Accessibility Project (KPRAP),Pakistan,PAK,MENAAP,TDD,A,IPF,IDA,2022-06-09,2027-06-30,0,0,0,LMC,1,1,1,378.0,5.934894195619588,2022,3.058179329226557,0,5.0568104038329915
1180,P177077,CSC_RES_BENE_ENAB_ECO_OPP,0,no_progress,,,,0,economic_opportunity,Digital Sierra Leone,Sierra Leone,SLE,AFW,DDT,A,IPF,IDA,2022-07-22,2027-09-30,0,1,0,LIC,1,1,1,50.0,3.912023005428146,2023,2.940451745379877,0,5.190965092402464
1181,P177077,CSC_RES_GEN_EQU,1,fixed_share,,,,0,gender_equality,Digital Sierra Leone,Sierra Leone,SLE,AFW,DDT,A,IPF,IDA,2022-07-22,2027-09-30,0,1,0,LIC,1,1,1,50.0,3.912023005428146,2023,2.940451745379877,0,5.190965092402464
1182,P177118,CSC_RES_WAT_SAN_HYG,0,no_progress,,,,0,wash,PASEA,Cote d'Ivoire,CIV,AFW,WAT,A,IPF,IDA,2024-05-24,2030-03-29,0,0,0,LMC,1,1,1,250.0,5.521460917862246,2024,1.1006160164271048,0,5.845311430527036
1183,P177118,CSC_RES_WAT_SAN_SAFE,0,no_progress,,,,0,wash,PASEA,Cote d'Ivoire,CIV,AFW,WAT,A,IPF,IDA,2024-05-24,2030-03-29,0,0,0,LMC,1,1,1,250.0,5.521460917862246,2024,1.1006160164271048,0,5.845311430527036
1184,P177163,CSC_RES_BENE_ENAB_ECO_OPP,0,no_progress,,,,0,economic_opportunity,Resitchad,Chad,TCD,AFW,URS,A,IPF,IDA,2023-06-14,2028-06-29,1,1,0,LIC,1,1,1,140.0,4.941642422609304,2023,2.0451745379876796,0,5.04312114989733
1185,P177163,CSC_RES_GEN_EQU,0,no_progress,,,,0,gender_equality,Resitchad,Chad,TCD,AFW,URS,A,IPF,IDA,2023-06-14,2028-06-29,1,1,0,LIC,1,1,1,140.0,4.941642422609304,2023,2.0451745379876796,0,5.04312114989733
1186,P177179,CSC_RES_FIN_SERV,0,no_progress,,,,0,financial_services,Tourism Sector Development,"Gambia, The",GMB,AFW,FCI,A,IPF,IDA,2022-06-09,2027-06-30,0,1,0,LIC,1,1,1,68.0,4.219507705176107,2022,3.058179329226557,0,5.0568104038329915
1187,P177210,CSC_RES_BENE_ENAB_ECO_OPP,0,no_progress,,,,0,economic_opportunity,HT RUTAP,Haiti,HTI,LCR,TDD,A,IPF,IDA,2022-05-26,2028-05-31,1,1,1,LMC,1,1,1,120.0,4.787491742782046,2022,3.0965092402464065,0,6.015058179329227
1188,P177210,CSC_RES_GEN_EQU,0,no_progress,,,,0,gender_equality,HT RUTAP,Haiti,HTI,LCR,TDD,A,IPF,IDA,2022-05-26,2028-05-31,1,1,1,LMC,1,1,1,120.0,4.787491742782046,2022,3.0965092402464065,0,6.015058179329227
1189,P177325,CSC_RES_WAT_SAN_HYG,1,fixed_share,,,,0,wash,WSIP-1,Tajikistan,TJK,ECA,WAT,A,IPF,IDA,2022-06-23,2027-11-30,0,0,0,LMC,1,1,1,45.0,3.8066624897703196,2022,3.0198494182067077,0,5.437371663244353
1190,P177325,CSC_RES_WAT_SAN_SAFE,0,no_progress,,,,0,wash,WSIP-1,Tajikistan,TJK,ECA,WAT,A,IPF,IDA,2022-06-23,2027-11-30,0,0,0,LMC,1,1,1,45.0,3.8066624897703196,2022,3.0198494182067077,0,5.437371663244353
1191,P177329,CSC_RES_GEN_EQU,0,women_only,,,,0,gender_equality,RMI Multisectoral ECD - II,Marshall Islands,MHL,EAP,HNP,A,IPF,IDA,2022-06-06,2026-12-31,1,0,1,UMC,1,1,1,27.0,3.295836866004329,2022,3.0663928815879533,0,4.569472963723477
1192,P177329,CSC_RES_HEA_SERV,1,fixed_share,,,,0,health,RMI Multisectoral ECD - II,Marshall Islands,MHL,EAP,HNP,A,IPF,IDA,2022-06-06,2026-12-31,1,0,1,UMC,1,1,1,27.0,3.295836866004329,2022,3.0663928815879533,0,4.569472963723477
1193,P177407,CSC_RES_BENE_ENAB_ECO_OPP,0,no_progress,,,,0,economic_opportunity,Kyrgyz RESILAND,Kyrgyz Republic,KGZ,ECA,ENV,A,IPF,IDA,2024-02-27,2029-06-29,0,0,0,LMC,1,1,1,45.0,3.8066624897703196,2024,1.3388090349075976,0,5.336071184120465
1194,P177407,CSC_RES_GEN_EQU,0,no_progress,,,,0,gender_equality,Kyrgyz RESILAND,Kyrgyz Republic,KGZ,ECA,ENV,A,IPF,IDA,2024-02-27,2029-06-29,0,0,0,LMC,1,1,1,45.0,3.8066624897703196,2024,1.3388090349075976,0,5.336071184120465
1195,P177450,CSC_RES_BENE_ENAB_ECO_OPP,0,no_progress,,,,0,economic_opportunity,Ecosystem and Biodiversity Conservation,China,CHN,EAP,ENV,A,IPF,IBRD,2025-06-24,2031-05-31,0,0,0,UMC,1,1,0,100.0,4.605170185988092,2025,0.01642710472279261,1,5.932922655715264
1196,P177450,CSC_RES_GEN_EQU,0,no_progress,,,,0,gender_equality,Ecosystem and Biodiversity Conservation,China,CHN,EAP,ENV,A,IPF,IBRD,2025-06-24,2031-05-31,0,0,0,UMC,1,1,0,100.0,4.605170185988092,2025,0.01642710472279261,1,5.932922655715264
1197,P177467,CSC_RES_BENE_ENAB_ECO_OPP,0,no_progress,,,,0,economic_opportunity,AQIP,Kyrgyz Republic,KGZ,ECA,ENV,A,IPF,IDA,2023-11-29,2030-12-31,0,0,0,LMC,1,1,1,50.0,3.912023005428146,2024,1.5852156057494866,0,7.08829568788501
1198,P177467,CSC_RES_FIN_SERV,0,no_progress,,,,0,financial_services,AQIP,Kyrgyz Republic,KGZ,ECA,ENV,A,IPF,IDA,2023-11-29,2030-12-31,0,0,0,LMC,1,1,1,50.0,3.912023005428146,2024,1.5852156057494866,0,7.08829568788501
1199,P177467,CSC_RES_GEN_EQU,0,no_progress,,,,0,gender_equality,AQIP,Kyrgyz Republic,KGZ,ECA,ENV,A,IPF,IDA,2023-11-29,2030-12-31,0,0,0,LMC,1,1,1,50.0,3.912023005428146,2024,1.5852156057494866,0,7.08829568788501
1200,P177492,CSC_RES_FIN_SERV,0,informative,0.47516198704103674,0.8974537037037037,-42.229171666266694,1,financial_services,Social Protection Transformation Project,Rwanda,RWA,AFE,SPL,A,IPF,IDA,2022-09-22,2026-12-31,0,1,0,LIC,1,1,1,100.0,4.605170185988092,2023,2.7707049965776864,0,4.27378507871321
1201,P177492,CSC_RES_GEN_EQU,0,women_only,,,,0,gender_equality,Social Protection Transformation Project,Rwanda,RWA,AFE,SPL,A,IPF,IDA,2022-09-22,2026-12-31,0,1,0,LIC,1,1,1,100.0,4.605170185988092,2023,2.7707049965776864,0,4.27378507871321
1202,P177533,CSC_RES_BENE_ENAB_ECO_OPP,0,no_progress,,,,0,economic_opportunity,Chile Green Hydrogen Facility,Chile,CHL,LCR,EAE,A,IPF,IBRD,2023-06-28,2028-06-30,0,0,0,HIC,1,1,0,150.0,5.0106352940962555,2023,2.00684462696783,0,5.007529089664613
1203,P177533,CSC_RES_GEN_EQU,0,no_progress,,,,0,gender_equality,Chile Green Hydrogen Facility,Chile,CHL,LCR,EAE,A,IPF,IBRD,2023-06-28,2028-06-30,0,0,0,HIC,1,1,0,150.0,5.0106352940962555,2023,2.00684462696783,0,5.007529089664613
1204,P177627,CSC_RES_WAT_SAN_HYG,0,informative,0.4023180154534364,0.3,10.231801545343638,1,wash,Barwaaqo,"Somalia, Federal Republic of",SOM,AFE,WAT,A,IPF,IDA,2022-12-09,2028-02-29,1,1,0,LIC,1,1,1,70.0,4.248495242049359,2023,2.5571526351813825,0,5.223819301848049
1205,P177663,CSC_RES_BENE_ENAB_ECO_OPP,0,no_progress,,,,0,economic_opportunity,SNSOP,South Sudan,SSD,AFE,SPL,A,IPF,IDA,2022-06-06,2027-06-30,1,1,0,LIC,1,1,1,199.0,5.293304824724492,2022,3.0663928815879533,0,5.065023956194388
1206,P177663,CSC_RES_GEN_EQU,0,women_only,,,,0,gender_equality,SNSOP,South Sudan,SSD,AFE,SPL,A,IPF,IDA,2022-06-06,2027-06-30,1,1,0,LIC,1,1,1,199.0,5.293304824724492,2022,3.0663928815879533,0,5.065023956194388
1207,P177688,CSC_RES_BENE_ENAB_ECO_OPP,0,no_progress,,,,0,economic_opportunity,Burundi PRETE,Burundi,BDI,AFE,FCI,A,IPF,IDA,2023-12-01,2028-12-29,1,1,0,LIC,1,1,1,100.0,4.605170185988092,2024,1.5797399041752225,0,5.078713210130048
1208,P177688,CSC_RES_FIN_SERV,0,no_progress,,,,0,financial_services,Burundi PRETE,Burundi,BDI,AFE,FCI,A,IPF,IDA,2023-12-01,2028-12-29,1,1,0,LIC,1,1,1,100.0,4.605170185988092,2024,1.5797399041752225,0,5.078713210130048
1209,P177688,CSC_RES_GEN_EQU,0,no_progress,,,,0,gender_equality,Burundi PRETE,Burundi,BDI,AFE,FCI,A,IPF,IDA,2023-12-01,2028-12-29,1,1,0,LIC,1,1,1,100.0,4.605170185988092,2024,1.5797399041752225,0,5.078713210130048
1210,P177722,CSC_RES_FIN_SERV,0,no_progress,,,,0,financial_services,Financial and Private Sector Development,Tajikistan,TJK,ECA,FCI,A,IPF,IDA,2023-07-10,2028-09-30,0,0,0,LMC,1,1,1,50.0,3.912023005428146,2024,1.9739904175222451,0,5.2265571526351815
1211,P177741,CSC_RES_GEN_EQU,0,no_progress,,,,0,gender_equality,Guyana Human Capital Project,Guyana,GUY,LCR,EDU,A,IPF,IDA,2022-06-10,2027-06-30,0,0,1,HIC,1,1,1,46.29,3.8349259550431793,2022,3.055441478439425,0,5.054072553045859
1212,P177782,CSC_RES_BENE_ENAB_ECO_OPP,0,women_only,,,,0,economic_opportunity,Cameroon Emergency Food Crisis Project,Cameroon,CMR,AFW,AGR,A,IPF,IDA,2022-05-02,2025-12-31,1,0,0,LMC,1,1,1,100.0,4.605170185988092,2022,3.162217659137577,0,3.6659822039698837
1213,P177782,CSC_RES_GEN_EQU,0,women_only,,,,0,gender_equality,Cameroon Emergency Food Crisis Project,Cameroon,CMR,AFW,AGR,A,IPF,IDA,2022-05-02,2025-12-31,1,0,0,LMC,1,1,1,100.0,4.605170185988092,2022,3.162217659137577,0,3.6659822039698837
1214,P177800,CSC_RES_BENE_ENAB_ECO_OPP,0,no_progress,,,,0,economic_opportunity,PRSEB,Cote d'Ivoire,CIV,AFW,EDU,A,P4R,IDA,2022-12-20,2028-05-31,0,0,0,LMC,1,1,1,350.0,5.857933154483459,2023,2.5270362765229293,0,5.44558521560575
1215,P177800,CSC_RES_GEN_EQU,0,no_progress,,,,0,gender_equality,PRSEB,Cote d'Ivoire,CIV,AFW,EDU,A,P4R,IDA,2022-12-20,2028-05-31,0,0,0,LMC,1,1,1,350.0,5.857933154483459,2023,2.5270362765229293,0,5.44558521560575
1216,P177814,CSC_RES_BENE_ENAB_ECO_OPP,0,no_progress,,,,0,economic_opportunity,Pathways to Sustainable Livelihoods,Lesotho,LSO,AFE,SPL,A,IPF,IDA,2022-06-23,2027-06-30,0,1,0,LMC,1,1,1,26.5,3.2771447329921766,2022,3.0198494182067077,0,5.018480492813142
1217,P177814,CSC_RES_FIN_SERV,0,identical_share,,,,0,financial_services,Pathways to Sustainable Livelihoods,Lesotho,LSO,AFE,SPL,A,IPF,IDA,2022-06-23,2027-06-30,0,1,0,LMC,1,1,1,26.5,3.2771447329921766,2022,3.0198494182067077,0,5.018480492813142
1218,P177814,CSC_RES_GEN_EQU,0,women_only,,,,0,gender_equality,Pathways to Sustainable Livelihoods,Lesotho,LSO,AFE,SPL,A,IPF,IDA,2022-06-23,2027-06-30,0,1,0,LMC,1,1,1,26.5,3.2771447329921766,2022,3.0198494182067077,0,5.018480492813142
1219,P177823,CSC_RES_WAT_SAN_HYG,0,identical_share,,,,0,wash,Water Sector Modernization Program,Dominican Republic,DOM,LCR,WAT,A,P4R,IBRD,2023-03-24,2027-12-31,0,0,1,UMC,1,1,0,250.0,5.521460917862246,2023,2.269678302532512,0,4.772073921971253
1220,P177823,CSC_RES_WAT_SAN_SAFE,1,fixed_share,,,,0,wash,Water Sector Modernization Program,Dominican Republic,DOM,LCR,WAT,A,P4R,IBRD,2023-03-24,2027-12-31,0,0,1,UMC,1,1,0,250.0,5.521460917862246,2023,2.269678302532512,0,4.772073921971253
1221,P177825,CSC_RES_BENE_ENAB_ECO_OPP,1,fixed_share,,,,0,economic_opportunity,LSDP,Uzbekistan,UZB,ECA,AGR,A,IPF,IBRD,2023-04-20,2028-12-31,0,0,0,LMC,1,1,0,240.0,5.480638923341991,2023,2.195756331279945,0,5.700205338809035
1222,P177825,CSC_RES_FIN_SERV,0,no_progress,,,,0,financial_services,LSDP,Uzbekistan,UZB,ECA,AGR,A,IPF,IBRD,2023-04-20,2028-12-31,0,0,0,LMC,1,1,0,240.0,5.480638923341991,2023,2.195756331279945,0,5.700205338809035
1223,P177825,CSC_RES_GEN_EQU,0,no_progress,,,,0,gender_equality,LSDP,Uzbekistan,UZB,ECA,AGR,A,IPF,IBRD,2023-04-20,2028-12-31,0,0,0,LMC,1,1,0,240.0,5.480638923341991,2023,2.195756331279945,0,5.700205338809035
1224,P177875,CSC_RES_BENE_ENAB_ECO_OPP,0,women_only,,,,0,economic_opportunity,Local Governance for Basic Services Prog,Burkina Faso,BFA,AFW,GOV,A,P4R,IDA,2023-05-08,2029-12-31,1,1,0,LIC,0,1,1,150.0,5.0106352940962555,2023,2.1464750171115674,0,6.650239561943874
1225,P177875,CSC_RES_GEN_EQU,0,women_only,,,,0,gender_equality,Local Governance for Basic Services Prog,Burkina Faso,BFA,AFW,GOV,A,P4R,IDA,2023-05-08,2029-12-31,1,1,0,LIC,0,1,1,150.0,5.0106352940962555,2023,2.1464750171115674,0,6.650239561943874
1226,P177895,CSC_RES_FIN_SERV,0,informative,0.23,0.36,-12.999999999999998,1,financial_services,MSME CP,Moldova,MDA,ECA,FCI,A,IPF,IBRD,2022-06-27,2027-08-02,0,0,0,UMC,1,1,0,50.0,3.912023005428146,2022,3.0088980150581794,0,5.0978781656399725
1227,P177902,CSC_RES_BENE_ENAB_ECO_OPP,0,no_progress,,,,0,economic_opportunity,ACCESS – Nepal Phase 1 Project,Nepal,NPL,SAR,TDD,A,IPF,IDA,2022-06-28,2028-07-15,0,1,0,LMC,1,1,1,275.0,5.616771097666572,2022,3.0061601642710474,0,6.047912388774812
1228,P177902,CSC_RES_GEN_EQU,0,no_progress,,,,0,gender_equality,ACCESS – Nepal Phase 1 Project,Nepal,NPL,SAR,TDD,A,IPF,IDA,2022-06-28,2028-07-15,0,1,0,LMC,1,1,1,275.0,5.616771097666572,2022,3.0061601642710474,0,6.047912388774812
1229,P177932,CSC_RES_BENE_ENAB_ECO_OPP,1,fixed_share,,,,0,economic_opportunity,CATLDP,"Egypt, Arab Republic of",EGY,MENAAP,TDD,A,IPF,IBRD,2022-09-29,2029-09-28,0,0,0,LMC,1,1,0,400.0,5.991464547107982,2023,2.751540041067762,0,6.997946611909651
1230,P177932,CSC_RES_GEN_EQU,0,no_progress,,,,0,gender_equality,CATLDP,"Egypt, Arab Republic of",EGY,MENAAP,TDD,A,IPF,IBRD,2022-09-29,2029-09-28,0,0,0,LMC,1,1,0,400.0,5.991464547107982,2023,2.751540041067762,0,6.997946611909651
1231,P177947,CSC_RES_FIN_SERV,0,no_progress,,,,0,financial_services,Sierra Leone Second Financial Inclusion,Sierra Leone,SLE,AFW,FCI,A,IPF,IDA,2023-06-02,2028-09-25,0,1,0,LIC,1,1,1,40.0,3.6888794541139363,2023,2.078028747433265,0,5.316906228610541
1232,P177959,CSC_RES_BENE_ENAB_ECO_OPP,0,no_progress,,,,0,economic_opportunity,Private Sector Employment and Skills,Jordan,JOR,MENAAP,EDU,A,IPF,IBRD,2021-12-17,2028-07-31,0,0,0,LMC,1,1,0,112.0,4.718498871295094,2022,3.5345653661875427,0,6.620123203285421
1233,P177959,CSC_RES_GEN_EQU,0,no_progress,,,,0,gender_equality,Private Sector Employment and Skills,Jordan,JOR,MENAAP,EDU,A,IPF,IBRD,2021-12-17,2028-07-31,0,0,0,LMC,1,1,0,112.0,4.718498871295094,2022,3.5345653661875427,0,6.620123203285421
1234,P178018,CSC_RES_GEN_EQU,0,women_only,,,,0,gender_equality,SPRRP,Sao Tome and Principe,STP,AFE,SPL,A,IPF,IDA,2022-05-02,2028-06-30,1,0,1,LMC,1,1,1,18.0,2.8903717578961645,2022,3.162217659137577,0,6.16290212183436
1235,P178033,CSC_RES_GEN_EQU,0,no_progress,,,,0,gender_equality,Djibouti Health System Strengthening,Djibouti,DJI,MENAAP,HNP,A,IPF,IDA,2022-05-26,2027-05-31,0,1,0,LMC,1,1,1,19.5,2.970414465569701,2022,3.0965092402464065,0,5.0130047912388775
1236,P178033,CSC_RES_HEA_SERV,0,informative,0.44416314706848914,0.6923076923076923,-24.814454523920315,1,health,Djibouti Health System Strengthening,Djibouti,DJI,MENAAP,HNP,A,IPF,IDA,2022-05-26,2027-05-31,0,1,0,LMC,1,1,1,19.5,2.970414465569701,2022,3.0965092402464065,0,5.0130047912388775
1237,P178035,CSC_RES_BENE_ENAB_ECO_OPP,0,no_progress,,,,0,economic_opportunity,Diversifica+,Angola,AGO,AFE,FCI,A,IPF,IBRD,2023-05-31,2029-12-31,0,1,0,LMC,1,1,0,300.0,5.703782474656201,2023,2.083504449007529,0,6.587268993839836
1238,P178035,CSC_RES_FIN_SERV,0,no_progress,,,,0,financial_services,Diversifica+,Angola,AGO,AFE,FCI,A,IPF,IBRD,2023-05-31,2029-12-31,0,1,0,LMC,1,1,0,300.0,5.703782474656201,2023,2.083504449007529,0,6.587268993839836
1239,P178035,CSC_RES_GEN_EQU,0,no_progress,,,,0,gender_equality,Diversifica+,Angola,AGO,AFE,FCI,A,IPF,IBRD,2023-05-31,2029-12-31,0,1,0,LMC,1,1,0,300.0,5.703782474656201,2023,2.083504449007529,0,6.587268993839836
1240,P178040,CSC_RES_GEN_EQU,0,no_progress,,,,0,gender_equality,AO Strengthening Subnational Governance,Angola,AGO,AFE,GOV,A,IPF,IBRD,2022-12-21,2027-04-30,0,1,0,LMC,1,1,0,250.0,5.521460917862246,2023,2.524298425735797,0,4.355920602327173
1241,P178077,CSC_RES_BENE_ENAB_ECO_OPP,1,fixed_share,,,,0,economic_opportunity,EARN,Bangladesh,BGD,SAR,EDU,A,IPF,IDA,2023-06-29,2028-12-31,0,1,0,LMC,1,1,1,300.0,5.703782474656201,2023,2.004106776180698,0,5.508555783709788
1242,P178077,CSC_RES_GEN_EQU,1,fixed_share,,,,0,gender_equality,EARN,Bangladesh,BGD,SAR,EDU,A,IPF,IDA,2023-06-29,2028-12-31,0,1,0,LMC,1,1,1,300.0,5.703782474656201,2023,2.004106776180698,0,5.508555783709788
1243,P178120,CSC_RES_BENE_ENAB_ECO_OPP,1,fixed_share,,,,0,economic_opportunity,Resilient Agri-food Clusters Development,Kyrgyz Republic,KGZ,ECA,AGR,A,IPF,IDA,2024-04-08,2029-12-31,0,0,0,LMC,1,1,1,30.0,3.4011973816621555,2024,1.2265571526351813,0,5.730321697467488
1244,P178120,CSC_RES_FIN_SERV,0,no_progress,,,,0,financial_services,Resilient Agri-food Clusters Development,Kyrgyz Republic,KGZ,ECA,AGR,A,IPF,IDA,2024-04-08,2029-12-31,0,0,0,LMC,1,1,1,30.0,3.4011973816621555,2024,1.2265571526351813,0,5.730321697467488
1245,P178120,CSC_RES_FIN_SERV_WOM_CUS,1,fixed_share,,,,0,financial_services,Resilient Agri-food Clusters Development,Kyrgyz Republic,KGZ,ECA,AGR,A,IPF,IDA,2024-04-08,2029-12-31,0,0,0,LMC,1,1,1,30.0,3.4011973816621555,2024,1.2265571526351813,0,5.730321697467488
1246,P178120,CSC_RES_GEN_EQU,1,fixed_share,,,,0,gender_equality,Resilient Agri-food Clusters Development,Kyrgyz Republic,KGZ,ECA,AGR,A,IPF,IDA,2024-04-08,2029-12-31,0,0,0,LMC,1,1,1,30.0,3.4011973816621555,2024,1.2265571526351813,0,5.730321697467488
1247,P178132,CSC_RES_BENE_ENAB_ECO_OPP,1,fixed_share,,,,0,economic_opportunity,FSRP Phase 2,Sierra Leone,SLE,AFW,AGR,A,IPF,IDA,2022-07-29,2028-09-30,0,1,0,LIC,1,1,1,490.0,6.194405391104672,2023,2.921286789869952,0,6.1738535249828885
1248,P178132,CSC_RES_GEN_EQU,1,fixed_share,,,,0,gender_equality,FSRP Phase 2,Sierra Leone,SLE,AFW,AGR,A,IPF,IDA,2022-07-29,2028-09-30,0,1,0,LIC,1,1,1,490.0,6.194405391104672,2023,2.921286789869952,0,6.1738535249828885
1249,P178157,CSC_RES_GEN_EQU,1,fixed_share,,,,0,gender_equality,ZIQUE,Tanzania,TZA,AFE,EDU,A,IPF,IDA,2022-12-22,2029-01-31,0,1,0,LMC,1,1,1,50.0,3.912023005428146,2023,2.521560574948665,0,6.11088295687885
1250,P178176,CSC_RES_BENE_ENAB_ECO_OPP,0,no_progress,,,,0,economic_opportunity,TRANSFORME DRC,"Congo, Democratic Republic of",COD,AFE,FCI,A,IPF,IDA,2022-05-02,2027-09-30,1,1,0,LIC,1,1,1,300.0,5.703782474656201,2022,3.162217659137577,0,5.412731006160164
1251,P178176,CSC_RES_FIN_SERV,0,informative,0.0,0.7142857142857143,-71.42857142857143,1,financial_services,TRANSFORME DRC,"Congo, Democratic Republic of",COD,AFE,FCI,A,IPF,IDA,2022-05-02,2027-09-30,1,1,0,LIC,1,1,1,300.0,5.703782474656201,2022,3.162217659137577,0,5.412731006160164
1252,P178176,CSC_RES_GEN_EQU,0,no_progress,,,,0,gender_equality,TRANSFORME DRC,"Congo, Democratic Republic of",COD,AFE,FCI,A,IPF,IDA,2022-05-02,2027-09-30,1,1,0,LIC,1,1,1,300.0,5.703782474656201,2022,3.162217659137577,0,5.412731006160164
1253,P178188,CSC_RES_WAT_SAN_HYG,1,fixed_share,,,,0,wash,EPARRDD,Haiti,HTI,LCR,WAT,A,IPF,IDA,2023-05-17,2029-06-29,1,1,1,LMC,1,1,1,80.0,4.382026634673881,2023,2.1218343600273784,0,6.119096509240246
1254,P178207,CSC_RES_GEN_EQU,0,no_progress,,,,0,gender_equality,Far North Cameroon Connectivity,Cameroon,CMR,AFW,TDD,A,IPF,IDA,2023-06-20,2029-06-30,1,0,0,LMC,1,1,1,330.0,5.799092654460526,2023,2.028747433264887,0,6.028747433264887
1255,P178215,CSC_RES_FIN_SERV,0,informative,0.18666666666666668,0.1111111111111111,7.555555555555557,1,financial_services,JO: Jordan - Support for InDF,Jordan,JOR,MENAAP,FCI,A,IPF,IBRD,2022-05-12,2026-12-31,0,0,0,LMC,1,1,0,85.0,4.442651256490317,2022,3.134839151266256,0,4.63791923340178
1256,P178237,CSC_RES_BENE_ENAB_ECO_OPP,0,no_progress,,,,0,economic_opportunity,FSM PROPER,"Micronesia, Federated States of",FSM,EAP,ENV,A,IPF,IDA,2024-10-15,2030-09-30,1,0,1,LMC,1,1,1,56.0,4.02535169073515,2025,0.7063655030800822,1,5.9575633127994525
1257,P178237,CSC_RES_GEN_EQU,0,no_progress,,,,0,gender_equality,FSM PROPER,"Micronesia, Federated States of",FSM,EAP,ENV,A,IPF,IDA,2024-10-15,2030-09-30,1,0,1,LMC,1,1,1,56.0,4.02535169073515,2025,0.7063655030800822,1,5.9575633127994525
1258,P178252,CSC_RES_HEA_SERV,1,fixed_share,,,,0,health,SRESTHA Gujarat Program,India,IND,SAR,HNP,A,P4R,IBRD,2022-09-21,2028-03-31,0,0,0,LMC,0,1,0,350.0,5.857933154483459,2023,2.7734428473648185,0,5.5249828884325805
1259,P178253,CSC_RES_BENE_ENAB_ECO_OPP,0,no_progress,,,,0,economic_opportunity,UP-AGREES,India,IND,SAR,AGR,A,IPF,IBRD,2024-12-12,2030-09-30,0,0,0,LMC,1,1,0,325.101777,5.7841382933053795,2025,0.5475701574264202,1,5.798767967145791
1260,P178253,CSC_RES_FIN_SERV,0,no_progress,,,,0,financial_services,UP-AGREES,India,IND,SAR,AGR,A,IPF,IBRD,2024-12-12,2030-09-30,0,0,0,LMC,1,1,0,325.101777,5.7841382933053795,2025,0.5475701574264202,1,5.798767967145791
1261,P178253,CSC_RES_GEN_EQU,0,no_progress,,,,0,gender_equality,UP-AGREES,India,IND,SAR,AGR,A,IPF,IBRD,2024-12-12,2030-09-30,0,0,0,LMC,1,1,0,325.101777,5.7841382933053795,2025,0.5475701574264202,1,5.798767967145791
1262,P178254,CSC_RES_BENE_ENAB_ECO_OPP,0,no_progress,,,,0,economic_opportunity,KERA,India,IND,SAR,AGR,A,IPF,IBRD,2024-10-31,2029-11-30,0,0,0,LMC,1,1,0,200.0,5.298317366548036,2025,0.6625598904859685,1,5.08145106091718
1263,P178254,CSC_RES_GEN_EQU,0,no_progress,,,,0,gender_equality,KERA,India,IND,SAR,AGR,A,IPF,IBRD,2024-10-31,2029-11-30,0,0,0,LMC,1,1,0,200.0,5.298317366548036,2025,0.6625598904859685,1,5.08145106091718
1264,P178274,CSC_RES_FIN_SERV,0,no_progress,,,,0,financial_services,Green Finance Project,Türkiye,TUR,ECA,FCI,A,IPF,IBRD,2023-11-09,2029-12-31,0,0,0,UMC,1,1,0,155.0,5.043425116919247,2024,1.6399726214921286,0,6.143737166324435
1265,P178280,CSC_RES_BENE_ENAB_ECO_OPP,1,fixed_share,,,,0,economic_opportunity,Emergency Food Security Project,Afghanistan,AFG,MENAAP,AGR,A,IPF,RETF,2022-06-02,2027-12-31,1,1,0,LIC,1,1,0,95.0,4.553876891600541,2022,3.077344284736482,0,5.579739904175223
1266,P178280,CSC_RES_GEN_EQU,0,informative,1.0,0.9926710672369585,0.7328932763041474,1,gender_equality,Emergency Food Security Project,Afghanistan,AFG,MENAAP,AGR,A,IPF,RETF,2022-06-02,2027-12-31,1,1,0,LIC,1,1,0,95.0,4.553876891600541,2022,3.077344284736482,0,5.579739904175223
1267,P178347,CSC_RES_BENE_ENAB_ECO_OPP,1,fixed_share,,,,0,economic_opportunity,RY EEAP-II,"Yemen, Republic of",YEM,MENAAP,EAE,A,IPF,IDA,2022-06-30,2026-09-30,1,1,0,LIC,1,1,1,100.0,4.605170185988092,2022,3.0006844626967832,0,4.251882272416153
1268,P178347,CSC_RES_FIN_SERV,0,no_progress,,,,0,financial_services,RY EEAP-II,"Yemen, Republic of",YEM,MENAAP,EAE,A,IPF,IDA,2022-06-30,2026-09-30,1,1,0,LIC,1,1,1,100.0,4.605170185988092,2022,3.0006844626967832,0,4.251882272416153
1269,P178347,CSC_RES_GEN_EQU,0,identical_share,,,,0,gender_equality,RY EEAP-II,"Yemen, Republic of",YEM,MENAAP,EAE,A,IPF,IDA,2022-06-30,2026-09-30,1,1,0,LIC,1,1,1,100.0,4.605170185988092,2022,3.0006844626967832,0,4.251882272416153
1270,P178347,CSC_RES_WAT_SAN_HYG,1,fixed_share,,,,0,wash,RY EEAP-II,"Yemen, Republic of",YEM,MENAAP,EAE,A,IPF,IDA,2022-06-30,2026-09-30,1,1,0,LIC,1,1,1,100.0,4.605170185988092,2022,3.0006844626967832,0,4.251882272416153
1271,P178389,CSC_RES_BENE_ENAB_ECO_OPP,0,no_progress,,,,0,economic_opportunity,PASEA,"Congo, Democratic Republic of",COD,AFE,WAT,A,IPF,IDA,2023-06-09,2029-06-30,1,1,0,LIC,1,1,1,400.0,5.991464547107982,2023,2.0588637919233403,0,6.05886379192334
1272,P178389,CSC_RES_GEN_EQU,0,no_progress,,,,0,gender_equality,PASEA,"Congo, Democratic Republic of",COD,AFE,WAT,A,IPF,IDA,2023-06-09,2029-06-30,1,1,0,LIC,1,1,1,400.0,5.991464547107982,2023,2.0588637919233403,0,6.05886379192334
1273,P178389,CSC_RES_WAT_SAN_HYG,0,no_progress,,,,0,wash,PASEA,"Congo, Democratic Republic of",COD,AFE,WAT,A,IPF,IDA,2023-06-09,2029-06-30,1,1,0,LIC,1,1,1,400.0,5.991464547107982,2023,2.0588637919233403,0,6.05886379192334
1274,P178417,CSC_RES_WAT_SAN_HYG,0,no_progress,,,,0,wash,Cambodia WASAC,Cambodia,KHM,EAP,WAT,A,IPF,IDA,2023-11-21,2029-12-28,0,1,0,LMC,1,1,1,163.0,5.093750200806762,2024,1.6071184120465434,0,6.102669404517454
1275,P178417,CSC_RES_WAT_SAN_SAFE,0,no_progress,,,,0,wash,Cambodia WASAC,Cambodia,KHM,EAP,WAT,A,IPF,IDA,2023-11-21,2029-12-28,0,1,0,LMC,1,1,1,163.0,5.093750200806762,2024,1.6071184120465434,0,6.102669404517454
1276,P178481,CSC_RES_GEN_EQU,0,no_progress,,,,0,gender_equality,Second Recovery and Resilience DPC,Bangladesh,BGD,SAR,MTI,C,DPL,IDA,2024-06-21,2025-06-30,0,1,0,LMC,0,0,1,500.0,6.214608098422191,2024,1.0239561943874058,0,1.0239561943874058
1277,P178530,CSC_RES_GEN_EQU,0,women_only,,,,0,gender_equality,Sindh Health and Population Project,Pakistan,PAK,MENAAP,HNP,A,IPF,IDA,2022-12-19,2027-06-30,0,0,0,LMC,1,1,1,200.0,5.298317366548036,2023,2.529774127310062,0,4.528405201916495
1278,P178544,CSC_RES_BENE_ENAB_ECO_OPP,0,no_progress,,,,0,economic_opportunity,RMI PROPER,Marshall Islands,MHL,EAP,ENV,A,IPF,IDA,2023-05-10,2029-09-30,1,0,1,UMC,1,1,1,18.0,2.8903717578961645,2023,2.1409993155373033,0,6.392881587953457
1279,P178544,CSC_RES_GEN_EQU,0,no_progress,,,,0,gender_equality,RMI PROPER,Marshall Islands,MHL,EAP,ENV,A,IPF,IDA,2023-05-10,2029-09-30,1,0,1,UMC,1,1,1,18.0,2.8903717578961645,2023,2.1409993155373033,0,6.392881587953457
1280,P178545,CSC_RES_BENE_ENAB_ECO_OPP,0,no_progress,,,,0,economic_opportunity,CLEAR,Lao People's Democratic Republic,LAO,EAP,SOC,A,IPF,IDA,2023-06-15,2027-12-31,0,1,0,LMC,1,1,1,45.0,3.8066624897703196,2023,2.0424366872005475,0,4.544832306639288
1281,P178545,CSC_RES_GEN_EQU,0,no_progress,,,,0,gender_equality,CLEAR,Lao People's Democratic Republic,LAO,EAP,SOC,A,IPF,IDA,2023-06-15,2027-12-31,0,1,0,LMC,1,1,1,45.0,3.8066624897703196,2023,2.0424366872005475,0,4.544832306639288
1282,P178557,CSC_RES_BENE_ENAB_ECO_OPP,0,no_progress,,,,0,economic_opportunity,AMFRI Integrated Sustainable Mobility,Brazil,BRA,LCR,TDD,A,IPF,IBRD,2024-04-12,2031-11-30,0,0,0,UMC,1,1,0,90.0,4.499809670330265,2024,1.215605749486653,0,7.6331279945242985
1283,P178557,CSC_RES_GEN_EQU,0,no_progress,,,,0,gender_equality,AMFRI Integrated Sustainable Mobility,Brazil,BRA,LCR,TDD,A,IPF,IBRD,2024-04-12,2031-11-30,0,0,0,UMC,1,1,0,90.0,4.499809670330265,2024,1.215605749486653,0,7.6331279945242985
1284,P178570,CSC_RES_GEN_EQU,0,women_only,,,,0,gender_equality,Electricity Reform DPL 2,Dominican Republic,DOM,LCR,EAE,C,DPL,IBRD,2023-05-26,2024-06-28,0,0,1,UMC,0,0,0,400.0,5.991464547107982,2023,2.0971937029431897,0,1.0924024640657084
1285,P178573,CSC_RES_GEN_EQU,0,no_progress,,,,0,gender_equality,RIMGL,Guatemala,GTM,LCR,TDD,A,IPF,IBRD,2025-06-30,2032-12-31,0,0,0,UMC,1,1,0,400.0,5.991464547107982,2025,0.0,1,7.5044490075290895
1286,P178581,CSC_RES_BENE_ENAB_ECO_OPP,0,no_progress,,,,0,economic_opportunity,Assam Resilient Rural Bridges,India,IND,SAR,TDD,A,P4R,IBRD,2024-03-01,2030-06-28,0,0,0,LMC,1,1,0,452.0,6.113682179832232,2024,1.3305954825462012,0,6.324435318275154
1287,P178581,CSC_RES_GEN_EQU,0,no_progress,,,,0,gender_equality,Assam Resilient Rural Bridges,India,IND,SAR,TDD,A,P4R,IBRD,2024-03-01,2030-06-28,0,0,0,LMC,1,1,0,452.0,6.113682179832232,2024,1.3305954825462012,0,6.324435318275154
1288,P178582,CSC_RES_GEN_EQU,0,no_progress,,,,0,gender_equality,JM SPIRO,Jamaica,JAM,LCR,SPL,A,IPF,IBRD,2024-03-14,2030-01-31,0,0,1,UMC,1,1,0,20.0,2.995732273553991,2024,1.2950034223134839,0,5.883641341546886
1289,P178609,CSC_RES_BENE_ENAB_ECO_OPP,0,no_progress,,,,0,economic_opportunity,ARG: support Data infrastructure,Argentina,ARG,LCR,DDT,A,IPF,IBRD,2022-12-06,2028-01-31,0,0,0,UMC,1,1,0,130.0,4.867534450455582,2023,2.565366187542779,0,5.152635181382615
1290,P178609,CSC_RES_GEN_EQU,0,no_progress,,,,0,gender_equality,ARG: support Data infrastructure,Argentina,ARG,LCR,DDT,A,IPF,IBRD,2022-12-06,2028-01-31,0,0,0,UMC,1,1,0,130.0,4.867534450455582,2023,2.565366187542779,0,5.152635181382615
1291,P178635,CSC_RES_BENE_ENAB_ECO_OPP,0,women_only,,,,0,economic_opportunity,Bhutan Green and Resilient Growth DPC-2,Bhutan,BTN,SAR,MTI,C,DPL,IDA,2023-08-22,2024-06-30,0,0,0,LMC,0,0,1,50.0,3.912023005428146,2024,1.8562628336755647,0,0.8569472963723477
1292,P178635,CSC_RES_GEN_EQU,0,women_only,,,,0,gender_equality,Bhutan Green and Resilient Growth DPC-2,Bhutan,BTN,SAR,MTI,C,DPL,IDA,2023-08-22,2024-06-30,0,0,0,LMC,0,0,1,50.0,3.912023005428146,2024,1.8562628336755647,0,0.8569472963723477
1293,P178642,CSC_RES_BENE_ENAB_ECO_OPP,0,no_progress,,,,0,economic_opportunity,FOREST,"Congo, Democratic Republic of",COD,AFE,ENV,A,IPF,IDA,2023-06-02,2030-06-30,1,1,0,LIC,1,1,1,290.0,5.66988092298052,2023,2.078028747433265,0,7.077344284736482
1294,P178642,CSC_RES_GEN_EQU,0,no_progress,,,,0,gender_equality,FOREST,"Congo, Democratic Republic of",COD,AFE,ENV,A,IPF,IDA,2023-06-02,2030-06-30,1,1,0,LIC,1,1,1,290.0,5.66988092298052,2023,2.078028747433265,0,7.077344284736482
1295,P178653,CSC_RES_WAT_SAN_HYG,0,identical_share,,,,0,wash,Urban Water Security Program,Mozambique,MOZ,AFE,WAT,A,P4R,IDA,2023-09-28,2029-09-30,1,1,0,LIC,0,1,1,5.4965132599999995,1.704113938478154,2024,1.754962354551677,0,6.006844626967831
1296,P178654,CSC_RES_BENE_ENAB_ECO_OPP,0,no_progress,,,,0,economic_opportunity,Building Skills in South Sudan,South Sudan,SSD,AFE,EDU,A,IPF,IDA,2023-05-15,2028-06-30,1,1,0,LIC,1,1,1,89.0,4.48863636973214,2023,2.127310061601643,0,5.127994524298426
1297,P178654,CSC_RES_GEN_EQU,0,no_progress,,,,0,gender_equality,Building Skills in South Sudan,South Sudan,SSD,AFE,EDU,A,IPF,IDA,2023-05-15,2028-06-30,1,1,0,LIC,1,1,1,89.0,4.48863636973214,2023,2.127310061601643,0,5.127994524298426
1298,P178658,CSC_RES_BENE_ENAB_ECO_OPP,0,no_progress,,,,0,economic_opportunity,Access to Finance & Econ. Opportunities,Mozambique,MOZ,AFE,FCI,A,IPF,IDA,2023-03-30,2029-12-31,1,1,0,LIC,1,1,1,300.0,5.703782474656201,2023,2.2532511978097194,0,6.757015742642026
1299,P178658,CSC_RES_FIN_SERV,0,no_progress,,,,0,financial_services,Access to Finance & Econ. Opportunities,Mozambique,MOZ,AFE,FCI,A,IPF,IDA,2023-03-30,2029-12-31,1,1,0,LIC,1,1,1,300.0,5.703782474656201,2023,2.2532511978097194,0,6.757015742642026
1300,P178658,CSC_RES_GEN_EQU,0,no_progress,,,,0,gender_equality,Access to Finance & Econ. Opportunities,Mozambique,MOZ,AFE,FCI,A,IPF,IDA,2023-03-30,2029-12-31,1,1,0,LIC,1,1,1,300.0,5.703782474656201,2023,2.2532511978097194,0,6.757015742642026
1301,P178673,CSC_RES_WAT_SAN_HYG,0,no_progress,,,,0,wash,Senegal PISEA,Senegal,SEN,AFW,WAT,A,IPF,IDA,2024-06-21,2031-06-30,0,1,0,LMC,1,1,1,200.0,5.298317366548036,2024,1.0239561943874058,0,7.02258726899384
1302,P178694,CSC_RES_BENE_ENAB_ECO_OPP,0,no_progress,,,,0,economic_opportunity,Fiji Tourism Development in Vanua Levu,Fiji,FJI,EAP,TDD,A,IPF,IDA,2023-06-23,2029-06-30,0,0,1,UMC,1,1,1,61.5,4.119037174812473,2023,2.020533880903491,0,6.020533880903491
1303,P178694,CSC_RES_GEN_EQU,0,no_progress,,,,0,gender_equality,Fiji Tourism Development in Vanua Levu,Fiji,FJI,EAP,TDD,A,IPF,IDA,2023-06-23,2029-06-30,0,0,1,UMC,1,1,1,61.5,4.119037174812473,2023,2.020533880903491,0,6.020533880903491
1304,P178699,CSC_RES_BENE_ENAB_ECO_OPP,0,no_progress,,,,0,economic_opportunity,E KPENGBA,Central African Republic,CAF,AFW,SOC,A,IPF,IDA,2023-09-06,2028-08-31,1,1,0,LIC,1,1,1,90.0,4.499809670330265,2024,1.8151950718685832,0,4.985626283367557
1305,P178699,CSC_RES_GEN_EQU,0,no_progress,,,,0,gender_equality,E KPENGBA,Central African Republic,CAF,AFW,SOC,A,IPF,IDA,2023-09-06,2028-08-31,1,1,0,LIC,1,1,1,90.0,4.499809670330265,2024,1.8151950718685832,0,4.985626283367557
1306,P178715,CSC_RES_BENE_ENAB_ECO_OPP,1,fixed_share,,,,0,economic_opportunity,Climate Resilience and Agriculture Dev't,Albania,ALB,ECA,AGR,A,IPF,IBRD,2023-03-16,2028-09-30,0,0,0,UMC,1,1,0,70.0,4.248495242049359,2023,2.291581108829569,0,5.544147843942505
1307,P178715,CSC_RES_GEN_EQU,0,no_progress,,,,0,gender_equality,Climate Resilience and Agriculture Dev't,Albania,ALB,ECA,AGR,A,IPF,IBRD,2023-03-16,2028-09-30,0,0,0,UMC,1,1,0,70.0,4.248495242049359,2023,2.291581108829569,0,5.544147843942505
1308,P178720,CSC_RES_BENE_ENAB_ECO_OPP,0,no_progress,,,,0,economic_opportunity,ESTRIP,El Salvador,SLV,LCR,TDD,A,IPF,IBRD,2023-10-30,2029-12-28,0,0,0,UMC,1,1,0,270.0,5.598421958998375,2024,1.6673511293634498,0,6.16290212183436
1309,P178720,CSC_RES_GEN_EQU,0,no_progress,,,,0,gender_equality,ESTRIP,El Salvador,SLV,LCR,TDD,A,IPF,IBRD,2023-10-30,2029-12-28,0,0,0,UMC,1,1,0,270.0,5.598421958998375,2024,1.6673511293634498,0,6.16290212183436
1310,P178734,CSC_RES_WAT_SAN_HYG,0,no_progress,,,,0,wash,Water Sector Resilience Project,El Salvador,SLV,LCR,WAT,A,IPF,IBRD,2023-04-27,2029-11-30,0,0,0,UMC,1,1,0,100.0,4.605170185988092,2023,2.1765913757700206,0,6.595482546201232
1311,P178734,CSC_RES_WAT_SAN_SAFE,0,no_progress,,,,0,wash,Water Sector Resilience Project,El Salvador,SLV,LCR,WAT,A,IPF,IBRD,2023-04-27,2029-11-30,0,0,0,UMC,1,1,0,100.0,4.605170185988092,2023,2.1765913757700206,0,6.595482546201232
1312,P178758,CSC_RES_GEN_EQU,0,identical_share,,,,0,gender_equality,Education Emergency Response (EERA),Afghanistan,AFG,MENAAP,EDU,A,IPF,IDA,2022-09-08,2026-12-31,1,1,0,LIC,1,1,1,70.0,4.248495242049359,2023,2.809034907597536,0,4.312114989733059
1313,P178763,CSC_RES_WAT_SAN_HYG,1,fixed_share,,,,0,wash,Climate operation,Morocco,MAR,MENAAP,ENV,A,P4R,IBRD,2023-06-09,2028-06-30,0,0,0,LMC,0,1,0,350.0,5.857933154483459,2023,2.0588637919233403,0,5.059548254620124
1314,P178775,CSC_RES_BENE_ENAB_ECO_OPP,1,fixed_share,,,,0,economic_opportunity,Afghanistan Health Emergency Response,Afghanistan,AFG,MENAAP,HNP,A,IPF,IDA,2022-05-24,2027-05-31,1,1,0,LIC,1,1,1,160.0,5.075173815233827,2022,3.1019849418206706,0,5.018480492813142
1315,P178775,CSC_RES_GEN_EQU,0,women_only,,,,0,gender_equality,Afghanistan Health Emergency Response,Afghanistan,AFG,MENAAP,HNP,A,IPF,IDA,2022-05-24,2027-05-31,1,1,0,LIC,1,1,1,160.0,5.075173815233827,2022,3.1019849418206706,0,5.018480492813142
1316,P178775,CSC_RES_HEA_SERV,1,fixed_share,,,,0,health,Afghanistan Health Emergency Response,Afghanistan,AFG,MENAAP,HNP,A,IPF,IDA,2022-05-24,2027-05-31,1,1,0,LIC,1,1,1,160.0,5.075173815233827,2022,3.1019849418206706,0,5.018480492813142
1317,P178813,CSC_RES_BENE_ENAB_ECO_OPP,0,no_progress,,,,0,economic_opportunity,PAMOJA,Tanzania,TZA,AFE,SOC,A,IPF,IDA,2024-03-05,2029-02-28,0,1,0,LMC,1,1,1,100.0,4.605170185988092,2024,1.319644079397673,0,4.985626283367557
1318,P178813,CSC_RES_FIN_SERV,0,no_progress,,,,0,financial_services,PAMOJA,Tanzania,TZA,AFE,SOC,A,IPF,IDA,2024-03-05,2029-02-28,0,1,0,LMC,1,1,1,100.0,4.605170185988092,2024,1.319644079397673,0,4.985626283367557
1319,P178813,CSC_RES_GEN_EQU,1,fixed_share,,,,0,gender_equality,PAMOJA,Tanzania,TZA,AFE,SOC,A,IPF,IDA,2024-03-05,2029-02-28,0,1,0,LMC,1,1,1,100.0,4.605170185988092,2024,1.319644079397673,0,4.985626283367557
1320,P178831,CSC_RES_GEN_EQU,1,fixed_share,,,,0,gender_equality,Millati Solim Project,Tajikistan,TJK,ECA,HNP,A,IPF,IDA,2023-10-24,2028-12-31,0,0,0,LMC,1,1,1,40.0,3.6888794541139363,2024,1.6837782340862424,0,5.188227241615332
1321,P178835,CSC_RES_BENE_ENAB_ECO_OPP,0,no_progress,,,,0,economic_opportunity,Togo ASTRE,Togo,TGO,AFW,SPL,A,P4R,IDA,2023-06-23,2028-12-29,0,1,0,LIC,0,1,1,100.0,4.605170185988092,2023,2.020533880903491,0,5.519507186858316
1322,P178835,CSC_RES_FIN_SERV,0,no_progress,,,,0,financial_services,Togo ASTRE,Togo,TGO,AFW,SPL,A,P4R,IDA,2023-06-23,2028-12-29,0,1,0,LIC,0,1,1,100.0,4.605170185988092,2023,2.020533880903491,0,5.519507186858316
1323,P178835,CSC_RES_GEN_EQU,0,no_progress,,,,0,gender_equality,Togo ASTRE,Togo,TGO,AFW,SPL,A,P4R,IDA,2023-06-23,2028-12-29,0,1,0,LIC,0,1,1,100.0,4.605170185988092,2023,2.020533880903491,0,5.519507186858316
1324,P178861,CSC_RES_WAT_SAN_HYG,1,fixed_share,,,,0,wash,Resilient Water Management & Irrigation,Bolivia,BOL,LCR,WAT,A,IPF,IBRD,2024-02-20,2030-01-30,0,0,0,LMC,1,1,0,150.0,5.0106352940962555,2024,1.3579739904175223,0,5.943874058863792
1325,P178878,CSC_RES_BENE_ENAB_ECO_OPP,1,fixed_share,,,,0,economic_opportunity,TJ SPE project,Tajikistan,TJK,ECA,SPL,A,IPF,IDA,2023-03-24,2027-06-30,0,0,0,LMC,1,1,1,35.0,3.5553480614894135,2023,2.269678302532512,0,4.268309377138946
1326,P178878,CSC_RES_GEN_EQU,0,no_progress,,,,0,gender_equality,TJ SPE project,Tajikistan,TJK,ECA,SPL,A,IPF,IDA,2023-03-24,2027-06-30,0,0,0,LMC,1,1,1,35.0,3.5553480614894135,2023,2.269678302532512,0,4.268309377138946
1327,P178888,CSC_RES_BENE_ENAB_ECO_OPP,1,fixed_share,,,,0,economic_opportunity,Brazil Climate Finance Project,Brazil,BRA,LCR,FCI,A,IPF,IBRD,2022-12-22,2028-04-30,0,0,0,UMC,1,1,0,500.0,6.214608098422191,2023,2.521560574948665,0,5.3552361396303905
1328,P178888,CSC_RES_FIN_SERV,0,no_progress,,,,0,financial_services,Brazil Climate Finance Project,Brazil,BRA,LCR,FCI,A,IPF,IBRD,2022-12-22,2028-04-30,0,0,0,UMC,1,1,0,500.0,6.214608098422191,2023,2.521560574948665,0,5.3552361396303905
1329,P178888,CSC_RES_GEN_EQU,0,no_progress,,,,0,gender_equality,Brazil Climate Finance Project,Brazil,BRA,LCR,FCI,A,IPF,IBRD,2022-12-22,2028-04-30,0,0,0,UMC,1,1,0,500.0,6.214608098422191,2023,2.521560574948665,0,5.3552361396303905
1330,P178910,CSC_RES_GEN_EQU,0,women_only,,,,0,gender_equality,Morocco Higher Education,Morocco,MAR,MENAAP,EDU,A,P4R,IBRD,2023-12-14,2029-04-30,0,0,0,LMC,1,1,0,300.0,5.703782474656201,2024,1.5441478439425051,0,5.377138945927447
1331,P178954,CSC_RES_WAT_SAN_HYG,1,fixed_share,,,,0,wash,Water and Sanitation Project,Malawi,MWI,AFE,WAT,A,IPF,IDA,2023-03-23,2029-03-31,0,1,0,LIC,1,1,1,145.0,4.976733742420574,2023,2.272416153319644,0,6.023271731690623
1332,P178957,CSC_RES_HEA_SERV,0,informative,0.7211683626810796,0.7288062472044048,-0.7637884523325145,1,health,Lao HANSA2,Lao People's Democratic Republic,LAO,EAP,HNP,A,IPF,IDA,2024-02-21,2029-06-30,0,1,0,LMC,1,1,1,39.0,3.6635616461296463,2024,1.3552361396303902,0,5.3552361396303905
1333,P178973,CSC_RES_BENE_ENAB_ECO_OPP,0,no_progress,,,,0,economic_opportunity,Social Protection Project,Sri Lanka,LKA,SAR,SPL,A,IPF,IDA,2023-06-28,2027-09-30,0,0,0,LMC,1,1,1,200.0,5.298317366548036,2023,2.00684462696783,0,4.257357973990418
1334,P178973,CSC_RES_GEN_EQU,1,fixed_share,,,,0,gender_equality,Social Protection Project,Sri Lanka,LKA,SAR,SPL,A,IPF,IDA,2023-06-28,2027-09-30,0,0,0,LMC,1,1,1,200.0,5.298317366548036,2023,2.00684462696783,0,4.257357973990418
1335,P178986,CSC_RES_FIN_SERV,0,no_progress,,,,0,financial_services,Africa GRIHD-Facility,Eastern and Southern Africa,,AFE,FCI,A,IPF,IDA,2025-04-01,2030-07-03,0,0,0,Unknown,1,1,1,95.0,4.553876891600541,2025,0.2464065708418891,1,5.253935660506502
1336,P178992,CSC_RES_BENE_ENAB_ECO_OPP,0,no_progress,,,,0,economic_opportunity,DJI  - SPE Crisis Response Project,Djibouti,DJI,MENAAP,SPL,C,IPF,IDA,2022-06-27,2025-09-30,0,1,0,LMC,1,0,1,30.0,3.4011973816621555,2022,3.0088980150581794,0,3.260780287474333
1337,P178992,CSC_RES_FIN_SERV,0,informative,0.25499793595565257,0.2,5.499793595565255,1,financial_services,DJI  - SPE Crisis Response Project,Djibouti,DJI,MENAAP,SPL,C,IPF,IDA,2022-06-27,2025-09-30,0,1,0,LMC,1,0,1,30.0,3.4011973816621555,2022,3.0088980150581794,0,3.260780287474333
1338,P178992,CSC_RES_GEN_EQU,0,no_progress,,,,0,gender_equality,DJI  - SPE Crisis Response Project,Djibouti,DJI,MENAAP,SPL,C,IPF,IDA,2022-06-27,2025-09-30,0,1,0,LMC,1,0,1,30.0,3.4011973816621555,2022,3.0088980150581794,0,3.260780287474333
1339,P178996,CSC_RES_BENE_ENAB_ECO_OPP,0,no_progress,,,,0,economic_opportunity,SMART,Bangladesh,BGD,SAR,ENV,A,IPF,IDA,2023-04-27,2028-12-31,0,1,0,LMC,1,1,1,250.0,5.521460917862246,2023,2.1765913757700206,0,5.68104038329911
1340,P178996,CSC_RES_FIN_SERV,0,identical_share,,,,0,financial_services,SMART,Bangladesh,BGD,SAR,ENV,A,IPF,IDA,2023-04-27,2028-12-31,0,1,0,LMC,1,1,1,250.0,5.521460917862246,2023,2.1765913757700206,0,5.68104038329911
1341,P178996,CSC_RES_GEN_EQU,0,no_progress,,,,0,gender_equality,SMART,Bangladesh,BGD,SAR,ENV,A,IPF,IDA,2023-04-27,2028-12-31,0,1,0,LMC,1,1,1,250.0,5.521460917862246,2023,2.1765913757700206,0,5.68104038329911
1342,P179012,CSC_RES_WAT_SAN_HYG,0,no_progress,,,,0,wash,Kenya WASH Program,Kenya,KEN,AFE,WAT,A,P4R,IDA,2023-12-20,2030-06-30,0,0,0,LMC,1,1,1,250.0,5.521460917862246,2024,1.5277207392197125,0,6.52703627652293
1343,P179017,CSC_RES_WAT_SAN_HYG,1,fixed_share,,,,0,wash,PEAG,Guinea,GIN,AFW,WAT,A,IPF,IDA,2025-04-04,2031-09-30,0,1,0,LMC,1,1,1,200.0,5.298317366548036,2025,0.23819301848049282,1,6.48870636550308
1344,P179017,CSC_RES_WAT_SAN_SAFE,0,no_progress,,,,0,wash,PEAG,Guinea,GIN,AFW,WAT,A,IPF,IDA,2025-04-04,2031-09-30,0,1,0,LMC,1,1,1,200.0,5.298317366548036,2025,0.23819301848049282,1,6.48870636550308
1345,P179024,CSC_RES_BENE_ENAB_ECO_OPP,0,women_only,,,,0,economic_opportunity,Strengthening SP system in Kyrgyz Rep.,Kyrgyz Republic,KGZ,ECA,SPL,A,IPF,IDA,2022-09-06,2027-04-30,0,0,0,LMC,1,1,1,30.0,3.4011973816621555,2023,2.8145106091718,0,4.646132785763176
1346,P179024,CSC_RES_GEN_EQU,1,fixed_share,,,,0,gender_equality,Strengthening SP system in Kyrgyz Rep.,Kyrgyz Republic,KGZ,ECA,SPL,A,IPF,IDA,2022-09-06,2027-04-30,0,0,0,LMC,1,1,1,30.0,3.4011973816621555,2023,2.8145106091718,0,4.646132785763176
1347,P179039,CSC_RES_WAT_SAN_HYG,0,identical_share,,,,0,wash,Karnataka Rural Water Supply Program,India,IND,SAR,WAT,A,P4R,IBRD,2023-03-28,2028-06-01,0,0,0,LMC,0,1,0,363.0,5.8944028342648505,2023,2.2587268993839835,0,5.1800136892539355
1348,P179039,CSC_RES_WAT_SAN_SAFE,1,fixed_share,,,,0,wash,Karnataka Rural Water Supply Program,India,IND,SAR,WAT,A,P4R,IBRD,2023-03-28,2028-06-01,0,0,0,LMC,0,1,0,363.0,5.8944028342648505,2023,2.2587268993839835,0,5.1800136892539355
1349,P179067,CSC_RES_WAT_SAN_HYG,0,no_progress,,,,0,wash,SXM: WASTEWATER MANAGEMENT PROJECT,St Maarten,SXM,LCR,WAT,A,IPF,RETF,2024-08-08,2028-06-30,0,0,0,HIC,1,1,0,10.0,2.302585092994046,2025,0.892539356605065,1,3.893223819301848
1350,P179067,CSC_RES_WAT_SAN_SAFE,1,fixed_share,,,,0,wash,SXM: WASTEWATER MANAGEMENT PROJECT,St Maarten,SXM,LCR,WAT,A,IPF,RETF,2024-08-08,2028-06-30,0,0,0,HIC,1,1,0,10.0,2.302585092994046,2025,0.892539356605065,1,3.893223819301848
1351,P179086,CSC_RES_GEN_EQU,0,women_only,,,,0,gender_equality,MDA Emergency Response DPO2,Moldova,MDA,ECA,MTI,C,DPL,IBRD,2023-05-25,2024-05-24,0,0,0,UMC,0,0,0,100.0,4.605170185988092,2023,2.099931553730322,0,0.999315537303217
1352,P179108,CSC_RES_BENE_ENAB_ECO_OPP,0,no_progress,,,,0,economic_opportunity,Digital Uzbekistan,Uzbekistan,UZB,ECA,DDT,A,IPF,IDA,2023-11-27,2030-01-31,0,0,0,LMC,1,1,1,50.0,3.912023005428146,2024,1.5906913073237507,0,6.179329226557153
1353,P179108,CSC_RES_GEN_EQU,0,no_progress,,,,0,gender_equality,Digital Uzbekistan,Uzbekistan,UZB,ECA,DDT,A,IPF,IDA,2023-11-27,2030-01-31,0,0,0,LMC,1,1,1,50.0,3.912023005428146,2024,1.5906913073237507,0,6.179329226557153
1354,P179117,CSC_RES_WAT_SAN_HYG,0,no_progress,,,,0,wash,CH Water PforR,Chile,CHL,LCR,WAT,A,P4R,IBRD,2024-06-10,2028-12-31,0,0,0,HIC,0,1,0,250.0,5.521460917862246,2024,1.054072553045859,0,4.558521560574949
1355,P179117,CSC_RES_WAT_SAN_SAFE,1,fixed_share,,,,0,wash,CH Water PforR,Chile,CHL,LCR,WAT,A,P4R,IBRD,2024-06-10,2028-12-31,0,0,0,HIC,0,1,0,250.0,5.521460917862246,2024,1.054072553045859,0,4.558521560574949
1356,P179138,CSC_RES_BENE_ENAB_ECO_OPP,0,no_progress,,,,0,economic_opportunity,Digital Togo,Togo,TGO,AFW,DDT,A,IPF,IDA,2024-12-18,2030-01-31,0,1,0,LIC,1,1,1,100.0,4.605170185988092,2025,0.5311430527036276,1,5.119780971937029
1357,P179138,CSC_RES_GEN_EQU,0,no_progress,,,,0,gender_equality,Digital Togo,Togo,TGO,AFW,DDT,A,IPF,IDA,2024-12-18,2030-01-31,0,1,0,LIC,1,1,1,100.0,4.605170185988092,2025,0.5311430527036276,1,5.119780971937029
1358,P179189,CSC_RES_WAT_SAN_HYG,0,no_progress,,,,0,wash,Tamil Nadu Resilient Urban Dev. Program,India,IND,SAR,URS,A,P4R,IBRD,2023-12-21,2030-12-31,0,0,0,LMC,1,1,0,300.0,5.703782474656201,2024,1.5249828884325805,0,7.028062970568104
1359,P179210,CSC_RES_GEN_EQU,0,no_progress,,,,0,gender_equality,OECS- Skills and Innovation Project,Grenada,GRD,LCR,EDU,A,IPF,IDA,2024-01-11,2030-01-08,0,0,1,UMC,1,1,1,36.0,3.58351893845611,2024,1.4674880219028064,0,5.993155373032169
1360,P179211,CSC_RES_BENE_ENAB_ECO_OPP,0,no_progress,,,,0,economic_opportunity,Ndoye Project,Central African Republic,CAF,AFW,SPL,A,IPF,IDA,2024-05-23,2030-06-30,1,1,0,LIC,1,1,1,52.0,3.9512437185814275,2024,1.103353867214237,0,6.102669404517454
1361,P179211,CSC_RES_GEN_EQU,0,no_progress,,,,0,gender_equality,Ndoye Project,Central African Republic,CAF,AFW,SPL,A,IPF,IDA,2024-05-23,2030-06-30,1,1,0,LIC,1,1,1,52.0,3.9512437185814275,2024,1.103353867214237,0,6.102669404517454
1362,P179217,CSC_RES_BENE_ENAB_ECO_OPP,0,no_progress,,,,0,economic_opportunity,Land Management Infrastructure,Türkiye,TUR,ECA,URS,A,IPF,IBRD,2023-05-23,2028-12-31,0,0,0,UMC,1,1,0,85.44,4.447814375211885,2023,2.105407255304586,0,5.6098562628336754
1363,P179217,CSC_RES_GEN_EQU,0,no_progress,,,,0,gender_equality,Land Management Infrastructure,Türkiye,TUR,ECA,URS,A,IPF,IBRD,2023-05-23,2028-12-31,0,0,0,UMC,1,1,0,85.44,4.447814375211885,2023,2.105407255304586,0,5.6098562628336754
1364,P179227,CSC_RES_BENE_ENAB_ECO_OPP,0,no_progress,,,,0,economic_opportunity,BWSPIP,Pakistan,PAK,MENAAP,WAT,A,IPF,IDA,2025-06-24,2031-12-31,0,0,0,LMC,1,1,1,94.0,4.543294782270004,2025,0.01642710472279261,1,6.5188227241615335
1365,P179227,CSC_RES_GEN_EQU,0,no_progress,,,,0,gender_equality,BWSPIP,Pakistan,PAK,MENAAP,WAT,A,IPF,IDA,2025-06-24,2031-12-31,0,0,0,LMC,1,1,1,94.0,4.543294782270004,2025,0.01642710472279261,1,6.5188227241615335
1366,P179227,CSC_RES_WAT_SAN_HYG,0,no_progress,,,,0,wash,BWSPIP,Pakistan,PAK,MENAAP,WAT,A,IPF,IDA,2025-06-24,2031-12-31,0,0,0,LMC,1,1,1,94.0,4.543294782270004,2025,0.01642710472279261,1,6.5188227241615335
1367,P179238,CSC_RES_BENE_ENAB_ECO_OPP,0,no_progress,,,,0,economic_opportunity,ProAGRI,Chad,TCD,AFW,AGR,A,IPF,IDA,2024-04-25,2030-07-31,1,1,0,LIC,1,1,1,150.0,5.0106352940962555,2024,1.1800136892539357,0,6.264202600958248
1368,P179238,CSC_RES_GEN_EQU,0,no_progress,,,,0,gender_equality,ProAGRI,Chad,TCD,AFW,AGR,A,IPF,IDA,2024-04-25,2030-07-31,1,1,0,LIC,1,1,1,150.0,5.0106352940962555,2024,1.1800136892539357,0,6.264202600958248
1369,P179242,CSC_RES_BENE_ENAB_ECO_OPP,1,fixed_share,,,,0,economic_opportunity,TransFORM (SWIOFish5),Maldives,MDV,SAR,ENV,A,IPF,IDA,2023-05-16,2030-12-31,0,0,1,UMC,1,1,1,64.8,4.1713056033582285,2023,2.1245722108145104,0,7.627652292950034
1370,P179242,CSC_RES_GEN_EQU,0,no_progress,,,,0,gender_equality,TransFORM (SWIOFish5),Maldives,MDV,SAR,ENV,A,IPF,IDA,2023-05-16,2030-12-31,0,0,1,UMC,1,1,1,64.8,4.1713056033582285,2023,2.1245722108145104,0,7.627652292950034
1371,P179276,CSC_RES_BENE_ENAB_ECO_OPP,0,no_progress,,,,0,economic_opportunity,LAMP,Niger,NER,AFW,AGR,A,IPF,IDA,2024-06-28,2029-09-28,1,1,0,LIC,1,1,1,350.0,5.857933154483459,2024,1.0047912388774811,0,5.25119780971937
1372,P179276,CSC_RES_GEN_EQU,0,no_progress,,,,0,gender_equality,LAMP,Niger,NER,AFW,AGR,A,IPF,IDA,2024-06-28,2029-09-28,1,1,0,LIC,1,1,1,350.0,5.857933154483459,2024,1.0047912388774811,0,5.25119780971937
1373,P179284,CSC_RES_BENE_ENAB_ECO_OPP,0,no_progress,,,,0,economic_opportunity,CRRCIP,Lao People's Democratic Republic,LAO,EAP,TDD,A,IPF,IDA,2024-09-30,2030-08-30,0,1,0,LMC,1,1,1,56.0,4.02535169073515,2025,0.7474332648870636,1,5.9137577002053385
1374,P179284,CSC_RES_GEN_EQU,0,no_progress,,,,0,gender_equality,CRRCIP,Lao People's Democratic Republic,LAO,EAP,TDD,A,IPF,IDA,2024-09-30,2030-08-30,0,1,0,LMC,1,1,1,56.0,4.02535169073515,2025,0.7474332648870636,1,5.9137577002053385
1375,P179286,CSC_RES_BENE_ENAB_ECO_OPP,1,fixed_share,,,,0,economic_opportunity,MCGP,Maldives,MDV,SAR,FCI,A,IPF,IDA,2023-05-12,2028-06-30,0,0,1,UMC,1,1,1,15.0,2.70805020110221,2023,2.135523613963039,0,5.136208076659822
1376,P179286,CSC_RES_FIN_SERV,0,no_progress,,,,0,financial_services,MCGP,Maldives,MDV,SAR,FCI,A,IPF,IDA,2023-05-12,2028-06-30,0,0,1,UMC,1,1,1,15.0,2.70805020110221,2023,2.135523613963039,0,5.136208076659822
1377,P179286,CSC_RES_FIN_SERV_WOM_CUS,0,no_progress,,,,0,financial_services,MCGP,Maldives,MDV,SAR,FCI,A,IPF,IDA,2023-05-12,2028-06-30,0,0,1,UMC,1,1,1,15.0,2.70805020110221,2023,2.135523613963039,0,5.136208076659822
1378,P179286,CSC_RES_GEN_EQU,0,no_progress,,,,0,gender_equality,MCGP,Maldives,MDV,SAR,FCI,A,IPF,IDA,2023-05-12,2028-06-30,0,0,1,UMC,1,1,1,15.0,2.70805020110221,2023,2.135523613963039,0,5.136208076659822
1379,P179291,CSC_RES_FIN_SERV,0,identical_share,,,,0,financial_services,Shock responsive social protection,Comoros,COM,AFE,SPL,A,IPF,IDA,2022-12-22,2027-06-30,1,1,1,LMC,1,1,1,30.0,3.4011973816621555,2023,2.521560574948665,0,4.520191649555099
1380,P179293,CSC_RES_BENE_ENAB_ECO_OPP,0,no_progress,,,,0,economic_opportunity,EAGER,Mozambique,MOZ,AFE,SPL,A,IPF,IDA,2023-09-28,2029-06-30,1,1,0,LIC,1,1,1,784.0,6.664409020350408,2024,1.754962354551677,0,5.754962354551677
1381,P179293,CSC_RES_GEN_EQU,1,fixed_share,,,,0,gender_equality,EAGER,Mozambique,MOZ,AFE,SPL,A,IPF,IDA,2023-09-28,2029-06-30,1,1,0,LIC,1,1,1,784.0,6.664409020350408,2024,1.754962354551677,0,5.754962354551677
1382,P179294,CSC_RES_GEN_EQU,0,no_progress,,,,0,gender_equality,Togo's Sustainable and Inclusive DPF1,Togo,TGO,AFW,MTI,C,DPL,IDA,2023-09-06,2024-10-20,0,1,0,LIC,0,0,1,150.0,5.0106352940962555,2024,1.8151950718685832,0,1.1225188227241616
1383,P179311,CSC_RES_WAT_SAN_HYG,0,no_progress,,,,0,wash,WERP,Afghanistan,AFG,MENAAP,WAT,A,IPF,RETF,2023-06-28,2026-12-31,1,1,0,LIC,1,1,0,100.0,4.605170185988092,2023,2.00684462696783,0,3.509924709103354
1384,P179311,CSC_RES_WAT_SAN_SAFE,0,no_progress,,,,0,wash,WERP,Afghanistan,AFG,MENAAP,WAT,A,IPF,RETF,2023-06-28,2026-12-31,1,1,0,LIC,1,1,0,100.0,4.605170185988092,2023,2.00684462696783,0,3.509924709103354
1385,P179337,CSC_RES_GEN_EQU,0,women_only,,,,0,gender_equality,Assam ASSIST,India,IND,SAR,HNP,A,IPF,IBRD,2023-06-26,2029-11-30,0,0,0,LMC,1,1,0,251.03,5.52557245390196,2023,2.0123203285420943,0,6.431211498973306
1386,P179345,CSC_RES_BENE_ENAB_ECO_OPP,1,fixed_share,,,,0,economic_opportunity,Türkiye Climate Resilient Forests,Türkiye,TUR,ECA,ENV,A,IPF,IBRD,2023-06-15,2029-01-31,0,0,0,UMC,1,1,0,400.0,5.991464547107982,2023,2.0424366872005475,0,5.631759069130732
1387,P179345,CSC_RES_GEN_EQU,0,identical_share,,,,0,gender_equality,Türkiye Climate Resilient Forests,Türkiye,TUR,ECA,ENV,A,IPF,IBRD,2023-06-15,2029-01-31,0,0,0,UMC,1,1,0,400.0,5.991464547107982,2023,2.0424366872005475,0,5.631759069130732
1388,P179365,CSC_RES_GEN_EQU,0,no_progress,,,,0,gender_equality,Bolsa Familia 4,Brazil,BRA,LCR,SPL,A,IPF,IBRD,2023-12-06,2026-04-30,0,0,0,UMC,1,1,0,300.0,5.703782474656201,2024,1.566050650239562,0,2.3983572895277208
1389,P179367,CSC_RES_FIN_SERV,0,no_progress,,,,0,financial_services,Uruguay DPL,Uruguay,URY,LCR,ENV,A,DPL,IBRD,2023-11-16,2025-11-30,0,0,0,HIC,0,1,0,350.0,5.857933154483459,2024,1.620807665982204,0,2.0396988364134154
1390,P179380,CSC_RES_BENE_ENAB_ECO_OPP,0,no_progress,,,,0,economic_opportunity,NEAT Program,Zambia,ZMB,AFE,EAE,A,P4R,IDA,2024-03-14,2026-12-30,0,1,0,LMC,0,1,1,100.0,4.605170185988092,2024,1.2950034223134839,0,2.7953456536618755
1391,P179380,CSC_RES_GEN_EQU,0,no_progress,,,,0,gender_equality,NEAT Program,Zambia,ZMB,AFE,EAE,A,P4R,IDA,2024-03-14,2026-12-30,0,1,0,LMC,0,1,1,100.0,4.605170185988092,2024,1.2950034223134839,0,2.7953456536618755
1392,P179381,CSC_RES_BENE_ENAB_ECO_OPP,0,no_progress,,,,0,economic_opportunity,KJET,Kenya,KEN,AFE,FCI,A,IPF,IDA,2023-12-11,2028-12-31,0,0,0,LMC,1,1,1,150.0,5.0106352940962555,2024,1.5523613963039014,0,5.0568104038329915
1393,P179381,CSC_RES_FIN_SERV,0,no_progress,,,,0,financial_services,KJET,Kenya,KEN,AFE,FCI,A,IPF,IDA,2023-12-11,2028-12-31,0,0,0,LMC,1,1,1,150.0,5.0106352940962555,2024,1.5523613963039014,0,5.0568104038329915
1394,P179381,CSC_RES_GEN_EQU,0,no_progress,,,,0,gender_equality,KJET,Kenya,KEN,AFE,FCI,A,IPF,IDA,2023-12-11,2028-12-31,0,0,0,LMC,1,1,1,150.0,5.0106352940962555,2024,1.5523613963039014,0,5.0568104038329915
1395,P179383,CSC_RES_GEN_EQU,0,no_progress,,,,0,gender_equality,DREAM 1,Mauritania,MRT,AFW,EAE,A,IPF,IDA,2025-03-27,2030-06-30,0,1,0,LMC,1,1,1,82.5,4.412798293340635,2025,0.2600958247775496,1,5.259411362080766
1396,P179397,CSC_RES_GEN_EQU,0,no_progress,,,,0,gender_equality,Uganda Learning Acceleration Program,Uganda,UGA,AFE,EDU,A,P4R,IDA,2025-06-04,2030-06-30,0,1,0,LIC,1,1,1,210.0,5.3471075307174685,2025,0.07118412046543464,1,5.070499657768652
1397,P179507,CSC_RES_FIN_SERV,0,no_progress,,,,0,financial_services,ZATP-II,Zambia,ZMB,AFE,FCI,A,IPF,IDA,2023-06-16,2028-12-15,0,1,0,LMC,1,1,1,170.0,5.135798437050262,2023,2.0396988364134154,0,5.500342231348392
1398,P179509,CSC_RES_GEN_EQU,1,fixed_share,,,,0,gender_equality,Human Capital Project,Guinea-Bissau,GNB,AFW,HNP,A,IPF,IDA,2025-01-09,2030-02-28,1,1,1,LIC,1,1,1,20.0,2.995732273553991,2025,0.47091033538672145,1,5.136208076659822
1399,P179513,CSC_RES_GEN_EQU,0,no_progress,,,,0,gender_equality,Angola Second Green Growth DPF,Angola,AGO,AFE,MTI,A,DPL,IBRD,2024-09-30,2026-12-31,0,1,0,LMC,0,1,0,500.0,6.214608098422191,2025,0.7474332648870636,1,2.2505133470225873
1400,P179519,CSC_RES_BENE_ENAB_ECO_OPP,0,no_progress,,,,0,economic_opportunity,CEGEB,Guyana,GUY,LCR,EAE,A,IPF,IDA,2025-02-28,2031-06-30,0,0,1,HIC,1,1,1,104.0,4.6443908991413725,2025,0.33401779603011633,1,6.33264887063655
1401,P179519,CSC_RES_GEN_EQU,0,no_progress,,,,0,gender_equality,CEGEB,Guyana,GUY,LCR,EAE,A,IPF,IDA,2025-02-28,2031-06-30,0,0,1,HIC,1,1,1,104.0,4.6443908991413725,2025,0.33401779603011633,1,6.33264887063655
1402,P179520,CSC_RES_BENE_ENAB_ECO_OPP,0,no_progress,,,,0,economic_opportunity,BZ BRIES (BESS),Belize,BLZ,LCR,EAE,A,IPF,IBRD,2025-01-13,2030-12-31,0,0,1,UMC,1,1,0,50.0,3.912023005428146,2025,0.459958932238193,1,5.963039014373717
1403,P179520,CSC_RES_GEN_EQU,0,no_progress,,,,0,gender_equality,BZ BRIES (BESS),Belize,BLZ,LCR,EAE,A,IPF,IBRD,2025-01-13,2030-12-31,0,0,1,UMC,1,1,0,50.0,3.912023005428146,2025,0.459958932238193,1,5.963039014373717
1404,P179550,CSC_RES_GEN_EQU,1,fixed_share,,,,0,gender_equality,CIV Human Capital Project,Cote d'Ivoire,CIV,AFW,HNP,A,IPF,IDA,2023-06-30,2028-06-30,0,0,0,LMC,1,1,1,279.0,5.631211781821365,2023,2.001368925393566,0,5.002053388090349
1405,P179550,CSC_RES_HEA_SERV,0,informative,0.4781672874387305,0.600000047329515,-12.183275989078446,1,health,CIV Human Capital Project,Cote d'Ivoire,CIV,AFW,HNP,A,IPF,IDA,2023-06-30,2028-06-30,0,0,0,LMC,1,1,1,279.0,5.631211781821365,2023,2.001368925393566,0,5.002053388090349
1406,P179558,CSC_RES_GEN_EQU,0,no_progress,,,,0,gender_equality,INAYA Elargi,Mauritania,MRT,AFW,HNP,A,IPF,IDA,2024-03-21,2029-06-30,0,1,0,LMC,1,1,1,52.3,3.9569963710708773,2024,1.2758384668035592,0,5.27583846680356
1407,P179558,CSC_RES_HEA_SERV,0,informative,0.13443223733695006,0.5000000025222222,-36.556776518527215,1,health,INAYA Elargi,Mauritania,MRT,AFW,HNP,A,IPF,IDA,2024-03-21,2029-06-30,0,1,0,LMC,1,1,1,52.3,3.9569963710708773,2024,1.2758384668035592,0,5.27583846680356
1408,P179592,CSC_RES_GEN_EQU,0,no_progress,,,,0,gender_equality,"TL Health (""HARI'I"") Project",Timor-Leste,TLS,EAP,HNP,C,IPF,IDA,2023-03-24,2024-09-24,1,1,1,LMC,1,0,1,0.0,-2.3025850929940455,2023,2.269678302532512,0,1.5058179329226558
1409,P179609,CSC_RES_FIN_SERV,0,identical_share,,,,0,financial_services,DPG 13,West Bank and Gaza,PSE,MENAAP,MTI,C,DPL,SPF,2023-03-17,2024-12-31,1,0,0,LMC,0,0,0,62.15452,4.129623542584947,2023,2.2888432580424367,0,1.7932922655715264
1410,P179631,CSC_RES_BENE_ENAB_ECO_OPP,0,no_progress,,,,0,economic_opportunity,ASCENT Tanzania,Tanzania,TZA,AFE,EAE,A,P4R,IDA,2023-11-28,2028-12-31,0,1,0,LMC,0,1,1,300.0,5.703782474656201,2024,1.5879534565366187,0,5.092402464065708
1411,P179631,CSC_RES_GEN_EQU,0,no_progress,,,,0,gender_equality,ASCENT Tanzania,Tanzania,TZA,AFE,EAE,A,P4R,IDA,2023-11-28,2028-12-31,0,1,0,LMC,0,1,1,300.0,5.703782474656201,2024,1.5879534565366187,0,5.092402464065708
1412,P179636,CSC_RES_WAT_SAN_HYG,1,fixed_share,,,,0,wash,Habitat 2,Argentina,ARG,LCR,URS,A,IPF,IBRD,2023-02-24,2028-07-31,0,0,0,UMC,1,1,0,150.0,5.0106352940962555,2023,2.346338124572211,0,5.431895961670089
1413,P179656,CSC_RES_BENE_ENAB_ECO_OPP,0,no_progress,,,,0,economic_opportunity,Kosovo ECEC,Kosovo,XKX,ECA,EDU,A,IPF,IDA,2024-05-14,2029-06-30,0,0,0,UMC,1,1,1,20.0,2.995732273553991,2024,1.1279945242984257,0,5.127994524298426
1414,P179656,CSC_RES_GEN_EQU,0,no_progress,,,,0,gender_equality,Kosovo ECEC,Kosovo,XKX,ECA,EDU,A,IPF,IDA,2024-05-14,2029-06-30,0,0,0,UMC,1,1,1,20.0,2.995732273553991,2024,1.1279945242984257,0,5.127994524298426
1415,P179665,CSC_RES_BENE_ENAB_ECO_OPP,0,women_only,,,,0,economic_opportunity,Egypt TKP Expansion and System Building,"Egypt, Arab Republic of",EGY,MENAAP,SPL,A,IPF,IBRD,2022-12-22,2026-12-31,0,0,0,LMC,1,1,0,500.0,6.214608098422191,2023,2.521560574948665,0,4.024640657084189
1416,P179665,CSC_RES_GEN_EQU,0,women_only,,,,0,gender_equality,Egypt TKP Expansion and System Building,"Egypt, Arab Republic of",EGY,MENAAP,SPL,A,IPF,IBRD,2022-12-22,2026-12-31,0,0,0,LMC,1,1,0,500.0,6.214608098422191,2023,2.521560574948665,0,4.024640657084189
1417,P179687,CSC_RES_BENE_ENAB_ECO_OPP,0,no_progress,,,,0,economic_opportunity,DARES,Nigeria,NGA,AFW,EAE,A,IPF,IDA,2023-12-14,2028-12-31,1,0,0,LMC,1,1,1,750.0,6.620073206530356,2024,1.5441478439425051,0,5.048596851471594
1418,P179687,CSC_RES_GEN_EQU,0,no_progress,,,,0,gender_equality,DARES,Nigeria,NGA,AFW,EAE,A,IPF,IDA,2023-12-14,2028-12-31,1,0,0,LMC,1,1,1,750.0,6.620073206530356,2024,1.5441478439425051,0,5.048596851471594
1419,P179703,CSC_RES_BENE_ENAB_ECO_OPP,1,fixed_share,,,,0,economic_opportunity,Railway Sector Modernization Phase 2,Serbia,SRB,ECA,TDD,A,IPF,IBRD,2024-08-13,2029-06-30,0,0,0,UMC,1,1,0,65.0,4.174387269895637,2025,0.8788501026694046,1,4.878850102669404
1420,P179703,CSC_RES_GEN_EQU,0,no_progress,,,,0,gender_equality,Railway Sector Modernization Phase 2,Serbia,SRB,ECA,TDD,A,IPF,IBRD,2024-08-13,2029-06-30,0,0,0,UMC,1,1,0,65.0,4.174387269895637,2025,0.8788501026694046,1,4.878850102669404
1421,P179820,CSC_RES_GEN_EQU,0,no_progress,,,,0,gender_equality,Tuvalu DPF1 with a Cat DDO,Tuvalu,TUV,EAP,MTI,A,DPL,IDA,2023-09-22,2026-10-30,1,1,1,UMC,0,1,1,11.5,2.4423470353692043,2024,1.7713894592744694,0,3.1047227926078027
1422,P179829,CSC_RES_BENE_ENAB_ECO_OPP,0,no_progress,,,,0,economic_opportunity,Jobs/Skills Dev,El Salvador,SLV,LCR,SPL,A,IPF,IBRD,2023-11-28,2028-12-31,0,0,0,UMC,1,1,0,150.0,5.0106352940962555,2024,1.5879534565366187,0,5.092402464065708
1423,P179829,CSC_RES_FIN_SERV,0,no_progress,,,,0,financial_services,Jobs/Skills Dev,El Salvador,SLV,LCR,SPL,A,IPF,IBRD,2023-11-28,2028-12-31,0,0,0,UMC,1,1,0,150.0,5.0106352940962555,2024,1.5879534565366187,0,5.092402464065708
1424,P179829,CSC_RES_GEN_EQU,0,no_progress,,,,0,gender_equality,Jobs/Skills Dev,El Salvador,SLV,LCR,SPL,A,IPF,IBRD,2023-11-28,2028-12-31,0,0,0,UMC,1,1,0,150.0,5.0106352940962555,2024,1.5879534565366187,0,5.092402464065708
1425,P179849,CSC_RES_BENE_ENAB_ECO_OPP,0,no_progress,,,,0,economic_opportunity,ARMENIA DPO2,Armenia,ARM,ECA,MTI,C,DPL,IBRD,2024-04-24,2025-03-31,0,0,0,UMC,0,0,0,100.0,4.605170185988092,2024,1.1827515400410678,0,0.9336071184120466
1426,P179849,CSC_RES_GEN_EQU,0,no_progress,,,,0,gender_equality,ARMENIA DPO2,Armenia,ARM,ECA,MTI,C,DPL,IBRD,2024-04-24,2025-03-31,0,0,0,UMC,0,0,0,100.0,4.605170185988092,2024,1.1827515400410678,0,0.9336071184120466
1427,P179904,CSC_RES_GEN_EQU,1,fixed_share,,,,0,gender_equality,NUSAF IV,Uganda,UGA,AFE,SPL,A,IPF,IDA,2025-04-01,2031-12-31,0,1,0,LIC,1,1,1,250.0,5.521460917862246,2025,0.2464065708418891,1,6.74880219028063
1428,P179923,CSC_RES_BENE_ENAB_ECO_OPP,1,fixed_share,,,,0,economic_opportunity,SINAFO,Peru,PER,LCR,SPL,A,IPF,IBRD,2024-08-09,2029-12-31,0,0,0,UMC,1,1,0,55.0,4.007333185232471,2025,0.8898015058179329,1,5.393566050650239
1429,P179923,CSC_RES_GEN_EQU,0,no_progress,,,,0,gender_equality,SINAFO,Peru,PER,LCR,SPL,A,IPF,IBRD,2024-08-09,2029-12-31,0,0,0,UMC,1,1,0,55.0,4.007333185232471,2025,0.8898015058179329,1,5.393566050650239
1430,P179944,CSC_RES_GEN_EQU,0,women_only,,,,0,gender_equality,Kosovo Development Policy Financing,Kosovo,XKX,ECA,MTI,A,DPL,IDA,2024-03-18,2026-03-18,0,0,0,UMC,0,1,1,100.0,4.605170185988092,2024,1.2840520191649556,0,1.998631074606434
1431,P179981,CSC_RES_BENE_ENAB_ECO_OPP,0,women_only,,,,0,economic_opportunity,Sindh Flood Emergency Project,Pakistan,PAK,MENAAP,URS,A,IPF,IDA,2022-12-19,2028-06-30,0,0,0,LMC,1,1,1,650.0,6.476972362889683,2023,2.529774127310062,0,5.530458590006845
1432,P179981,CSC_RES_GEN_EQU,0,women_only,,,,0,gender_equality,Sindh Flood Emergency Project,Pakistan,PAK,MENAAP,URS,A,IPF,IDA,2022-12-19,2028-06-30,0,0,0,LMC,1,1,1,650.0,6.476972362889683,2023,2.529774127310062,0,5.530458590006845
1433,P180000,CSC_RES_BENE_ENAB_ECO_OPP,0,no_progress,,,,0,economic_opportunity,Digital Chad,Chad,TCD,AFW,DDT,A,IPF,IDA,2024-09-25,2029-04-30,1,1,0,LIC,1,1,1,92.2,4.523960130562548,2025,0.7611225188227242,1,4.594113620807666
1434,P180000,CSC_RES_FIN_SERV,0,no_progress,,,,0,financial_services,Digital Chad,Chad,TCD,AFW,DDT,A,IPF,IDA,2024-09-25,2029-04-30,1,1,0,LIC,1,1,1,92.2,4.523960130562548,2025,0.7611225188227242,1,4.594113620807666
1435,P180000,CSC_RES_GEN_EQU,0,no_progress,,,,0,gender_equality,Digital Chad,Chad,TCD,AFW,DDT,A,IPF,IDA,2024-09-25,2029-04-30,1,1,0,LIC,1,1,1,92.2,4.523960130562548,2025,0.7611225188227242,1,4.594113620807666
1436,P180008,CSC_RES_BENE_ENAB_ECO_OPP,0,women_only,,,,0,economic_opportunity,PK Flood Housing Reconstruction Project,Pakistan,PAK,MENAAP,URS,A,IPF,IDA,2022-12-19,2028-06-30,0,0,0,LMC,1,1,1,950.0,6.856461984594587,2023,2.529774127310062,0,5.530458590006845
1437,P180008,CSC_RES_FIN_SERV,0,informative,0.29549517604125114,0.3,-0.4504823958748849,1,financial_services,PK Flood Housing Reconstruction Project,Pakistan,PAK,MENAAP,URS,A,IPF,IDA,2022-12-19,2028-06-30,0,0,0,LMC,1,1,1,950.0,6.856461984594587,2023,2.529774127310062,0,5.530458590006845
1438,P180008,CSC_RES_GEN_EQU,0,women_only,,,,0,gender_equality,PK Flood Housing Reconstruction Project,Pakistan,PAK,MENAAP,URS,A,IPF,IDA,2022-12-19,2028-06-30,0,0,0,LMC,1,1,1,950.0,6.856461984594587,2023,2.529774127310062,0,5.530458590006845
1439,P180008,CSC_RES_WAT_SAN_HYG,0,no_progress,,,,0,wash,PK Flood Housing Reconstruction Project,Pakistan,PAK,MENAAP,URS,A,IPF,IDA,2022-12-19,2028-06-30,0,0,0,LMC,1,1,1,950.0,6.856461984594587,2023,2.529774127310062,0,5.530458590006845
1440,P180060,CSC_RES_BENE_ENAB_ECO_OPP,1,fixed_share,,,,0,economic_opportunity,Ghana Tree Crop Project,Ghana,GHA,AFW,AGR,A,IPF,IDA,2023-06-23,2029-12-14,0,0,0,LMC,1,1,1,200.0,5.298317366548036,2023,2.020533880903491,0,6.477754962354552
1441,P180060,CSC_RES_GEN_EQU,0,no_progress,,,,0,gender_equality,Ghana Tree Crop Project,Ghana,GHA,AFW,AGR,A,IPF,IDA,2023-06-23,2029-12-14,0,0,0,LMC,1,1,1,200.0,5.298317366548036,2023,2.020533880903491,0,6.477754962354552
1442,P180076,CSC_RES_GEN_EQU,1,fixed_share,,,,0,gender_equality,LLRP II,Ethiopia,ETH,AFE,AGR,A,IPF,IDA,2024-03-22,2029-06-30,1,1,0,Unknown,1,1,1,340.0,5.8289456176102075,2024,1.273100616016427,0,5.2731006160164275
1443,P180153,CSC_RES_BENE_ENAB_ECO_OPP,1,fixed_share,,,,0,economic_opportunity,MRCP,Moldova,MDA,ECA,TDD,A,IPF,IBRD,2024-04-29,2029-06-30,0,0,0,UMC,1,1,0,105.98,4.663250397064616,2024,1.1690622861054072,0,5.169062286105407
1444,P180153,CSC_RES_GEN_EQU,0,no_progress,,,,0,gender_equality,MRCP,Moldova,MDA,ECA,TDD,A,IPF,IBRD,2024-04-29,2029-06-30,0,0,0,UMC,1,1,0,105.98,4.663250397064616,2024,1.1690622861054072,0,5.169062286105407
1445,P180163,CSC_RES_GEN_EQU,0,no_progress,,,,0,gender_equality,DR - Emergency and Resilience Project,Dominican Republic,DOM,LCR,URS,A,IPF,IBRD,2023-01-23,2028-01-24,0,0,1,UMC,1,1,0,200.0,5.298317366548036,2023,2.433949349760438,0,5.002053388090349
1446,P180173,CSC_RES_FIN_SERV,0,no_progress,,,,0,financial_services,SoGreen,Türkiye,TUR,ECA,ENV,A,IPF,IBRD,2024-03-28,2031-12-31,0,0,0,UMC,1,1,0,400.0,5.991464547107982,2024,1.2566735112936345,0,7.759069130732375
1447,P180220,CSC_RES_WAT_SAN_HYG,1,fixed_share,,,,0,wash,Community Benefit Sharing Project 2,Solomon Islands,SLB,EAP,SOC,A,IPF,IDA,2023-09-22,2028-12-29,1,1,1,LMC,1,1,1,5.0,1.6094379124341003,2024,1.7713894592744694,0,5.270362765229295
1448,P180231,CSC_RES_GEN_EQU,0,women_only,,,,0,gender_equality,Emergency Essential Health Services,Malawi,MWI,AFE,GOV,C,IPF,IDA,2022-12-21,2025-06-30,0,1,0,LIC,1,0,1,100.0,4.605170185988092,2023,2.524298425735797,0,2.524298425735797
1449,P180242,CSC_RES_FIN_SERV,0,no_progress,,,,0,financial_services,PCGF Strengthening Project,Ukraine,UKR,ECA,FCI,A,IPF,RETF,2023-07-28,2026-06-30,1,0,0,UMC,1,1,0,10.893,2.3881203811003084,2024,1.9247091033538672,0,2.924024640657084
1450,P180245,CSC_RES_GEN_EQU,1,fixed_share,,,,0,gender_equality,HEAL Ukraine,Ukraine,UKR,ECA,HNP,A,IPF,IBRD,2022-12-20,2026-12-23,1,0,0,UMC,1,1,0,103.5,4.639571612705423,2023,2.5270362765229293,0,4.008213552361396
1451,P180253,CSC_RES_GEN_EQU,1,fixed_share,,,,0,gender_equality,SP in Chile,Chile,CHL,LCR,SPL,A,P4R,IBRD,2025-05-22,2028-12-31,0,0,0,HIC,0,1,0,150.0,5.0106352940962555,2025,0.10677618069815195,1,3.6112251882272415
1452,P180260,CSC_RES_GEN_EQU,0,no_progress,,,,0,gender_equality,RELANCE,Chad,TCD,AFW,EDU,A,IPF,IDA,2025-03-21,2030-09-30,1,1,0,LIC,1,1,1,80.5,4.388257184424518,2025,0.27652292950034224,1,5.5277207392197125
1453,P180283,CSC_RES_GEN_EQU,1,fixed_share,,,,0,gender_equality,Health Sector Program,Bangladesh,BGD,SAR,HNP,A,P4R,IDA,2024-12-19,2029-06-30,0,1,0,LMC,0,1,1,379.0,5.937536205082426,2025,0.5284052019164955,1,4.528405201916495
1454,P180291,CSC_RES_BENE_ENAB_ECO_OPP,0,no_progress,,,,0,economic_opportunity,JPCDG,Jordan,JOR,MENAAP,GOV,A,P4R,IBRD,2024-03-26,2028-06-30,0,0,0,LMC,0,1,0,321.0,5.771441123130016,2024,1.2621492128678986,0,4.262833675564682
1455,P180291,CSC_RES_GEN_EQU,0,no_progress,,,,0,gender_equality,JPCDG,Jordan,JOR,MENAAP,GOV,A,P4R,IBRD,2024-03-26,2028-06-30,0,0,0,LMC,0,1,0,321.0,5.771441123130016,2024,1.2621492128678986,0,4.262833675564682
1456,P180321,CSC_RES_WAT_SAN_HYG,1,fixed_share,,,,0,wash,SEWASH,Cameroon,CMR,AFW,WAT,A,IPF,IDA,2025-05-07,2030-12-31,1,0,0,LMC,1,1,1,200.0,5.298317366548036,2025,0.14784394250513347,1,5.650924024640657
1457,P180321,CSC_RES_WAT_SAN_SAFE,0,no_progress,,,,0,wash,SEWASH,Cameroon,CMR,AFW,WAT,A,IPF,IDA,2025-05-07,2030-12-31,1,0,0,LMC,1,1,1,200.0,5.298317366548036,2025,0.14784394250513347,1,5.650924024640657
1458,P180323,CSC_RES_BENE_ENAB_ECO_OPP,0,women_only,,,,0,economic_opportunity,IFRAP,Pakistan,PAK,MENAAP,WAT,A,IPF,IDA,2023-05-25,2028-12-31,0,0,0,LMC,1,1,1,245.0,5.501258210544727,2023,2.099931553730322,0,5.604380561259411
1459,P180323,CSC_RES_GEN_EQU,0,women_only,,,,0,gender_equality,IFRAP,Pakistan,PAK,MENAAP,WAT,A,IPF,IDA,2023-05-25,2028-12-31,0,0,0,LMC,1,1,1,245.0,5.501258210544727,2023,2.099931553730322,0,5.604380561259411
1460,P180334,CSC_RES_BENE_ENAB_ECO_OPP,0,no_progress,,,,0,economic_opportunity,GATE Lebanon,Lebanon,LBN,MENAAP,AGR,A,IPF,IBRD,2023-06-28,2028-12-31,1,0,0,LMC,1,1,0,200.0,5.298317366548036,2023,2.00684462696783,0,5.51129363449692
1461,P180334,CSC_RES_GEN_EQU,0,no_progress,,,,0,gender_equality,GATE Lebanon,Lebanon,LBN,MENAAP,AGR,A,IPF,IBRD,2023-06-28,2028-12-31,1,0,0,LMC,1,1,0,200.0,5.298317366548036,2023,2.00684462696783,0,5.51129363449692
1462,P180334,CSC_RES_WAT_SAN_HYG,0,no_progress,,,,0,wash,GATE Lebanon,Lebanon,LBN,MENAAP,AGR,A,IPF,IBRD,2023-06-28,2028-12-31,1,0,0,LMC,1,1,0,200.0,5.298317366548036,2023,2.00684462696783,0,5.51129363449692
1463,P180361,CSC_RES_BENE_ENAB_ECO_OPP,0,no_progress,,,,0,economic_opportunity,EC Inclusive and Resilient Housing & UD,Ecuador,ECU,LCR,URS,A,IPF,IBRD,2023-10-05,2029-03-13,0,0,0,UMC,1,1,0,200.0,5.298317366548036,2024,1.7357973990417521,0,5.437371663244353
1464,P180361,CSC_RES_GEN_EQU,0,no_progress,,,,0,gender_equality,EC Inclusive and Resilient Housing & UD,Ecuador,ECU,LCR,URS,A,IPF,IBRD,2023-10-05,2029-03-13,0,0,0,UMC,1,1,0,200.0,5.298317366548036,2024,1.7357973990417521,0,5.437371663244353
1465,P180379,CSC_RES_FIN_SERV,0,no_progress,,,,0,financial_services,PRDP Scale-up,Philippines,PHL,EAP,AGR,A,IPF,IBRD,2023-06-29,2029-06-30,0,0,0,LMC,1,1,0,600.0,6.396929655216146,2023,2.004106776180698,0,6.0041067761806985
1466,P180398,CSC_RES_GEN_EQU,1,fixed_share,,,,0,gender_equality,Rep. of Congo Third Programmatic DPF,"Congo, Republic of",COG,AFW,MTI,A,DPL,IBRD,2025-06-20,2026-12-31,1,0,0,LMC,0,1,0,80.0,4.382026634673881,2025,0.02737850787132101,1,1.5304585900068446
1467,P180409,CSC_RES_BENE_ENAB_ECO_OPP,0,no_progress,,,,0,economic_opportunity,GIVE Project,Bosnia and Herzegovina,BIH,ECA,URS,A,IPF,IBRD,2024-05-15,2030-01-31,0,0,0,UMC,1,1,0,24.9,3.214867803470662,2024,1.1252566735112937,0,5.713894592744696
1468,P180409,CSC_RES_GEN_EQU,0,no_progress,,,,0,gender_equality,GIVE Project,Bosnia and Herzegovina,BIH,ECA,URS,A,IPF,IBRD,2024-05-15,2030-01-31,0,0,0,UMC,1,1,0,24.9,3.214867803470662,2024,1.1252566735112937,0,5.713894592744696
1469,P180429,CSC_RES_FIN_SERV,0,no_progress,,,,0,financial_services,Bahia que Alimenta,Brazil,BRA,LCR,AGR,A,IPF,IBRD,2024-11-07,2030-10-30,0,0,0,UMC,1,1,0,100.0,4.605170185988092,2025,0.6433949349760438,1,5.976728268309377
1470,P180429,CSC_RES_WAT_SAN_HYG,0,no_progress,,,,0,wash,Bahia que Alimenta,Brazil,BRA,LCR,AGR,A,IPF,IBRD,2024-11-07,2030-10-30,0,0,0,UMC,1,1,0,100.0,4.605170185988092,2025,0.6433949349760438,1,5.976728268309377
1471,P180429,CSC_RES_WAT_SAN_SAFE,0,no_progress,,,,0,wash,Bahia que Alimenta,Brazil,BRA,LCR,AGR,A,IPF,IBRD,2024-11-07,2030-10-30,0,0,0,UMC,1,1,0,100.0,4.605170185988092,2025,0.6433949349760438,1,5.976728268309377
1472,P180430,CSC_RES_WAT_SAN_HYG,0,no_progress,,,,0,wash,Pernambuco Rural Water and Sanitation,Brazil,BRA,LCR,WAT,A,IPF,IBRD,2024-05-17,2032-07-14,0,0,0,UMC,1,1,0,90.0,4.499809670330265,2024,1.1197809719370295,0,8.158795345653662
1473,P180430,CSC_RES_WAT_SAN_SAFE,1,fixed_share,,,,0,wash,Pernambuco Rural Water and Sanitation,Brazil,BRA,LCR,WAT,A,IPF,IBRD,2024-05-17,2032-07-14,0,0,0,UMC,1,1,0,90.0,4.499809670330265,2024,1.1197809719370295,0,8.158795345653662
1474,P180462,CSC_RES_BENE_ENAB_ECO_OPP,0,no_progress,,,,0,economic_opportunity,Digital Espirito Santo,Brazil,BRA,LCR,DDT,A,IPF,IBRD,2024-05-17,2029-06-30,0,0,0,UMC,1,1,0,61.216,4.114408593257842,2024,1.1197809719370295,0,5.119780971937029
1475,P180462,CSC_RES_GEN_EQU,0,no_progress,,,,0,gender_equality,Digital Espirito Santo,Brazil,BRA,LCR,DDT,A,IPF,IBRD,2024-05-17,2029-06-30,0,0,0,UMC,1,1,0,61.216,4.114408593257842,2024,1.1197809719370295,0,5.119780971937029
1476,P180495,CSC_RES_BENE_ENAB_ECO_OPP,0,no_progress,,,,0,economic_opportunity,Digital DRC Project,"Congo, Democratic Republic of",COD,AFE,DDT,A,IPF,IDA,2024-06-27,2029-12-31,1,1,0,LIC,1,1,1,400.0,5.991464547107982,2024,1.0075290896646132,0,5.51129363449692
1477,P180495,CSC_RES_GEN_EQU,0,no_progress,,,,0,gender_equality,Digital DRC Project,"Congo, Democratic Republic of",COD,AFE,DDT,A,IPF,IDA,2024-06-27,2029-12-31,1,1,0,LIC,1,1,1,400.0,5.991464547107982,2024,1.0075290896646132,0,5.51129363449692
1478,P180497,CSC_RES_GEN_EQU,0,no_progress,,,,0,gender_equality,BR State of Ceará DPF,Brazil,BRA,LCR,MTI,A,DPL,IBRD,2024-03-28,2025-12-31,0,0,0,UMC,0,1,0,479.09916665,6.171907604480341,2024,1.2566735112936345,0,1.7604380561259412
1479,P180508,CSC_RES_BENE_ENAB_ECO_OPP,0,women_only,,,,0,economic_opportunity,Enhancing Women Economic Opportunities,Jordan,JOR,MENAAP,SPL,A,P4R,IBRD,2024-03-26,2028-06-30,0,0,0,LMC,1,1,0,221.0,5.3981627015177525,2024,1.2621492128678986,0,4.262833675564682
1480,P180508,CSC_RES_GEN_EQU,1,fixed_share,,,,0,gender_equality,Enhancing Women Economic Opportunities,Jordan,JOR,MENAAP,SPL,A,P4R,IBRD,2024-03-26,2028-06-30,0,0,0,LMC,1,1,0,221.0,5.3981627015177525,2024,1.2621492128678986,0,4.262833675564682
1481,P180534,CSC_RES_HEA_SERV,1,fixed_share,,,,0,health,COL Access Effective Care & Resilience,Colombia,COL,LCR,HNP,A,P4R,IBRD,2024-02-13,2026-06-30,0,0,0,UMC,0,1,0,300.0,5.703782474656201,2024,1.377138945927447,0,2.3764544832306638
1482,P180539,CSC_RES_GEN_EQU,1,fixed_share,,,,0,gender_equality,Health System Performance and Resilience,Burkina Faso,BFA,AFW,HNP,A,IPF,IDA,2025-01-24,2030-01-31,1,1,0,LIC,1,1,1,150.0,5.0106352940962555,2025,0.42984257357973993,1,5.018480492813142
1483,P180544,CSC_RES_GEN_EQU,0,no_progress,,,,0,gender_equality,BiH Second Health Sectors DPL,Bosnia and Herzegovina,BIH,ECA,MTI,A,DPL,IBRD,2025-01-29,2026-06-30,0,0,0,UMC,0,1,0,75.0,4.31748811353631,2025,0.4161533196440794,1,1.4154688569472964
1484,P180549,CSC_RES_GEN_EQU,0,no_progress,,,,0,gender_equality,SRI LANKA RESET DPO2,Sri Lanka,LKA,SAR,MTI,C,DPL,IDA,2024-09-11,2025-09-30,0,0,0,LMC,0,0,1,200.0,5.298317366548036,2025,0.7994524298425736,1,1.051334702258727
1485,P180555,CSC_RES_BENE_ENAB_ECO_OPP,0,no_progress,,,,0,economic_opportunity,BR Pro-Roads BA,Brazil,BRA,LCR,TDD,A,IPF,IBRD,2024-09-10,2032-11-30,0,0,0,UMC,1,1,0,150.0,5.0106352940962555,2025,0.8021902806297057,1,8.2217659137577
1486,P180555,CSC_RES_GEN_EQU,0,no_progress,,,,0,gender_equality,BR Pro-Roads BA,Brazil,BRA,LCR,TDD,A,IPF,IBRD,2024-09-10,2032-11-30,0,0,0,UMC,1,1,0,150.0,5.0106352940962555,2025,0.8021902806297057,1,8.2217659137577
1487,P180580,CSC_RES_BENE_ENAB_ECO_OPP,1,fixed_share,,,,0,economic_opportunity,SATPro,Togo,TGO,AFW,AGR,A,P4R,IDA,2025-06-11,2029-12-31,0,1,0,LIC,1,1,1,150.2,5.011967739330034,2025,0.05201916495550993,1,4.555783709787817
1488,P180580,CSC_RES_GEN_EQU,0,no_progress,,,,0,gender_equality,SATPro,Togo,TGO,AFW,AGR,A,P4R,IDA,2025-06-11,2029-12-31,0,1,0,LIC,1,1,1,150.2,5.011967739330034,2025,0.05201916495550993,1,4.555783709787817
1489,P180631,CSC_RES_GEN_EQU,0,women_only,,,,0,gender_equality,Human Resources for Health,Angola,AGO,AFE,HNP,A,IPF,IBRD,2023-06-22,2028-12-31,0,1,0,LMC,1,1,0,200.0,5.298317366548036,2023,2.023271731690623,0,5.5277207392197125
1490,P180640,CSC_RES_BENE_ENAB_ECO_OPP,0,no_progress,,,,0,economic_opportunity,RAAMP-SU,Nigeria,NGA,AFW,TDD,A,IPF,IDA,2024-12-13,2030-12-31,1,0,0,LMC,1,1,1,500.0,6.214608098422191,2025,0.5448323066392882,1,6.047912388774812
1491,P180640,CSC_RES_GEN_EQU,0,no_progress,,,,0,gender_equality,RAAMP-SU,Nigeria,NGA,AFW,TDD,A,IPF,IDA,2024-12-13,2030-12-31,1,0,0,LMC,1,1,1,500.0,6.214608098422191,2025,0.5448323066392882,1,6.047912388774812
1492,P180674,CSC_RES_BENE_ENAB_ECO_OPP,1,fixed_share,,,,0,economic_opportunity,TuSRAP,Tuvalu,TUV,EAP,TDD,A,IPF,IDA,2023-05-19,2027-09-30,1,1,1,UMC,1,1,1,23.0,3.1354942159291497,2023,2.116358658453114,0,4.3668720054757015
1493,P180674,CSC_RES_GEN_EQU,0,identical_share,,,,0,gender_equality,TuSRAP,Tuvalu,TUV,EAP,TDD,A,IPF,IDA,2023-05-19,2027-09-30,1,1,1,UMC,1,1,1,23.0,3.1354942159291497,2023,2.116358658453114,0,4.3668720054757015
1494,P180679,CSC_RES_BENE_ENAB_ECO_OPP,0,no_progress,,,,0,economic_opportunity,Second Resilience and Green DPL,Albania,ALB,ECA,MTI,A,DPL,IBRD,2025-02-12,2026-12-31,0,0,0,UMC,0,1,0,120.0,4.787491742782046,2025,0.37782340862423,1,1.8809034907597535
1495,P180679,CSC_RES_GEN_EQU,0,no_progress,,,,0,gender_equality,Second Resilience and Green DPL,Albania,ALB,ECA,MTI,A,DPL,IBRD,2025-02-12,2026-12-31,0,0,0,UMC,0,1,0,120.0,4.787491742782046,2025,0.37782340862423,1,1.8809034907597535
1496,P180693,CSC_RES_BENE_ENAB_ECO_OPP,0,no_progress,,,,0,economic_opportunity,Angola Digital Acceleration Project,Angola,AGO,AFE,DDT,A,IPF,IBRD,2024-06-27,2030-03-31,0,1,0,LMC,1,1,0,300.0,5.703782474656201,2024,1.0075290896646132,0,5.757700205338809
1497,P180693,CSC_RES_GEN_EQU,0,no_progress,,,,0,gender_equality,Angola Digital Acceleration Project,Angola,AGO,AFE,DDT,A,IPF,IBRD,2024-06-27,2030-03-31,0,1,0,LMC,1,1,0,300.0,5.703782474656201,2024,1.0075290896646132,0,5.757700205338809
1498,P180707,CSC_RES_GEN_EQU,1,fixed_share,,,,0,gender_equality,CCSDP,Pakistan,PAK,MENAAP,SPL,A,IPF,IDA,2023-07-06,2026-06-30,0,0,0,LMC,1,1,1,46.0,3.828641396489095,2024,1.9849418206707734,0,2.9842573579739904
1499,P180708,CSC_RES_BENE_ENAB_ECO_OPP,0,no_progress,,,,0,economic_opportunity,YFMIIP,"Yemen, Republic of",YEM,MENAAP,FCI,A,IPF,IDA,2025-06-17,2030-06-30,1,1,0,LIC,1,1,1,20.0,2.995732273553991,2025,0.03559206023271732,1,5.034907597535934
1500,P180708,CSC_RES_FIN_SERV,0,no_progress,,,,0,financial_services,YFMIIP,"Yemen, Republic of",YEM,MENAAP,FCI,A,IPF,IDA,2025-06-17,2030-06-30,1,1,0,LIC,1,1,1,20.0,2.995732273553991,2025,0.03559206023271732,1,5.034907597535934
1501,P180708,CSC_RES_GEN_EQU,0,no_progress,,,,0,gender_equality,YFMIIP,"Yemen, Republic of",YEM,MENAAP,FCI,A,IPF,IDA,2025-06-17,2030-06-30,1,1,0,LIC,1,1,1,20.0,2.995732273553991,2025,0.03559206023271732,1,5.034907597535934
1502,P180732,CSC_RES_BENE_ENAB_ECO_OPP,0,women_only,,,,0,economic_opportunity,Ukraine ARISE Project,Ukraine,UKR,ECA,AGR,A,IPF,IBRD,2023-10-30,2028-09-30,1,0,0,UMC,1,1,0,230.0,5.438079308923196,2024,1.6673511293634498,0,4.919917864476386
1503,P180732,CSC_RES_FIN_SERV,0,informative,0.22616302186878728,0.35,-12.38369781312127,1,financial_services,Ukraine ARISE Project,Ukraine,UKR,ECA,AGR,A,IPF,IBRD,2023-10-30,2028-09-30,1,0,0,UMC,1,1,0,230.0,5.438079308923196,2024,1.6673511293634498,0,4.919917864476386
1504,P180732,CSC_RES_GEN_EQU,0,women_only,,,,0,gender_equality,Ukraine ARISE Project,Ukraine,UKR,ECA,AGR,A,IPF,IBRD,2023-10-30,2028-09-30,1,0,0,UMC,1,1,0,230.0,5.438079308923196,2024,1.6673511293634498,0,4.919917864476386
1505,P180749,CSC_RES_BENE_ENAB_ECO_OPP,0,no_progress,,,,0,economic_opportunity,Second Cambodia DPF,Cambodia,KHM,EAP,MTI,C,DPL,IDA,2024-06-20,2025-06-30,0,1,0,LMC,0,0,1,275.0,5.616771097666572,2024,1.0266940451745379,0,1.0266940451745379
1506,P180749,CSC_RES_GEN_EQU,0,no_progress,,,,0,gender_equality,Second Cambodia DPF,Cambodia,KHM,EAP,MTI,C,DPL,IDA,2024-06-20,2025-06-30,0,1,0,LMC,0,0,1,275.0,5.616771097666572,2024,1.0266940451745379,0,1.0266940451745379
1507,P180781,CSC_RES_GEN_EQU,1,fixed_share,,,,0,gender_equality,TPPHEP,Türkiye,TUR,ECA,HNP,A,IPF,IBRD,2024-12-05,2029-10-31,0,0,0,UMC,1,1,0,250.0,5.521460917862246,2025,0.5667351129363449,1,4.903490759753593
1508,P180801,CSC_RES_BENE_ENAB_ECO_OPP,0,no_progress,,,,0,economic_opportunity,TRACER,Zambia,ZMB,AFE,TDD,A,IPF,IDA,2024-02-20,2030-02-27,0,1,0,LMC,1,1,1,270.0,5.598421958998375,2024,1.3579739904175223,0,6.020533880903491
1509,P180801,CSC_RES_GEN_EQU,0,no_progress,,,,0,gender_equality,TRACER,Zambia,ZMB,AFE,TDD,A,IPF,IDA,2024-02-20,2030-02-27,0,1,0,LMC,1,1,1,270.0,5.598421958998375,2024,1.3579739904175223,0,6.020533880903491
1510,P180807,CSC_RES_BENE_ENAB_ECO_OPP,0,no_progress,,,,0,economic_opportunity,DCRS,Samoa,WSM,EAP,DDT,A,IPF,IDA,2024-10-18,2029-10-30,0,0,1,UMC,1,1,1,20.05,2.998229153752578,2025,0.6981519507186859,1,5.032169746748802
1511,P180807,CSC_RES_GEN_EQU,0,no_progress,,,,0,gender_equality,DCRS,Samoa,WSM,EAP,DDT,A,IPF,IDA,2024-10-18,2029-10-30,0,0,1,UMC,1,1,1,20.05,2.998229153752578,2025,0.6981519507186859,1,5.032169746748802
1512,P180811,CSC_RES_HEA_SERV,1,fixed_share,,,,0,health,ID HSS Project,Indonesia,IDN,EAP,HNP,A,IPF,IBRD,2023-12-08,2029-06-30,0,0,0,UMC,1,1,0,1484.0,7.302496423727326,2024,1.5605749486652978,0,5.560574948665297
1513,P180831,CSC_RES_BENE_ENAB_ECO_OPP,0,no_progress,,,,0,economic_opportunity,RREIIF (SOP 1),St. Vincent and the Grenadines,VCT,LCR,EAE,A,IPF,IDA,2025-04-17,2032-12-31,0,0,1,UMC,1,1,1,90.0,4.499809670330265,2025,0.2026009582477755,1,7.707049965776865
1514,P180831,CSC_RES_GEN_EQU,1,fixed_share,,,,0,gender_equality,RREIIF (SOP 1),St. Vincent and the Grenadines,VCT,LCR,EAE,A,IPF,IDA,2025-04-17,2032-12-31,0,0,1,UMC,1,1,1,90.0,4.499809670330265,2025,0.2026009582477755,1,7.707049965776865
1515,P180860,CSC_RES_BENE_ENAB_ECO_OPP,0,no_progress,,,,0,economic_opportunity,ILASP Project,Indonesia,IDN,EAP,URS,A,IPF,IBRD,2024-09-30,2029-11-30,0,0,0,UMC,1,1,0,653.0,6.481577129276431,2025,0.7474332648870636,1,5.166324435318275
1516,P180860,CSC_RES_GEN_EQU,0,no_progress,,,,0,gender_equality,ILASP Project,Indonesia,IDN,EAP,URS,A,IPF,IBRD,2024-09-30,2029-11-30,0,0,0,UMC,1,1,0,653.0,6.481577129276431,2025,0.7474332648870636,1,5.166324435318275
1517,P180861,CSC_RES_FIN_SERV,0,no_progress,,,,0,financial_services,Fin Sector Safety Net Strengthening,Sri Lanka,LKA,SAR,FCI,A,IPF,IDA,2023-11-09,2027-12-31,0,0,0,LMC,1,1,1,150.0,5.0106352940962555,2024,1.6399726214921286,0,4.142368240930869
1518,P180884,CSC_RES_BENE_ENAB_ECO_OPP,0,no_progress,,,,0,economic_opportunity,Sustainable Cities and Land Project,Cameroon,CMR,AFW,URS,A,IPF,IDA,2025-05-30,2031-06-30,1,0,0,LMC,1,1,1,200.0,5.298317366548036,2025,0.08487337440109514,1,6.083504449007529
1519,P180884,CSC_RES_GEN_EQU,0,no_progress,,,,0,gender_equality,Sustainable Cities and Land Project,Cameroon,CMR,AFW,URS,A,IPF,IDA,2025-05-30,2031-06-30,1,0,0,LMC,1,1,1,200.0,5.298317366548036,2025,0.08487337440109514,1,6.083504449007529
1520,P180906,CSC_RES_BENE_ENAB_ECO_OPP,0,no_progress,,,,0,economic_opportunity,Kounki Project,Guinea,GIN,AFW,ENV,A,IPF,IDA,2025-06-06,2031-08-14,0,1,0,LMC,1,1,1,100.0,4.605170185988092,2025,0.06570841889117043,1,6.187542778918549
1521,P180906,CSC_RES_FIN_SERV,0,no_progress,,,,0,financial_services,Kounki Project,Guinea,GIN,AFW,ENV,A,IPF,IDA,2025-06-06,2031-08-14,0,1,0,LMC,1,1,1,100.0,4.605170185988092,2025,0.06570841889117043,1,6.187542778918549
1522,P180906,CSC_RES_GEN_EQU,1,fixed_share,,,,0,gender_equality,Kounki Project,Guinea,GIN,AFW,ENV,A,IPF,IDA,2025-06-06,2031-08-14,0,1,0,LMC,1,1,1,100.0,4.605170185988092,2025,0.06570841889117043,1,6.187542778918549
1523,P180909,CSC_RES_BENE_ENAB_ECO_OPP,1,fixed_share,,,,0,economic_opportunity,National Community Initiatives Project,Kyrgyz Republic,KGZ,ECA,ENV,A,IPF,IDA,2024-07-31,2029-07-31,0,0,0,LMC,1,1,1,25.0,3.2188758248682006,2025,0.9144421629021219,1,4.999315537303217
1524,P180909,CSC_RES_GEN_EQU,0,no_progress,,,,0,gender_equality,National Community Initiatives Project,Kyrgyz Republic,KGZ,ECA,ENV,A,IPF,IDA,2024-07-31,2029-07-31,0,0,0,LMC,1,1,1,25.0,3.2188758248682006,2025,0.9144421629021219,1,4.999315537303217
1525,P180915,CSC_RES_WAT_SAN_HYG,1,fixed_share,,,,0,wash,CCIP,Chad,TCD,AFW,TDD,A,IPF,IDA,2025-02-18,2031-02-27,1,1,0,LIC,1,1,1,170.0,5.135798437050262,2025,0.3613963039014374,1,6.023271731690623
1526,P180927,CSC_RES_BENE_ENAB_ECO_OPP,0,women_only,,,,0,economic_opportunity,Equitable and Green Path DPF 2,Colombia,COL,LCR,OTHER,A,DPL,IBRD,2025-02-20,2026-04-26,0,0,0,UMC,0,1,0,700.0,6.551080335043404,2025,0.35592060232717315,1,1.1772758384668036
1527,P180927,CSC_RES_FIN_SERV,0,women_only,,,,0,financial_services,Equitable and Green Path DPF 2,Colombia,COL,LCR,OTHER,A,DPL,IBRD,2025-02-20,2026-04-26,0,0,0,UMC,0,1,0,700.0,6.551080335043404,2025,0.35592060232717315,1,1.1772758384668036
1528,P180927,CSC_RES_GEN_EQU,0,women_only,,,,0,gender_equality,Equitable and Green Path DPF 2,Colombia,COL,LCR,OTHER,A,DPL,IBRD,2025-02-20,2026-04-26,0,0,0,UMC,0,1,0,700.0,6.551080335043404,2025,0.35592060232717315,1,1.1772758384668036
1529,P180982,CSC_RES_BENE_ENAB_ECO_OPP,0,no_progress,,,,0,economic_opportunity,STP WACA+,Sao Tome and Principe,STP,AFE,ENV,A,IPF,IDA,2024-04-12,2029-06-30,1,0,1,LMC,1,1,1,20.0,2.995732273553991,2024,1.215605749486653,0,5.215605749486653
1530,P180982,CSC_RES_GEN_EQU,0,no_progress,,,,0,gender_equality,STP WACA+,Sao Tome and Principe,STP,AFE,ENV,A,IPF,IDA,2024-04-12,2029-06-30,1,0,1,LMC,1,1,1,20.0,2.995732273553991,2024,1.215605749486653,0,5.215605749486653
1531,P181037,CSC_RES_BENE_ENAB_ECO_OPP,0,no_progress,,,,0,economic_opportunity,PK-RAM,Pakistan,PAK,MENAAP,FCI,A,IPF,IDA,2025-03-18,2029-12-31,0,0,0,LMC,1,1,1,102.0,4.624972813284271,2025,0.28473648186173856,1,4.788501026694045
1532,P181037,CSC_RES_FIN_SERV,0,no_progress,,,,0,financial_services,PK-RAM,Pakistan,PAK,MENAAP,FCI,A,IPF,IDA,2025-03-18,2029-12-31,0,0,0,LMC,1,1,1,102.0,4.624972813284271,2025,0.28473648186173856,1,4.788501026694045
1533,P181037,CSC_RES_GEN_EQU,0,no_progress,,,,0,gender_equality,PK-RAM,Pakistan,PAK,MENAAP,FCI,A,IPF,IDA,2025-03-18,2029-12-31,0,0,0,LMC,1,1,1,102.0,4.624972813284271,2025,0.28473648186173856,1,4.788501026694045
1534,P181064,CSC_RES_WAT_SAN_HYG,0,no_progress,,,,0,wash,BBCBP,Belize,BLZ,LCR,ENV,A,IPF,IDA,2025-01-31,2029-12-31,0,0,1,UMC,1,1,1,23.5,3.1570004211501135,2025,0.4106776180698152,1,4.914442162902122
1535,P181079,CSC_RES_BENE_ENAB_ECO_OPP,0,no_progress,,,,0,economic_opportunity,EC: Emergency Reconstruction Project,Ecuador,ECU,LCR,TDD,A,IPF,IBRD,2023-06-09,2028-06-30,0,0,0,UMC,1,1,0,150.0,5.0106352940962555,2023,2.0588637919233403,0,5.059548254620124
1536,P181079,CSC_RES_GEN_EQU,0,no_progress,,,,0,gender_equality,EC: Emergency Reconstruction Project,Ecuador,ECU,LCR,TDD,A,IPF,IBRD,2023-06-09,2028-06-30,0,0,0,UMC,1,1,0,150.0,5.0106352940962555,2023,2.0588637919233403,0,5.059548254620124
1537,P181087,CSC_RES_FIN_SERV,0,identical_share,,,,0,financial_services,FANSEP II,Nepal,NPL,SAR,AGR,A,IPF,RETF,2023-09-18,2027-06-30,0,1,0,LMC,1,1,0,20.0,2.995732273553991,2024,1.782340862422998,0,3.780971937029432
1538,P181160,CSC_RES_BENE_ENAB_ECO_OPP,0,no_progress,,,,0,economic_opportunity,Angola Secondary Cities,Angola,AGO,AFE,URS,A,P4R,IBRD,2024-06-20,2029-12-31,0,1,0,LMC,0,1,0,300.0,5.703782474656201,2024,1.0266940451745379,0,5.530458590006845
1539,P181160,CSC_RES_GEN_EQU,0,no_progress,,,,0,gender_equality,Angola Secondary Cities,Angola,AGO,AFE,URS,A,P4R,IBRD,2024-06-20,2029-12-31,0,1,0,LMC,0,1,0,300.0,5.703782474656201,2024,1.0266940451745379,0,5.530458590006845
1540,P181237,CSC_RES_BENE_ENAB_ECO_OPP,0,no_progress,,,,0,economic_opportunity,FSM PFM II,"Micronesia, Federated States of",FSM,EAP,GOV,A,IPF,IDA,2025-03-05,2030-03-29,1,0,1,LMC,1,1,1,13.0,2.5649493574615367,2025,0.3203285420944558,1,5.065023956194388
1541,P181237,CSC_RES_GEN_EQU,0,no_progress,,,,0,gender_equality,FSM PFM II,"Micronesia, Federated States of",FSM,EAP,GOV,A,IPF,IDA,2025-03-05,2030-03-29,1,0,1,LMC,1,1,1,13.0,2.5649493574615367,2025,0.3203285420944558,1,5.065023956194388
1542,P181238,CSC_RES_GEN_EQU,1,fixed_share,,,,0,gender_equality,Togo's Sustainable and Inclusive DPF2,Togo,TGO,AFW,MTI,A,DPL,IDA,2024-12-10,2026-05-31,0,1,0,LIC,0,1,1,200.0,5.298317366548036,2025,0.5530458590006845,1,1.4702258726899384
1543,P181251,CSC_RES_BENE_ENAB_ECO_OPP,0,no_progress,,,,0,economic_opportunity,West Africa Fin,Western and Central Africa,,AFW,FCI,A,IPF,IDA,2025-05-21,2030-06-30,0,0,0,Unknown,1,1,1,205.0,5.3230099791384085,2025,0.10951403148528405,1,5.108829568788501
1544,P181251,CSC_RES_FIN_SERV,0,no_progress,,,,0,financial_services,West Africa Fin,Western and Central Africa,,AFW,FCI,A,IPF,IDA,2025-05-21,2030-06-30,0,0,0,Unknown,1,1,1,205.0,5.3230099791384085,2025,0.10951403148528405,1,5.108829568788501
1545,P181251,CSC_RES_GEN_EQU,0,no_progress,,,,0,gender_equality,West Africa Fin,Western and Central Africa,,AFW,FCI,A,IPF,IDA,2025-05-21,2030-06-30,0,0,0,Unknown,1,1,1,205.0,5.3230099791384085,2025,0.10951403148528405,1,5.108829568788501
1546,P181259,CSC_RES_BENE_ENAB_ECO_OPP,0,no_progress,,,,0,economic_opportunity,Benin Land Project,Benin,BEN,AFW,URS,A,P4R,IDA,2025-04-30,2030-09-30,0,1,0,LMC,0,1,1,100.0,4.605170185988092,2025,0.16700889801505817,1,5.418206707734429
1547,P181259,CSC_RES_GEN_EQU,0,no_progress,,,,0,gender_equality,Benin Land Project,Benin,BEN,AFW,URS,A,P4R,IDA,2025-04-30,2030-09-30,0,1,0,LMC,0,1,1,100.0,4.605170185988092,2025,0.16700889801505817,1,5.418206707734429
1548,P181278,CSC_RES_BENE_ENAB_ECO_OPP,1,fixed_share,,,,0,economic_opportunity,ACCESS Bhutan,Bhutan,BTN,SAR,TDD,A,IPF,IDA,2025-05-01,2031-06-30,0,0,0,LMC,1,1,1,300.0,5.703782474656201,2025,0.16427104722792607,1,6.16290212183436
1549,P181278,CSC_RES_GEN_EQU,0,no_progress,,,,0,gender_equality,ACCESS Bhutan,Bhutan,BTN,SAR,TDD,A,IPF,IDA,2025-05-01,2031-06-30,0,0,0,LMC,1,1,1,300.0,5.703782474656201,2025,0.16427104722792607,1,6.16290212183436
1550,P181295,CSC_RES_BENE_ENAB_ECO_OPP,0,no_progress,,,,0,economic_opportunity,CAUSE II,Solomon Islands,SLB,EAP,SOC,A,IPF,IDA,2024-10-15,2030-09-30,1,1,1,LMC,1,1,1,20.2,3.005682604407159,2025,0.7063655030800822,1,5.9575633127994525
1551,P181295,CSC_RES_GEN_EQU,0,no_progress,,,,0,gender_equality,CAUSE II,Solomon Islands,SLB,EAP,SOC,A,IPF,IDA,2024-10-15,2030-09-30,1,1,1,LMC,1,1,1,20.2,3.005682604407159,2025,0.7063655030800822,1,5.9575633127994525
1552,P181310,CSC_RES_BENE_ENAB_ECO_OPP,1,fixed_share,,,,0,economic_opportunity,Cabo Verde DPF2 FY25,Cabo Verde,CPV,AFW,MTI,A,DPL,IDA,2024-12-12,2025-12-30,0,0,1,UMC,0,1,1,25.0,3.2188758248682006,2025,0.5475701574264202,1,1.0485968514715949
1553,P181310,CSC_RES_GEN_EQU,0,no_progress,,,,0,gender_equality,Cabo Verde DPF2 FY25,Cabo Verde,CPV,AFW,MTI,A,DPL,IDA,2024-12-12,2025-12-30,0,0,1,UMC,0,1,1,25.0,3.2188758248682006,2025,0.5475701574264202,1,1.0485968514715949
1554,P181328,CSC_RES_BENE_ENAB_ECO_OPP,0,no_progress,,,,0,economic_opportunity,ASCENT REAF,Eastern and Southern Africa,,AFE,EAE,A,IPF,IDA,2023-11-28,2029-03-31,0,0,0,Unknown,1,1,1,300.0,5.703782474656201,2024,1.5879534565366187,0,5.338809034907597
1555,P181328,CSC_RES_FIN_SERV,0,no_progress,,,,0,financial_services,ASCENT REAF,Eastern and Southern Africa,,AFE,EAE,A,IPF,IDA,2023-11-28,2029-03-31,0,0,0,Unknown,1,1,1,300.0,5.703782474656201,2024,1.5879534565366187,0,5.338809034907597
1556,P181328,CSC_RES_GEN_EQU,0,no_progress,,,,0,gender_equality,ASCENT REAF,Eastern and Southern Africa,,AFE,EAE,A,IPF,IDA,2023-11-28,2029-03-31,0,0,0,Unknown,1,1,1,300.0,5.703782474656201,2024,1.5879534565366187,0,5.338809034907597
1557,P181372,CSC_RES_GEN_EQU,0,no_progress,,,,0,gender_equality,Costa Rica Social Risk Mngement DPL DDO,Costa Rica,CRI,LCR,SPL,A,DPL,IBRD,2024-11-25,2027-12-30,0,0,0,HIC,0,1,0,200.0,5.298317366548036,2025,0.5941136208076659,1,3.0937713894592744
1558,P181391,CSC_RES_GEN_EQU,1,fixed_share,,,,0,gender_equality,GEWEL 2,Zambia,ZMB,AFE,SPL,A,IPF,IDA,2024-03-28,2028-06-30,0,1,0,LMC,1,1,1,300.0,5.703782474656201,2024,1.2566735112936345,0,4.257357973990418
1559,P181428,CSC_RES_BENE_ENAB_ECO_OPP,0,no_progress,,,,0,economic_opportunity,Agri-Recovery,Türkiye,TUR,ECA,AGR,A,IPF,IBRD,2024-12-11,2030-12-31,0,0,0,UMC,1,1,0,250.0,5.521460917862246,2025,0.5503080082135524,1,6.053388090349076
1560,P181428,CSC_RES_GEN_EQU,0,no_progress,,,,0,gender_equality,Agri-Recovery,Türkiye,TUR,ECA,AGR,A,IPF,IBRD,2024-12-11,2030-12-31,0,0,0,UMC,1,1,0,250.0,5.521460917862246,2025,0.5503080082135524,1,6.053388090349076
1561,P181456,CSC_RES_BENE_ENAB_ECO_OPP,1,fixed_share,,,,0,economic_opportunity,Samoa Finance,Samoa,WSM,EAP,FCI,A,IPF,IDA,2024-10-18,2029-12-17,0,0,1,UMC,1,1,1,21.0,3.044522437723423,2025,0.6981519507186859,1,5.163586584531143
1562,P181456,CSC_RES_FIN_SERV,0,no_progress,,,,0,financial_services,Samoa Finance,Samoa,WSM,EAP,FCI,A,IPF,IDA,2024-10-18,2029-12-17,0,0,1,UMC,1,1,1,21.0,3.044522437723423,2025,0.6981519507186859,1,5.163586584531143
1563,P181456,CSC_RES_GEN_EQU,0,no_progress,,,,0,gender_equality,Samoa Finance,Samoa,WSM,EAP,FCI,A,IPF,IDA,2024-10-18,2029-12-17,0,0,1,UMC,1,1,1,21.0,3.044522437723423,2025,0.6981519507186859,1,5.163586584531143
1564,P181490,CSC_RES_GEN_EQU,0,no_progress,,,,0,gender_equality,Sudan ECRP,Sudan,SDN,AFE,SOC,A,IPF,IDA,2024-04-14,2028-06-30,1,1,0,LIC,1,1,1,50.0,3.912023005428146,2024,1.2101300479123889,0,4.210814510609172
1565,P181494,CSC_RES_BENE_ENAB_ECO_OPP,0,no_progress,,,,0,economic_opportunity,ASCENT Burundi,Burundi,BDI,AFE,EAE,A,IPF,IDA,2024-06-26,2029-06-30,1,1,0,LIC,1,1,1,150.0,5.0106352940962555,2024,1.0102669404517455,0,5.0102669404517455
1566,P181494,CSC_RES_GEN_EQU,0,no_progress,,,,0,gender_equality,ASCENT Burundi,Burundi,BDI,AFE,EAE,A,IPF,IDA,2024-06-26,2029-06-30,1,1,0,LIC,1,1,1,150.0,5.0106352940962555,2024,1.0102669404517455,0,5.0102669404517455
1567,P181495,CSC_RES_GEN_EQU,1,fixed_share,,,,0,gender_equality,SP for Human Capital and Resilience,Angola,AGO,AFE,SPL,A,IPF,IBRD,2024-09-12,2029-10-31,0,1,0,LMC,1,1,0,400.0,5.991464547107982,2025,0.7967145790554415,1,5.13347022587269
1568,P181499,CSC_RES_BENE_ENAB_ECO_OPP,0,no_progress,,,,0,economic_opportunity,SKBo Basin of Integration- BF,Burkina Faso,BFA,AFW,TDD,A,IPF,IDA,2025-04-30,2030-12-30,1,1,0,LIC,1,1,1,216.0,5.375278407684165,2025,0.16700889801505817,1,5.66735112936345
1569,P181499,CSC_RES_GEN_EQU,0,no_progress,,,,0,gender_equality,SKBo Basin of Integration- BF,Burkina Faso,BFA,AFW,TDD,A,IPF,IDA,2025-04-30,2030-12-30,1,1,0,LIC,1,1,1,216.0,5.375278407684165,2025,0.16700889801505817,1,5.66735112936345
1570,P181538,CSC_RES_WAT_SAN_HYG,1,fixed_share,,,,0,wash,Mali Water Security Project,Mali,MLI,AFW,WAT,A,IPF,IDA,2025-01-22,2029-12-31,1,1,0,LIC,1,1,1,100.0,4.605170185988092,2025,0.4353182751540041,1,4.939082819986311
1571,P181564,CSC_RES_HEA_SERV,1,fixed_share,,,,0,health,Sri Lanka PHSEP,Sri Lanka,LKA,SAR,HNP,A,IPF,IDA,2024-06-21,2028-12-31,0,0,0,LMC,1,1,1,150.0,5.0106352940962555,2024,1.0239561943874058,0,4.528405201916495
1572,P181587,CSC_RES_GEN_EQU,0,no_progress,,,,0,gender_equality,FILAHA,Morocco,MAR,MENAAP,AGR,A,P4R,IBRD,2024-12-19,2029-12-31,0,0,0,LMC,1,1,0,250.0,5.521460917862246,2025,0.5284052019164955,1,5.032169746748802
1573,P252350,CSC_RES_GEN_EQU,1,fixed_share,,,,0,gender_equality,Rwanda Priority Skills for Growth (PSG),Rwanda,RWA,AFE,EDU,C,P4R,IDA,2017-07-05,2024-09-29,0,1,0,LIC,0,0,1,270.0,5.598421958998375,2018,7.98631074606434,0,7.236139630390143
1574,P500469,CSC_RES_BENE_ENAB_ECO_OPP,0,no_progress,,,,0,economic_opportunity,BR Pro-Roads ES,Brazil,BRA,LCR,TDD,A,IPF,IBRD,2025-03-18,2034-02-28,0,0,0,UMC,1,1,0,162.4,5.090062427727577,2025,0.28473648186173856,1,8.950034223134839
1575,P500469,CSC_RES_GEN_EQU,0,no_progress,,,,0,gender_equality,BR Pro-Roads ES,Brazil,BRA,LCR,TDD,A,IPF,IBRD,2025-03-18,2034-02-28,0,0,0,UMC,1,1,0,162.4,5.090062427727577,2025,0.28473648186173856,1,8.950034223134839
1576,P500471,CSC_RES_BENE_ENAB_ECO_OPP,0,no_progress,,,,0,economic_opportunity,FAST Growth,Tanzania,TZA,AFE,FCI,A,IPF,IDA,2024-07-30,2030-07-31,0,1,0,LMC,1,1,1,150.0,5.0106352940962555,2025,0.917180013689254,1,6.0013689253935665
1577,P500471,CSC_RES_FIN_SERV,0,no_progress,,,,0,financial_services,FAST Growth,Tanzania,TZA,AFE,FCI,A,IPF,IDA,2024-07-30,2030-07-31,0,1,0,LMC,1,1,1,150.0,5.0106352940962555,2025,0.917180013689254,1,6.0013689253935665
1578,P500471,CSC_RES_GEN_EQU,0,no_progress,,,,0,gender_equality,FAST Growth,Tanzania,TZA,AFE,FCI,A,IPF,IDA,2024-07-30,2030-07-31,0,1,0,LMC,1,1,1,150.0,5.0106352940962555,2025,0.917180013689254,1,6.0013689253935665
1579,P500488,CSC_RES_BENE_ENAB_ECO_OPP,0,no_progress,,,,0,economic_opportunity,CRRN,Mozambique,MOZ,AFE,TDD,A,IPF,IDA,2024-04-25,2030-06-30,1,1,0,LIC,1,1,1,125.0,4.8283137373023015,2024,1.1800136892539357,0,6.179329226557153
1580,P500488,CSC_RES_GEN_EQU,0,no_progress,,,,0,gender_equality,CRRN,Mozambique,MOZ,AFE,TDD,A,IPF,IDA,2024-04-25,2030-06-30,1,1,0,LIC,1,1,1,125.0,4.8283137373023015,2024,1.1800136892539357,0,6.179329226557153
1581,P500553,CSC_RES_BENE_ENAB_ECO_OPP,0,no_progress,,,,0,economic_opportunity,RLSP,South Sudan,SSD,AFE,AGR,A,IPF,IDA,2025-06-10,2030-05-31,1,1,0,LIC,1,1,1,40.0,3.6888794541139363,2025,0.05475701574264202,1,4.971937029431896
1582,P500553,CSC_RES_GEN_EQU,0,no_progress,,,,0,gender_equality,RLSP,South Sudan,SSD,AFE,AGR,A,IPF,IDA,2025-06-10,2030-05-31,1,1,0,LIC,1,1,1,40.0,3.6888794541139363,2025,0.05475701574264202,1,4.971937029431896
1583,P500570,CSC_RES_BENE_ENAB_ECO_OPP,0,no_progress,,,,0,economic_opportunity,SDAP,Brazil,BRA,LCR,DDT,A,IPF,IBRD,2025-03-18,2030-05-15,0,0,0,UMC,1,1,0,53.6,3.9815490680767565,2025,0.28473648186173856,1,5.158110882956879
1584,P500570,CSC_RES_GEN_EQU,0,no_progress,,,,0,gender_equality,SDAP,Brazil,BRA,LCR,DDT,A,IPF,IBRD,2025-03-18,2030-05-15,0,0,0,UMC,1,1,0,53.6,3.9815490680767565,2025,0.28473648186173856,1,5.158110882956879
1585,P500589,CSC_RES_FIN_SERV,0,identical_share,,,,0,financial_services,DISC,Malawi,MWI,AFE,FCI,A,IPF,IDA,2023-11-20,2027-06-30,0,1,0,LIC,1,1,1,60.0,4.0943445622221,2024,1.6098562628336757,0,3.6084873374401094
1586,P500611,CSC_RES_BENE_ENAB_ECO_OPP,0,no_progress,,,,0,economic_opportunity,REMP 2,Serbia,SRB,ECA,URS,A,IPF,IBRD,2024-07-29,2029-07-31,0,0,0,UMC,1,1,0,32.5,3.481240089335692,2025,0.919917864476386,1,5.004791238877481
1587,P500611,CSC_RES_GEN_EQU,0,no_progress,,,,0,gender_equality,REMP 2,Serbia,SRB,ECA,URS,A,IPF,IBRD,2024-07-29,2029-07-31,0,0,0,UMC,1,1,0,32.5,3.481240089335692,2025,0.919917864476386,1,5.004791238877481
1588,P500620,CSC_RES_WAT_SAN_HYG,1,fixed_share,,,,0,wash,WASUAP,Kyrgyz Republic,KGZ,ECA,WAT,A,IPF,IDA,2025-04-18,2029-12-31,0,0,0,LMC,1,1,1,121.0,4.795790545596741,2025,0.1998631074606434,1,4.70362765229295
1589,P500727,CSC_RES_GEN_EQU,1,fixed_share,,,,0,gender_equality,ISO,Bangladesh,BGD,SAR,SPL,A,IPF,IDA,2024-05-28,2028-06-30,0,1,0,LMC,1,1,1,350.0,5.857933154483459,2024,1.0896646132785763,0,4.090349075975359
1590,P501217,CSC_RES_BENE_ENAB_ECO_OPP,0,no_progress,,,,0,economic_opportunity,ISLE-2,Indonesia,IDN,EAP,EAE,A,P4R,IBRD,2025-06-12,2032-04-29,0,0,0,UMC,1,1,0,600.0,6.396929655216146,2025,0.049281314168377825,1,6.880219028062971
1591,P501217,CSC_RES_GEN_EQU,0,no_progress,,,,0,gender_equality,ISLE-2,Indonesia,IDN,EAP,EAE,A,P4R,IBRD,2025-06-12,2032-04-29,0,0,0,UMC,1,1,0,600.0,6.396929655216146,2025,0.049281314168377825,1,6.880219028062971
1592,P501274,CSC_RES_WAT_SAN_HYG,0,no_progress,,,,0,wash,HELP,Bangladesh,BGD,SAR,URS,A,IPF,IDA,2024-05-28,2028-06-30,0,1,0,LMC,1,1,1,350.0,5.857933154483459,2024,1.0896646132785763,0,4.090349075975359
1593,P501343,CSC_RES_BENE_ENAB_ECO_OPP,0,no_progress,,,,0,economic_opportunity,PASEL,"Congo, Republic of",COG,AFW,EAE,A,IPF,IBRD,2024-06-26,2028-06-30,1,0,0,LMC,1,1,0,100.0,4.605170185988092,2024,1.0102669404517455,0,4.010951403148528
1594,P501343,CSC_RES_GEN_EQU,0,no_progress,,,,0,gender_equality,PASEL,"Congo, Republic of",COG,AFW,EAE,A,IPF,IBRD,2024-06-26,2028-06-30,1,0,0,LMC,1,1,0,100.0,4.605170185988092,2024,1.0102669404517455,0,4.010951403148528
1595,P501648,CSC_RES_GEN_EQU,0,no_progress,,,,0,gender_equality,SEEQIP,Kenya,KEN,AFE,EDU,A,P4R,IDA,2024-10-17,2029-12-31,0,0,0,LMC,1,1,1,250.0,5.521460917862246,2025,0.7008898015058179,1,5.204654346338125
1596,P501662,CSC_RES_BENE_ENAB_ECO_OPP,0,no_progress,,,,0,economic_opportunity,SPRING,"Somalia, Federal Republic of",SOM,AFE,FCI,A,IPF,IDA,2025-05-07,2030-06-30,1,1,0,LIC,1,1,1,95.0,4.553876891600541,2025,0.14784394250513347,1,5.147159479808351
1597,P501662,CSC_RES_GEN_EQU,0,no_progress,,,,0,gender_equality,SPRING,"Somalia, Federal Republic of",SOM,AFE,FCI,A,IPF,IDA,2025-05-07,2030-06-30,1,1,0,LIC,1,1,1,95.0,4.553876891600541,2025,0.14784394250513347,1,5.147159479808351
1598,P501759,CSC_RES_BENE_ENAB_ECO_OPP,0,no_progress,,,,0,economic_opportunity,ITCP,Guyana,GUY,LCR,TDD,A,IPF,IDA,2025-02-27,2031-04-30,0,0,1,HIC,1,1,1,156.0,5.049856007249537,2025,0.33675564681724846,1,6.168377823408624
1599,P501759,CSC_RES_GEN_EQU,0,no_progress,,,,0,gender_equality,ITCP,Guyana,GUY,LCR,TDD,A,IPF,IDA,2025-02-27,2031-04-30,0,0,1,HIC,1,1,1,156.0,5.049856007249537,2025,0.33675564681724846,1,6.168377823408624
1600,P501985,CSC_RES_BENE_ENAB_ECO_OPP,0,no_progress,,,,0,economic_opportunity,ESRIP,Nepal,NPL,SAR,EAE,A,IPF,IDA,2025-05-29,2030-06-30,0,1,0,LMC,1,1,1,120.0,4.787491742782046,2025,0.08761122518822724,1,5.086926762491444
1601,P501985,CSC_RES_GEN_EQU,0,no_progress,,,,0,gender_equality,ESRIP,Nepal,NPL,SAR,EAE,A,IPF,IDA,2025-05-29,2030-06-30,0,1,0,LMC,1,1,1,120.0,4.787491742782046,2025,0.08761122518822724,1,5.086926762491444
1602,P501988,CSC_RES_BENE_ENAB_ECO_OPP,0,no_progress,,,,0,economic_opportunity,SER DPF1,"Somalia, Federal Republic of",SOM,AFE,MTI,A,DPL,IDA,2024-07-30,2025-12-31,1,1,0,LIC,0,1,1,125.0,4.8283137373023015,2025,0.917180013689254,1,1.4209445585215605
1603,P501988,CSC_RES_GEN_EQU,0,no_progress,,,,0,gender_equality,SER DPF1,"Somalia, Federal Republic of",SOM,AFE,MTI,A,DPL,IDA,2024-07-30,2025-12-31,1,1,0,LIC,0,1,1,125.0,4.8283137373023015,2025,0.917180013689254,1,1.4209445585215605
1604,P502128,CSC_RES_GEN_EQU,0,no_progress,,,,0,gender_equality,CARE,Central African Republic,CAF,AFW,EDU,A,IPF,IDA,2024-06-18,2030-10-31,1,1,0,LIC,1,1,1,65.0,4.174387269895637,2024,1.0321697467488022,0,6.368240930869268
1605,P502142,CSC_RES_GEN_EQU,0,no_progress,,,,0,gender_equality,Chad APSSN,Chad,TCD,AFW,SPL,A,IPF,IDA,2024-06-21,2029-06-29,1,1,0,LIC,1,1,1,100.0,4.605170185988092,2024,1.0239561943874058,0,5.021218343600274
1606,P502464,CSC_RES_BENE_ENAB_ECO_OPP,0,no_progress,,,,0,economic_opportunity,ASCENT Malawi,Malawi,MWI,AFE,EAE,A,IPF,IDA,2024-12-20,2030-12-31,0,1,0,LIC,1,1,1,245.8,5.504518197131935,2025,0.5256673511293635,1,6.028747433264887
1607,P502464,CSC_RES_GEN_EQU,0,no_progress,,,,0,gender_equality,ASCENT Malawi,Malawi,MWI,AFE,EAE,A,IPF,IDA,2024-12-20,2030-12-31,0,1,0,LIC,1,1,1,245.8,5.504518197131935,2025,0.5256673511293635,1,6.028747433264887
1608,P502837,CSC_RES_BENE_ENAB_ECO_OPP,0,no_progress,,,,0,economic_opportunity,Green SIEs,Türkiye,TUR,ECA,FCI,A,IPF,IBRD,2024-07-29,2028-12-31,0,0,0,UMC,1,1,0,600.0,6.396929655216146,2025,0.919917864476386,1,4.424366872005476
1609,P502837,CSC_RES_GEN_EQU,0,no_progress,,,,0,gender_equality,Green SIEs,Türkiye,TUR,ECA,FCI,A,IPF,IBRD,2024-07-29,2028-12-31,0,0,0,UMC,1,1,0,600.0,6.396929655216146,2025,0.919917864476386,1,4.424366872005476
1610,P502979,CSC_RES_BENE_ENAB_ECO_OPP,1,fixed_share,,,,0,economic_opportunity,SISRI,Bosnia and Herzegovina,BIH,ECA,TDD,A,IPF,IBRD,2025-03-10,2030-10-31,0,0,0,UMC,1,1,0,85.0,4.442651256490317,2025,0.3066392881587953,1,5.642710472279261
1611,P502979,CSC_RES_GEN_EQU,0,no_progress,,,,0,gender_equality,SISRI,Bosnia and Herzegovina,BIH,ECA,TDD,A,IPF,IBRD,2025-03-10,2030-10-31,0,0,0,UMC,1,1,0,85.0,4.442651256490317,2025,0.3066392881587953,1,5.642710472279261
1612,P503036,CSC_RES_HEA_SERV,1,fixed_share,,,,0,health,Gaza Response,West Bank and Gaza,PSE,MENAAP,HNP,A,IPF,RETF,2023-12-06,2025-12-31,1,0,0,LMC,1,1,0,10.0,2.302585092994046,2024,1.566050650239562,0,2.0698151950718686
1613,P503369,CSC_RES_GEN_EQU,0,no_progress,,,,0,gender_equality,MASAR Operation,Jordan,JOR,MENAAP,EDU,A,P4R,IBRD,2024-06-27,2029-06-30,0,0,0,LMC,1,1,0,393.0,5.973809611869261,2024,1.0075290896646132,0,5.007529089664613
1614,P503763,CSC_RES_HEA_SERV,0,no_progress,,,,0,health,PH HSRP,Philippines,PHL,EAP,HNP,A,IPF,IBRD,2025-03-05,2030-06-30,0,0,0,LMC,1,1,0,495.6,6.205769149754987,2025,0.3203285420944558,1,5.319644079397673
1615,P503776,CSC_RES_GEN_EQU,0,no_progress,,,,0,gender_equality,ARISE,Mali,MLI,AFW,HNP,A,IPF,IDA,2024-06-28,2029-06-30,1,1,0,LIC,1,1,1,100.0,4.605170185988092,2024,1.0047912388774811,0,5.004791238877481
1616,P503776,CSC_RES_HEA_SERV,0,no_progress,,,,0,health,ARISE,Mali,MLI,AFW,HNP,A,IPF,IDA,2024-06-28,2029-06-30,1,1,0,LIC,1,1,1,100.0,4.605170185988092,2024,1.0047912388774811,0,5.004791238877481
1617,P503941,CSC_RES_BENE_ENAB_ECO_OPP,0,no_progress,,,,0,economic_opportunity,ZRHCP,Zambia,ZMB,AFE,SOC,A,IPF,IDA,2024-09-26,2028-10-31,0,1,0,LMC,1,1,1,30.0,3.4011973816621555,2025,0.758384668035592,1,4.095824777549623
1618,P503941,CSC_RES_GEN_EQU,0,no_progress,,,,0,gender_equality,ZRHCP,Zambia,ZMB,AFE,SOC,A,IPF,IDA,2024-09-26,2028-10-31,0,1,0,LMC,1,1,1,30.0,3.4011973816621555,2025,0.758384668035592,1,4.095824777549623
1619,P504170,CSC_RES_BENE_ENAB_ECO_OPP,1,fixed_share,,,,0,economic_opportunity,SGBWSP,Lebanon,LBN,MENAAP,WAT,A,IPF,IBRD,2025-01-14,2032-12-31,1,0,0,LMC,1,1,0,257.8,5.552184090505087,2025,0.45722108145106094,1,7.96167008898015
1620,P504170,CSC_RES_GEN_EQU,0,no_progress,,,,0,gender_equality,SGBWSP,Lebanon,LBN,MENAAP,WAT,A,IPF,IBRD,2025-01-14,2032-12-31,1,0,0,LMC,1,1,0,257.8,5.552184090505087,2025,0.45722108145106094,1,7.96167008898015
1621,P504170,CSC_RES_WAT_SAN_HYG,0,no_progress,,,,0,wash,SGBWSP,Lebanon,LBN,MENAAP,WAT,A,IPF,IBRD,2025-01-14,2032-12-31,1,0,0,LMC,1,1,0,257.8,5.552184090505087,2025,0.45722108145106094,1,7.96167008898015
1622,P504170,CSC_RES_WAT_SAN_SAFE,0,no_progress,,,,0,wash,SGBWSP,Lebanon,LBN,MENAAP,WAT,A,IPF,IBRD,2025-01-14,2032-12-31,1,0,0,LMC,1,1,0,257.8,5.552184090505087,2025,0.45722108145106094,1,7.96167008898015
1623,P504220,CSC_RES_FIN_SERV,0,informative,0.44,0.45269230769230767,-1.269230769230767,1,financial_services,EMERGe,Afghanistan,AFG,MENAAP,FCI,A,IPF,RETF,2024-03-27,2025-12-31,1,1,0,LIC,1,1,0,16.0,2.772588722239781,2024,1.2594113620807665,0,1.7631759069130732
1624,P504253,CSC_RES_BENE_ENAB_ECO_OPP,0,no_progress,,,,0,economic_opportunity,BR Pro-Roads SC,Brazil,BRA,LCR,TDD,A,IPF,IBRD,2025-02-27,2034-03-31,0,0,0,UMC,1,1,0,300.0,5.703782474656201,2025,0.33675564681724846,1,9.086926762491444
1625,P504253,CSC_RES_GEN_EQU,0,no_progress,,,,0,gender_equality,BR Pro-Roads SC,Brazil,BRA,LCR,TDD,A,IPF,IBRD,2025-02-27,2034-03-31,0,0,0,UMC,1,1,0,300.0,5.703782474656201,2025,0.33675564681724846,1,9.086926762491444
1626,P504278,CSC_RES_BENE_ENAB_ECO_OPP,1,fixed_share,,,,0,economic_opportunity,SMORE,Moldova,MDA,ECA,URS,A,IPF,IBRD,2024-09-05,2029-09-30,0,0,0,UMC,1,1,0,40.0,3.6888794541139363,2025,0.8158795345653662,1,5.06776180698152
1627,P504278,CSC_RES_GEN_EQU,0,no_progress,,,,0,gender_equality,SMORE,Moldova,MDA,ECA,URS,A,IPF,IBRD,2024-09-05,2029-09-30,0,0,0,UMC,1,1,0,40.0,3.6888794541139363,2025,0.8158795345653662,1,5.06776180698152
1628,P504281,CSC_RES_GEN_EQU,0,no_progress,,,,0,gender_equality,INSPIRER,Ethiopia,ETH,AFE,HNP,A,IPF,IDA,2025-01-16,2029-06-30,1,1,0,Unknown,1,1,1,60.0,4.0943445622221,2025,0.4517453798767967,1,4.4517453798767965
1629,P504398,CSC_RES_GEN_EQU,1,fixed_share,,,,0,gender_equality,ID Targeting II,Morocco,MAR,MENAAP,SPL,A,IPF,IBRD,2024-12-04,2028-12-31,0,0,0,LMC,1,1,0,70.0,4.248495242049359,2025,0.5694729637234771,1,4.073921971252567
1630,P504400,CSC_RES_BENE_ENAB_ECO_OPP,0,no_progress,,,,0,economic_opportunity,GRRR (Guayas),Ecuador,ECU,LCR,TDD,A,IPF,IBRD,2024-09-13,2029-12-31,0,0,0,UMC,1,1,0,100.0,4.605170185988092,2025,0.7939767282683093,1,5.297741273100616
1631,P504400,CSC_RES_GEN_EQU,0,no_progress,,,,0,gender_equality,GRRR (Guayas),Ecuador,ECU,LCR,TDD,A,IPF,IBRD,2024-09-13,2029-12-31,0,0,0,UMC,1,1,0,100.0,4.605170185988092,2025,0.7939767282683093,1,5.297741273100616
1632,P504629,CSC_RES_GEN_EQU,1,fixed_share,,,,0,gender_equality,SHARE,Sudan,SDN,AFE,HNP,A,IPF,IDA,2024-12-13,2027-01-31,1,1,0,LIC,1,1,1,82.0,4.406719247264253,2025,0.5448323066392882,1,2.132785763175907
1633,P504691,CSC_RES_WAT_SAN_HYG,1,fixed_share,,,,0,wash,Comoros NWRP,Comoros,COM,AFE,WAT,A,IPF,IDA,2024-06-20,2029-06-29,1,1,1,LMC,1,1,1,20.0,2.995732273553991,2024,1.0266940451745379,0,5.023956194387406
1634,P504693,CSC_RES_GEN_EQU,1,fixed_share,,,,0,gender_equality,NGR BHCPP,Nigeria,NGA,AFW,HNP,A,P4R,IDA,2024-09-26,2029-06-30,1,0,0,LMC,1,1,1,500.0,6.214608098422191,2025,0.758384668035592,1,4.758384668035592
1635,P504999,CSC_RES_BENE_ENAB_ECO_OPP,0,no_progress,,,,0,economic_opportunity,DRIVE Ukraine,Ukraine,UKR,ECA,TDD,A,IPF,IBRD,2025-03-28,2028-12-31,1,0,0,UMC,1,1,0,421.75,6.044412721426077,2025,0.25735797399041754,1,3.761806981519507
1636,P504999,CSC_RES_GEN_EQU,0,no_progress,,,,0,gender_equality,DRIVE Ukraine,Ukraine,UKR,ECA,TDD,A,IPF,IBRD,2025-03-28,2028-12-31,1,0,0,UMC,1,1,0,421.75,6.044412721426077,2025,0.25735797399041754,1,3.761806981519507
1637,P505025,CSC_RES_BENE_ENAB_ECO_OPP,0,no_progress,,,,0,economic_opportunity,Mali CRISP,Mali,MLI,AFW,SOC,A,IPF,IDA,2024-11-14,2028-11-30,1,1,0,LIC,1,1,1,150.0,5.0106352940962555,2025,0.6242299794661191,1,4.043805612594114
1638,P505025,CSC_RES_GEN_EQU,0,no_progress,,,,0,gender_equality,Mali CRISP,Mali,MLI,AFW,SOC,A,IPF,IDA,2024-11-14,2028-11-30,1,1,0,LIC,1,1,1,150.0,5.0106352940962555,2025,0.6242299794661191,1,4.043805612594114
1639,P505095,CSC_RES_BENE_ENAB_ECO_OPP,0,no_progress,,,,0,economic_opportunity,DMAP,Malawi,MWI,AFE,DDT,A,IPF,IDA,2024-06-27,2030-10-31,0,1,0,LIC,1,1,1,70.0,4.248495242049359,2024,1.0075290896646132,0,6.3436002737850785
1640,P505095,CSC_RES_GEN_EQU,0,no_progress,,,,0,gender_equality,DMAP,Malawi,MWI,AFE,DDT,A,IPF,IDA,2024-06-27,2030-10-31,0,1,0,LIC,1,1,1,70.0,4.248495242049359,2024,1.0075290896646132,0,6.3436002737850785
1641,P505118,CSC_RES_BENE_ENAB_ECO_OPP,0,no_progress,,,,0,economic_opportunity,Jordan HC,Jordan,JOR,MENAAP,HNP,A,DPL,IBRD,2024-06-27,2025-12-31,0,0,0,LMC,0,1,0,300.0,5.703782474656201,2024,1.0075290896646132,0,1.51129363449692
1642,P505118,CSC_RES_GEN_EQU,0,no_progress,,,,0,gender_equality,Jordan HC,Jordan,JOR,MENAAP,HNP,A,DPL,IBRD,2024-06-27,2025-12-31,0,0,0,LMC,0,1,0,300.0,5.703782474656201,2024,1.0075290896646132,0,1.51129363449692
1643,P505158,CSC_RES_BENE_ENAB_ECO_OPP,0,no_progress,,,,0,economic_opportunity,AYEOP,Angola,AGO,AFE,SPL,A,IPF,IBRD,2025-03-20,2029-07-31,0,1,0,LMC,1,1,0,250.0,5.521460917862246,2025,0.2792607802874743,1,4.3641341546885695
1644,P505158,CSC_RES_GEN_EQU,0,no_progress,,,,0,gender_equality,AYEOP,Angola,AGO,AFE,SPL,A,IPF,IBRD,2025-03-20,2029-07-31,0,1,0,LMC,1,1,0,250.0,5.521460917862246,2025,0.2792607802874743,1,4.3641341546885695
1645,P505267,CSC_RES_BENE_ENAB_ECO_OPP,0,no_progress,,,,0,economic_opportunity,LCASHIP,China,CHN,EAP,AGR,A,P4R,IBRD,2025-05-02,2030-06-30,0,0,0,UMC,0,1,0,150.0,5.0106352940962555,2025,0.16153319644079397,1,5.160848733744011
1646,P505267,CSC_RES_GEN_EQU,0,no_progress,,,,0,gender_equality,LCASHIP,China,CHN,EAP,AGR,A,P4R,IBRD,2025-05-02,2030-06-30,0,0,0,UMC,0,1,0,150.0,5.0106352940962555,2025,0.16153319644079397,1,5.160848733744011
1647,P505590,CSC_RES_BENE_ENAB_ECO_OPP,0,no_progress,,,,0,economic_opportunity,MS Pro-Roads,Brazil,BRA,LCR,TDD,A,IPF,IBRD,2025-04-10,2034-03-31,0,0,0,UMC,1,1,0,200.0,5.298317366548036,2025,0.22176591375770022,1,8.971937029431896
1648,P505590,CSC_RES_GEN_EQU,0,no_progress,,,,0,gender_equality,MS Pro-Roads,Brazil,BRA,LCR,TDD,A,IPF,IBRD,2025-04-10,2034-03-31,0,0,0,UMC,1,1,0,200.0,5.298317366548036,2025,0.22176591375770022,1,8.971937029431896
1649,P505643,CSC_RES_BENE_ENAB_ECO_OPP,1,fixed_share,,,,0,economic_opportunity,KR SF4MSMEs,Kyrgyz Republic,KGZ,ECA,FCI,A,IPF,IDA,2025-04-18,2030-12-31,0,0,0,LMC,1,1,1,120.0,4.787491742782046,2025,0.1998631074606434,1,5.702943189596167
1650,P505643,CSC_RES_FIN_SERV,0,no_progress,,,,0,financial_services,KR SF4MSMEs,Kyrgyz Republic,KGZ,ECA,FCI,A,IPF,IDA,2025-04-18,2030-12-31,0,0,0,LMC,1,1,1,120.0,4.787491742782046,2025,0.1998631074606434,1,5.702943189596167
1651,P505643,CSC_RES_GEN_EQU,0,no_progress,,,,0,gender_equality,KR SF4MSMEs,Kyrgyz Republic,KGZ,ECA,FCI,A,IPF,IDA,2025-04-18,2030-12-31,0,0,0,LMC,1,1,1,120.0,4.787491742782046,2025,0.1998631074606434,1,5.702943189596167
1652,P505675,CSC_RES_GEN_EQU,1,fixed_share,,,,0,gender_equality,Argentina ECD,Argentina,ARG,LCR,SPL,A,IPF,IBRD,2024-11-27,2029-12-28,0,0,0,UMC,1,1,0,500.0,6.214608098422191,2025,0.5886379192334018,1,5.084188911704312
1653,P505963,CSC_RES_GEN_EQU,0,no_progress,,,,0,gender_equality,SANAD,Sudan,SDN,AFE,SPL,A,IPF,IDA,2024-12-13,2026-12-31,1,1,0,LIC,1,1,1,100.0,4.605170185988092,2025,0.5448323066392882,1,2.0479123887748116
1654,P506072,CSC_RES_GEN_EQU,1,fixed_share,,,,0,gender_equality,GUEST Project,Guinea,GIN,AFW,HNP,A,IPF,IDA,2024-09-23,2029-12-31,0,1,0,LMC,1,1,1,85.0,4.442651256490317,2025,0.7665982203969883,1,5.270362765229295
1655,P506083,CSC_RES_GEN_EQU,0,no_progress,,,,0,gender_equality,THRIVE,Ukraine,UKR,ECA,HNP,A,P4R,IBRD,2024-12-09,2028-03-30,1,0,0,UMC,1,1,0,449.0,6.1070228877422545,2025,0.5557837097878165,1,3.3045859000684463
1656,P506272,CSC_RES_BENE_ENAB_ECO_OPP,0,no_progress,,,,0,economic_opportunity,Water Security,India,IND,SAR,WAT,A,P4R,IBRD,2025-06-23,2030-12-31,0,0,0,LMC,0,1,0,426.0,6.054439346269371,2025,0.019164955509924708,1,5.522245037645448
1657,P506272,CSC_RES_GEN_EQU,0,no_progress,,,,0,gender_equality,Water Security,India,IND,SAR,WAT,A,P4R,IBRD,2025-06-23,2030-12-31,0,0,0,LMC,0,1,0,426.0,6.054439346269371,2025,0.019164955509924708,1,5.522245037645448
1658,P506272,CSC_RES_WAT_SAN_HYG,0,no_progress,,,,0,wash,Water Security,India,IND,SAR,WAT,A,P4R,IBRD,2025-06-23,2030-12-31,0,0,0,LMC,0,1,0,426.0,6.054439346269371,2025,0.019164955509924708,1,5.522245037645448
1659,P506272,CSC_RES_WAT_SAN_SAFE,0,no_progress,,,,0,wash,Water Security,India,IND,SAR,WAT,A,P4R,IBRD,2025-06-23,2030-12-31,0,0,0,LMC,0,1,0,426.0,6.054439346269371,2025,0.019164955509924708,1,5.522245037645448
1660,P506285,CSC_RES_GEN_EQU,0,no_progress,,,,0,gender_equality,VAN DPF Cat DDO,Vanuatu,VUT,EAP,MTI,A,DPL,IDA,2025-01-14,2028-01-13,0,0,1,LMC,0,1,1,30.0,3.4011973816621555,2025,0.45722108145106094,1,2.9952087611225187
1661,P506356,CSC_RES_GEN_EQU,0,no_progress,,,,0,gender_equality,TUV DPF2,Tuvalu,TUV,EAP,MTI,A,DPL,IDA,2025-02-28,2026-02-27,1,1,1,UMC,0,1,1,7.0,1.9459101490553132,2025,0.33401779603011633,1,0.9965776865160849
1662,P506528,CSC_RES_GEN_EQU,0,women_only,,,,0,gender_equality,Burkina F HC PP,Burkina Faso,BFA,AFW,GOV,A,IPF,IDA,2024-09-19,2026-12-31,1,1,0,LIC,1,1,1,100.4,4.609162207257629,2025,0.7775496235455168,1,2.2806297056810405
1663,P506611,CSC_RES_BENE_ENAB_ECO_OPP,0,no_progress,,,,0,economic_opportunity,TDF,Tajikistan,TJK,ECA,DDT,A,IPF,IDA,2024-12-17,2030-12-13,0,0,0,LMC,1,1,1,30.0,3.4011973816621555,2025,0.5338809034907598,1,5.987679671457905
1664,P506611,CSC_RES_GEN_EQU,0,no_progress,,,,0,gender_equality,TDF,Tajikistan,TJK,ECA,DDT,A,IPF,IDA,2024-12-17,2030-12-13,0,0,0,LMC,1,1,1,30.0,3.4011973816621555,2025,0.5338809034907598,1,5.987679671457905
1665,P506815,CSC_RES_BENE_ENAB_ECO_OPP,0,no_progress,,,,0,economic_opportunity,PACT2,"Congo, Democratic Republic of",COD,AFE,TDD,A,IPF,IDA,2025-05-29,2030-07-31,1,1,0,LIC,1,1,1,440.2,6.087229169092361,2025,0.08761122518822724,1,5.171800136892539
1666,P506815,CSC_RES_GEN_EQU,0,no_progress,,,,0,gender_equality,PACT2,"Congo, Democratic Republic of",COD,AFE,TDD,A,IPF,IDA,2025-05-29,2030-07-31,1,1,0,LIC,1,1,1,440.2,6.087229169092361,2025,0.08761122518822724,1,5.171800136892539
1667,P506825,CSC_RES_BENE_ENAB_ECO_OPP,0,no_progress,,,,0,economic_opportunity,RNR Jobs,Bhutan,BTN,SAR,AGR,A,IPF,IDA,2025-06-11,2030-09-30,0,0,0,LMC,1,1,1,29.8342,3.3956553864700783,2025,0.05201916495550993,1,5.30321697467488
1668,P506825,CSC_RES_GEN_EQU,0,no_progress,,,,0,gender_equality,RNR Jobs,Bhutan,BTN,SAR,AGR,A,IPF,IDA,2025-06-11,2030-09-30,0,0,0,LMC,1,1,1,29.8342,3.3956553864700783,2025,0.05201916495550993,1,5.30321697467488
1669,P506846,CSC_RES_GEN_EQU,1,fixed_share,,,,0,gender_equality,SEPT,Argentina,ARG,LCR,TDD,A,IPF,IBRD,2024-11-19,2027-12-30,0,0,0,UMC,1,1,0,500.0,6.214608098422191,2025,0.6105407255304586,1,3.1101984941820673
1670,P506960,CSC_RES_GEN_EQU,0,no_progress,,,,0,gender_equality,Seychelles DPO1,Seychelles,SYC,AFE,MTI,A,DPL,IBRD,2024-11-27,2025-12-31,0,0,1,HIC,0,1,0,15.0,2.70805020110221,2025,0.5886379192334018,1,1.0924024640657084
1671,P506969,CSC_RES_BENE_ENAB_ECO_OPP,0,no_progress,,,,0,economic_opportunity,DJI ICRP,Djibouti,DJI,MENAAP,ENV,A,IPF,IDA,2025-03-14,2029-06-30,0,1,0,LMC,1,1,1,31.0,3.4339872044851463,2025,0.29568788501026694,1,4.295687885010267
1672,P506969,CSC_RES_GEN_EQU,0,no_progress,,,,0,gender_equality,DJI ICRP,Djibouti,DJI,MENAAP,ENV,A,IPF,IDA,2025-03-14,2029-06-30,0,1,0,LMC,1,1,1,31.0,3.4339872044851463,2025,0.29568788501026694,1,4.295687885010267
1673,P507001,CSC_RES_GEN_EQU,0,no_progress,,,,0,gender_equality,HOPE Education,Nigeria,NGA,AFW,EDU,A,P4R,IDA,2025-03-31,2030-02-28,1,0,0,LMC,1,1,1,500.0,6.214608098422191,2025,0.24914442162902123,1,4.914442162902122
1674,P507116,CSC_RES_GEN_EQU,0,no_progress,,,,0,gender_equality,ZM DPF CAT-DDO,Zambia,ZMB,AFE,MTI,A,DPL,IDA,2024-12-18,2027-12-31,0,1,0,LMC,0,1,1,100.0,4.605170185988092,2025,0.5311430527036276,1,3.033538672142368
1675,P507190,CSC_RES_BENE_ENAB_ECO_OPP,0,no_progress,,,,0,economic_opportunity,BERRP,Barbados,BRB,LCR,URS,A,IPF,IBRD,2024-11-21,2030-12-31,0,0,1,HIC,1,1,0,54.0,3.9889840465642745,2025,0.6050650239561944,1,6.108145106091718
1676,P507190,CSC_RES_GEN_EQU,0,no_progress,,,,0,gender_equality,BERRP,Barbados,BRB,LCR,URS,A,IPF,IBRD,2024-11-21,2030-12-31,0,0,1,HIC,1,1,0,54.0,3.9889840465642745,2025,0.6050650239561944,1,6.108145106091718
1677,P507276,CSC_RES_BENE_ENAB_ECO_OPP,0,no_progress,,,,0,economic_opportunity,FEC-2,Türkiye,TUR,ECA,SPL,A,IPF,IBRD,2025-03-31,2031-03-31,0,0,0,UMC,1,1,0,500.0,6.214608098422191,2025,0.24914442162902123,1,5.9986310746064335
1678,P507276,CSC_RES_GEN_EQU,0,no_progress,,,,0,gender_equality,FEC-2,Türkiye,TUR,ECA,SPL,A,IPF,IBRD,2025-03-31,2031-03-31,0,0,0,UMC,1,1,0,500.0,6.214608098422191,2025,0.24914442162902123,1,5.9986310746064335
1679,P507282,CSC_RES_BENE_ENAB_ECO_OPP,1,fixed_share,,,,0,economic_opportunity,IREM Project,Iraq,IRQ,MENAAP,TDD,A,IPF,IBRD,2025-06-24,2032-06-30,1,0,0,UMC,1,1,0,930.0,6.835184586147301,2025,0.01642710472279261,1,7.017111567419575
1680,P507282,CSC_RES_GEN_EQU,0,no_progress,,,,0,gender_equality,IREM Project,Iraq,IRQ,MENAAP,TDD,A,IPF,IBRD,2025-06-24,2032-06-30,1,0,0,UMC,1,1,0,930.0,6.835184586147301,2025,0.01642710472279261,1,7.017111567419575
1681,P507316,CSC_RES_BENE_ENAB_ECO_OPP,0,no_progress,,,,0,economic_opportunity,BERRy,St. Vincent and the Grenadines,VCT,LCR,URS,A,IPF,IDA,2024-10-11,2031-10-30,0,0,1,UMC,1,1,1,63.0,4.143134726391533,2025,0.7173169062286106,1,7.049965776865161
1682,P507316,CSC_RES_GEN_EQU,0,informative,0.0,0.8073770491803278,-80.73770491803278,1,gender_equality,BERRy,St. Vincent and the Grenadines,VCT,LCR,URS,A,IPF,IDA,2024-10-11,2031-10-30,0,0,1,UMC,1,1,1,63.0,4.143134726391533,2025,0.7173169062286106,1,7.049965776865161
1683,P507382,CSC_RES_BENE_ENAB_ECO_OPP,0,no_progress,,,,0,economic_opportunity,Growth DPF,Jordan,JOR,MENAAP,FCI,A,DPL,IBRD,2025-03-31,2026-09-30,0,0,0,LMC,0,1,0,400.0,5.991464547107982,2025,0.24914442162902123,1,1.5003422313483916
1684,P507382,CSC_RES_GEN_EQU,0,no_progress,,,,0,gender_equality,Growth DPF,Jordan,JOR,MENAAP,FCI,A,DPL,IBRD,2025-03-31,2026-09-30,0,0,0,LMC,0,1,0,400.0,5.991464547107982,2025,0.24914442162902123,1,1.5003422313483916
1685,P507508,CSC_RES_BENE_ENAB_ECO_OPP,0,no_progress,,,,0,economic_opportunity,Amaravati PforR,India,IND,SAR,URS,A,P4R,IBRD,2024-12-19,2029-12-31,0,0,0,LMC,0,1,0,800.0,6.684611727667927,2025,0.5284052019164955,1,5.032169746748802
1686,P507508,CSC_RES_GEN_EQU,0,no_progress,,,,0,gender_equality,Amaravati PforR,India,IND,SAR,URS,A,P4R,IBRD,2024-12-19,2029-12-31,0,0,0,LMC,0,1,0,800.0,6.684611727667927,2025,0.5284052019164955,1,5.032169746748802
1687,P507512,CSC_RES_GEN_EQU,1,fixed_share,,,,0,gender_equality,GRADES-B,Pakistan,PAK,MENAAP,EDU,A,IPF,IDA,2025-06-24,2030-06-28,0,0,0,LMC,1,1,1,100.0,4.605170185988092,2025,0.01642710472279261,1,5.0102669404517455
1688,P507516,CSC_RES_BENE_ENAB_ECO_OPP,0,no_progress,,,,0,economic_opportunity,BIMP-III,Nepal,NPL,SAR,TDD,A,P4R,IDA,2025-03-28,2030-06-28,0,1,0,LMC,1,1,1,150.0,5.0106352940962555,2025,0.25735797399041754,1,5.25119780971937
1689,P507516,CSC_RES_GEN_EQU,0,no_progress,,,,0,gender_equality,BIMP-III,Nepal,NPL,SAR,TDD,A,P4R,IDA,2025-03-28,2030-06-28,0,1,0,LMC,1,1,1,150.0,5.0106352940962555,2025,0.25735797399041754,1,5.25119780971937
1690,P507576,CSC_RES_BENE_ENAB_ECO_OPP,0,no_progress,,,,0,economic_opportunity,Moldova DPO,Moldova,MDA,ECA,MTI,A,DPL,IBRD,2025-05-08,2026-06-30,0,0,0,UMC,0,1,0,90.0,4.499809670330265,2025,0.14510609171800137,1,1.1444216290212184
1691,P507576,CSC_RES_GEN_EQU,0,no_progress,,,,0,gender_equality,Moldova DPO,Moldova,MDA,ECA,MTI,A,DPL,IBRD,2025-05-08,2026-06-30,0,0,0,UMC,0,1,0,90.0,4.499809670330265,2025,0.14510609171800137,1,1.1444216290212184
1692,P507759,CSC_RES_BENE_ENAB_ECO_OPP,0,no_progress,,,,0,economic_opportunity,ASCENT Moz,Mozambique,MOZ,AFE,EAE,A,IPF,IDA,2025-03-21,2030-12-31,1,1,0,LIC,1,1,1,100.0,4.605170185988092,2025,0.27652292950034224,1,5.779603011635865
1693,P507759,CSC_RES_GEN_EQU,0,no_progress,,,,0,gender_equality,ASCENT Moz,Mozambique,MOZ,AFE,EAE,A,IPF,IDA,2025-03-21,2030-12-31,1,1,0,LIC,1,1,1,100.0,4.605170185988092,2025,0.27652292950034224,1,5.779603011635865
1694,P507881,CSC_RES_BENE_ENAB_ECO_OPP,0,no_progress,,,,0,economic_opportunity,Kosovo Finance,Kosovo,XKX,ECA,FCI,A,IPF,IDA,2025-01-16,2030-06-30,0,0,0,UMC,1,1,1,52.0,3.9512437185814275,2025,0.4517453798767967,1,5.451060917180014
1695,P507881,CSC_RES_FIN_SERV,0,no_progress,,,,0,financial_services,Kosovo Finance,Kosovo,XKX,ECA,FCI,A,IPF,IDA,2025-01-16,2030-06-30,0,0,0,UMC,1,1,1,52.0,3.9512437185814275,2025,0.4517453798767967,1,5.451060917180014
1696,P507881,CSC_RES_GEN_EQU,0,no_progress,,,,0,gender_equality,Kosovo Finance,Kosovo,XKX,ECA,FCI,A,IPF,IDA,2025-01-16,2030-06-30,0,0,0,UMC,1,1,1,52.0,3.9512437185814275,2025,0.4517453798767967,1,5.451060917180014
1697,P507912,CSC_RES_WAT_SAN_HYG,0,no_progress,,,,0,wash,TZ DPF Cat DDO,Tanzania,TZA,AFE,URS,A,DPL,IDA,2025-06-05,2028-06-04,0,1,0,LMC,0,1,1,300.0,5.703782474656201,2025,0.06844626967830253,1,2.9979466119096507
1698,P507912,CSC_RES_WAT_SAN_SAFE,0,no_progress,,,,0,wash,TZ DPF Cat DDO,Tanzania,TZA,AFE,URS,A,DPL,IDA,2025-06-05,2028-06-04,0,1,0,LMC,0,1,1,300.0,5.703782474656201,2025,0.06844626967830253,1,2.9979466119096507
1699,P507921,CSC_RES_BENE_ENAB_ECO_OPP,0,no_progress,,,,0,economic_opportunity,Mali-NSS,Mali,MLI,AFW,TDD,A,IPF,IDA,2025-05-28,2030-10-31,1,1,0,LIC,1,1,1,219.8,5.392718041969521,2025,0.09034907597535935,1,5.426420260095825
1700,P507921,CSC_RES_GEN_EQU,0,no_progress,,,,0,gender_equality,Mali-NSS,Mali,MLI,AFW,TDD,A,IPF,IDA,2025-05-28,2030-10-31,1,1,0,LIC,1,1,1,219.8,5.392718041969521,2025,0.09034907597535935,1,5.426420260095825
1701,P507935,CSC_RES_GEN_EQU,1,fixed_share,,,,0,gender_equality,ANRiN 2.0,Nigeria,NGA,AFW,HNP,A,IPF,IDA,2025-03-31,2026-12-31,1,0,0,LMC,1,1,1,80.0,4.382026634673881,2025,0.24914442162902123,1,1.7522245037645447
1702,P508006,CSC_RES_BENE_ENAB_ECO_OPP,0,no_progress,,,,0,economic_opportunity,SCORE,Myanmar,MMR,EAP,SOC,A,IPF,IDA,2025-05-29,2029-06-30,1,1,0,LMC,1,1,1,52.5,3.960813169597578,2025,0.08761122518822724,1,4.087611225188227
1703,P508006,CSC_RES_GEN_EQU,0,no_progress,,,,0,gender_equality,SCORE,Myanmar,MMR,EAP,SOC,A,IPF,IDA,2025-05-29,2029-06-30,1,1,0,LMC,1,1,1,52.5,3.960813169597578,2025,0.08761122518822724,1,4.087611225188227
1704,P508058,CSC_RES_BENE_ENAB_ECO_OPP,0,no_progress,,,,0,economic_opportunity,B-STRONG,Bangladesh,BGD,SAR,URS,A,IPF,IDA,2025-05-14,2030-12-31,0,1,0,LMC,1,1,1,270.0,5.598421958998375,2025,0.12867898699520877,1,5.631759069130732
1705,P508058,CSC_RES_GEN_EQU,0,no_progress,,,,0,gender_equality,B-STRONG,Bangladesh,BGD,SAR,URS,A,IPF,IDA,2025-05-14,2030-12-31,0,1,0,LMC,1,1,1,270.0,5.598421958998375,2025,0.12867898699520877,1,5.631759069130732
1706,P508089,CSC_RES_GEN_EQU,1,fixed_share,,,,0,gender_equality,Myanmar HANS,Myanmar,MMR,EAP,HNP,A,IPF,IDA,2025-05-29,2027-12-31,1,1,0,LMC,1,1,1,40.0,3.6888794541139363,2025,0.08761122518822724,1,2.5900068446269677
1707,P508124,CSC_RES_WAT_SAN_HYG,0,no_progress,,,,0,wash,WISE MPA,Armenia,ARM,ECA,WAT,A,IPF,IBRD,2025-06-13,2031-06-30,0,0,0,UMC,1,1,0,80.0,4.382026634673881,2025,0.04654346338124572,1,6.04517453798768
1708,P508124,CSC_RES_WAT_SAN_SAFE,0,no_progress,,,,0,wash,WISE MPA,Armenia,ARM,ECA,WAT,A,IPF,IBRD,2025-06-13,2031-06-30,0,0,0,UMC,1,1,0,80.0,4.382026634673881,2025,0.04654346338124572,1,6.04517453798768
1709,P508182,CSC_RES_BENE_ENAB_ECO_OPP,0,no_progress,,,,0,economic_opportunity,GFM2,Benin,BEN,AFW,ENV,A,IPF,IDA,2025-04-30,2032-07-31,0,1,0,LMC,1,1,1,80.7,4.390738575275903,2025,0.16700889801505817,1,7.252566735112937
1710,P508182,CSC_RES_GEN_EQU,0,no_progress,,,,0,gender_equality,GFM2,Benin,BEN,AFW,ENV,A,IPF,IDA,2025-04-30,2032-07-31,0,1,0,LMC,1,1,1,80.7,4.390738575275903,2025,0.16700889801505817,1,7.252566735112937
1711,P508519,CSC_RES_GEN_EQU,0,no_progress,,,,0,gender_equality,SSPIRIT,Bangladesh,BGD,SAR,SPL,A,IPF,IDA,2025-03-26,2030-06-30,0,1,0,LMC,1,1,1,200.0,5.298317366548036,2025,0.26283367556468173,1,5.262149212867898
1712,P508608,CSC_RES_BENE_ENAB_ECO_OPP,0,no_progress,,,,0,economic_opportunity,Kyrgyz DPO-1,Kyrgyz Republic,KGZ,ECA,MTI,A,DPL,IDA,2025-06-20,2027-12-31,0,0,0,LMC,0,1,1,101.5,4.620058798481842,2025,0.02737850787132101,1,2.529774127310062
1713,P508608,CSC_RES_GEN_EQU,0,no_progress,,,,0,gender_equality,Kyrgyz DPO-1,Kyrgyz Republic,KGZ,ECA,MTI,A,DPL,IDA,2025-06-20,2027-12-31,0,0,0,LMC,0,1,1,101.5,4.620058798481842,2025,0.02737850787132101,1,2.529774127310062
1714,P508708,CSC_RES_GEN_EQU,0,no_progress,,,,0,gender_equality,RSSP-JO,Jordan,JOR,MENAAP,SPL,A,P4R,IBRD,2025-03-31,2029-03-31,0,0,0,LMC,0,1,0,400.0,5.991464547107982,2025,0.24914442162902123,1,4.0
1715,P508960,CSC_RES_BENE_ENAB_ECO_OPP,0,no_progress,,,,0,economic_opportunity,ASCENT Eswatini,Eswatini,SWZ,AFE,EAE,A,IPF,IBRD,2025-02-05,2030-12-31,0,0,0,LMC,1,1,0,90.0,4.499809670330265,2025,0.39698836413415467,1,5.900068446269678
1716,P508960,CSC_RES_GEN_EQU,0,no_progress,,,,0,gender_equality,ASCENT Eswatini,Eswatini,SWZ,AFE,EAE,A,IPF,IBRD,2025-02-05,2030-12-31,0,0,0,LMC,1,1,0,90.0,4.499809670330265,2025,0.39698836413415467,1,5.900068446269678
1717,P509222,CSC_RES_GEN_EQU,0,no_progress,,,,0,gender_equality,SCDDO,"Somalia, Federal Republic of",SOM,AFE,URS,A,DPL,IDA,2025-05-23,2028-08-31,1,1,0,LIC,0,1,1,20.0,2.995732273553991,2025,0.10403832991101986,1,3.274469541409993
1718,P509428,CSC_RES_GEN_EQU,0,no_progress,,,,0,gender_equality,LEAP,Lebanon,LBN,MENAAP,URS,A,IPF,IBRD,2025-06-24,2030-12-31,1,0,0,LMC,1,1,0,250.0,5.521460917862246,2025,0.01642710472279261,1,5.519507186858316
1719,P509428,CSC_RES_WAT_SAN_HYG,1,fixed_share,,,,0,wash,LEAP,Lebanon,LBN,MENAAP,URS,A,IPF,IBRD,2025-06-24,2030-12-31,1,0,0,LMC,1,1,0,250.0,5.521460917862246,2025,0.01642710472279261,1,5.519507186858316
1720,P509601,CSC_RES_GEN_EQU,1,fixed_share,,,,0,gender_equality,Niger RCF,Niger,NER,AFW,GOV,A,IPF,IDA,2025-06-05,2027-12-31,1,1,0,LIC,1,1,1,220.0,5.393627546352362,2025,0.06844626967830253,1,2.5708418891170433
1721,P509677,CSC_RES_BENE_ENAB_ECO_OPP,0,no_progress,,,,0,economic_opportunity,Jya Mbere II,Rwanda,RWA,AFE,SOC,A,IPF,IDA,2025-06-25,2030-12-31,0,1,0,LIC,1,1,1,66.7,4.200204952921578,2025,0.013689253935660506,1,5.516769336071184
1722,P509677,CSC_RES_GEN_EQU,0,no_progress,,,,0,gender_equality,Jya Mbere II,Rwanda,RWA,AFE,SOC,A,IPF,IDA,2025-06-25,2030-12-31,0,1,0,LIC,1,1,1,66.7,4.200204952921578,2025,0.013689253935660506,1,5.516769336071184
1723,P509738,CSC_RES_BENE_ENAB_ECO_OPP,0,no_progress,,,,0,economic_opportunity,KEWASIP,Kenya,KEN,AFE,ENV,A,IPF,IDA,2025-06-12,2030-12-31,0,0,0,LMC,1,1,1,200.0,5.298317366548036,2025,0.049281314168377825,1,5.552361396303901
1724,P509738,CSC_RES_GEN_EQU,0,no_progress,,,,0,gender_equality,KEWASIP,Kenya,KEN,AFE,ENV,A,IPF,IDA,2025-06-12,2030-12-31,0,0,0,LMC,1,1,1,200.0,5.298317366548036,2025,0.049281314168377825,1,5.552361396303901
1725,P509890,CSC_RES_WAT_SAN_HYG,0,no_progress,,,,0,wash,UWSP,Mozambique,MOZ,AFE,WAT,A,IPF,IDA,2025-06-17,2030-12-31,1,1,0,LIC,1,1,1,143.0,4.962844630259907,2025,0.03559206023271732,1,5.538672142368241
1726,P510382,CSC_RES_FIN_SERV,0,no_progress,,,,0,financial_services,M300 PCF,Western and Central Africa,,AFW,EAE,A,IPF,IDA,2025-06-23,2030-12-30,0,0,0,Unknown,1,1,1,25.0,3.2188758248682006,2025,0.019164955509924708,1,5.519507186858316
1727,P510427,CSC_RES_BENE_ENAB_ECO_OPP,0,no_progress,,,,0,economic_opportunity,TRACER MOZ SOP2,Mozambique,MOZ,AFE,TDD,A,IPF,IDA,2025-06-23,2030-06-30,1,1,0,LIC,1,1,1,123.3,4.814620410170298,2025,0.019164955509924708,1,5.018480492813142
1728,P510427,CSC_RES_GEN_EQU,0,no_progress,,,,0,gender_equality,TRACER MOZ SOP2,Mozambique,MOZ,AFE,TDD,A,IPF,IDA,2025-06-23,2030-06-30,1,1,0,LIC,1,1,1,123.3,4.814620410170298,2025,0.019164955509924708,1,5.018480492813142
1729,P511201,CSC_RES_BENE_ENAB_ECO_OPP,0,no_progress,,,,0,economic_opportunity,SGIR,Bangladesh,BGD,SAR,MTI,A,DPL,IDA,2025-06-20,2026-06-30,0,1,0,LMC,0,1,1,500.0,6.214608098422191,2025,0.02737850787132101,1,1.0266940451745379
1730,P511201,CSC_RES_GEN_EQU,0,no_progress,,,,0,gender_equality,SGIR,Bangladesh,BGD,SAR,MTI,A,DPL,IDA,2025-06-20,2026-06-30,0,1,0,LMC,0,1,1,500.0,6.214608098422191,2025,0.02737850787132101,1,1.0266940451745379
1731,P511407,CSC_RES_BENE_ENAB_ECO_OPP,0,no_progress,,,,0,economic_opportunity,SEEP,Syrian Arab Republic,SYR,MENAAP,EAE,A,IPF,IDA,2025-06-24,2029-12-31,1,0,0,LIC,1,1,1,146.0,4.983606621708336,2025,0.01642710472279261,1,4.520191649555099
1732,P511407,CSC_RES_GEN_EQU,0,no_progress,,,,0,gender_equality,SEEP,Syrian Arab Republic,SYR,MENAAP,EAE,A,IPF,IDA,2025-06-24,2029-12-31,1,0,0,LIC,1,1,1,146.0,4.983606621708336,2025,0.01642710472279261,1,4.520191649555099
1733,P511453,CSC_RES_BENE_ENAB_ECO_OPP,0,no_progress,,,,0,economic_opportunity,GNEAP-2,Guinea,GIN,AFW,EAE,A,IPF,IDA,2025-06-30,2030-06-30,0,1,0,LMC,1,1,1,132.3,4.88507207112091,2025,0.0,1,4.999315537303217
1734,P511453,CSC_RES_GEN_EQU,0,no_progress,,,,0,gender_equality,GNEAP-2,Guinea,GIN,AFW,EAE,A,IPF,IDA,2025-06-30,2030-06-30,0,1,0,LMC,1,1,1,132.3,4.88507207112091,2025,0.0,1,4.999315537303217
