project_id,project_name,country,country_code,region,dept,status,instrument,financier,approval,closing,fcv,ldc,sids,income,disability_incl,active,ida,commitment_musd,log_commit,approval_fy,years_since_approval,post_scorecard,planned_years,n_results,share_outcome,share_reach,share_scaled,share_zero_baseline,any_outcome
P102459,ZM- Irrigation Development Project(FY10),Zambia,ZMB,AFE,AGR,C,IPF,IDA,2011-04-07,2024-11-30,0,1,0,LMC,0,0,1,145.0,4.976733742420574,2011,14.231348391512663,0,13.650924024640657,1,0.0,1.0,0.0,1.0,0
P103063,LB: Greater Beirut Water Supply,Lebanon,LBN,MENAAP,WAT,C,IPF,IBRD,2010-12-16,2025-04-30,1,0,0,LMC,0,0,0,200.0,5.298317366548036,2011,14.537987679671458,0,14.3709787816564,1,0.0,0.0,1.0,1.0,0
P104164,IN: National Rural Livelihoods Project,India,IND,SAR,AGR,C,IPF,IDA,2011-07-05,2024-06-30,0,0,0,LMC,0,0,1,761.196292,6.634891264154218,2012,13.987679671457906,0,12.988364134154688,4,0.0,1.0,0.0,0.75,0
P105680,AR(APL1) Matanza-Riachuelo Development,Argentina,ARG,LCR,WAT,A,IPF,IBRD,2009-06-09,2026-03-31,0,0,0,UMC,0,1,0,1228.032,7.11316816699949,2009,16.057494866529773,0,16.80766598220397,1,0.0,1.0,0.0,1.0,0
P117635,KE Enhancing Wat Security & Climate Res,Kenya,KEN,AFE,WAT,C,IPF,IDA,2013-06-18,2025-05-31,0,0,0,LMC,0,0,1,159.59739009,5.07265433206245,2013,12.032854209445585,0,11.950718685831623,1,0.0,1.0,1.0,1.0,0
P118518,Agriculture Competitiveness Project,Moldova,MDA,ECA,AGR,A,IPF,IDA,2012-05-01,2025-12-31,0,0,0,UMC,0,1,1,54.978521189999995,4.0069425851400045,2012,13.163586584531142,0,13.66735112936345,2,1.0,0.0,0.0,1.0,1
P119063,GH-GAMA Sanitation and Water Project,Ghana,GHA,AFW,WAT,A,IPF,IDA,2013-06-06,2026-06-30,0,0,0,LMC,0,1,1,304.99835943,5.7203063976749124,2013,12.06570841889117,0,13.065023956194388,3,0.0,0.6666666666666666,0.0,1.0,0
P119893,Elect. Network Reinforcement & Expansio,Ethiopia,ETH,AFE,EAE,C,IPF,IDA,2012-05-29,2025-03-31,1,1,0,Unknown,0,0,1,397.20000014,5.984439932523485,2012,13.086926762491444,0,12.837782340862423,2,0.0,0.0,0.0,1.0,0
P122764,ET:Women Entrepreneurship Development,Ethiopia,ETH,AFE,FCI,C,IPF,IDA,2012-05-24,2024-12-31,1,1,0,Unknown,0,0,1,147.15870147,4.991511606264509,2012,13.100616016427105,0,12.605065023956195,5,0.0,0.6,0.0,1.0,0
P125229,ZW-Health Sector Development Proj (FY12),Zimbabwe,ZWE,AFE,HNP,C,IPF,RETF,2011-09-29,2024-03-31,1,0,0,LMC,0,0,0,78.0,4.356708826689592,2012,13.752224503764545,0,12.503764544832306,2,0.5,0.5,0.5,1.0,1
P126452,BR MST Rio Grande do Norte Regional Dev,Brazil,BRA,LCR,AGR,C,IPF,IBRD,2013-06-25,2023-12-31,0,0,0,UMC,0,0,0,360.0,5.886104031450156,2013,12.013689253935661,0,10.516084873374401,1,0.0,1.0,0.0,1.0,0
P127306,LB: Supporting Innovation in SMEs Proj,Lebanon,LBN,MENAAP,FCI,C,IPF,IBRD,2012-10-31,2024-06-30,1,0,0,LMC,0,0,0,30.0,3.4011973816621555,2013,12.66255989048597,0,11.663244353182751,1,0.0,1.0,0.0,1.0,0
P127978,Second Ho Chi Minh City ES Project,Viet Nam,VNM,EAP,WAT,A,IPF,IBRD,2014-12-23,2026-12-31,0,0,0,LMC,0,1,0,419.00000098000004,6.03787092226104,2015,10.518822724161533,0,12.021902806297057,1,0.0,0.0,1.0,1.0,0
P128344,UA SSN MOD,Ukraine,UKR,ECA,SPL,C,IPF,IBRD,2014-07-03,2025-08-31,1,0,0,UMC,0,0,0,750.0,6.620073206530356,2015,10.992470910335387,0,11.162217659137577,1,0.0,1.0,0.0,0.0,0
P128442,DISEASE PREVENTION & CTRL,Armenia,ARM,ECA,HNP,C,IPF,IDA,2013-03-27,2024-06-30,0,0,0,UMC,0,0,1,42.39251761,3.7469718752027275,2013,12.260095824777549,0,11.260780287474333,3,1.0,0.0,0.6666666666666666,0.3333333333333333,1
P128605,Sustainable Cities,Türkiye,TUR,ECA,URS,C,IPF,IBRD,2016-12-20,2024-07-31,0,0,0,UMC,0,0,0,132.768,4.888603244150457,2017,8.525667351129364,0,7.611225188227242,2,0.0,1.0,0.0,1.0,0
P129992,Dominica DVRP,Dominica,DMA,LCR,URS,C,IPF,IDA,2014-05-01,2025-06-30,0,0,1,UMC,0,0,1,100.8,4.613138355637268,2014,11.16495550992471,0,11.16495550992471,1,0.0,1.0,1.0,1.0,0
P130174,Kandadji Project,Niger,NER,AFW,WAT,A,IPF,IDA,2012-10-02,2027-03-31,1,1,0,LIC,0,1,1,408.2,6.011757250375744,2013,12.7419575633128,0,14.491444216290212,1,0.0,1.0,0.0,1.0,0
P130471,UG-Competive. & Enterprise. Dev. Project,Uganda,UGA,AFE,FCI,C,IPF,IDA,2013-05-09,2024-11-30,0,1,0,LIC,0,0,1,192.799844,5.2616525730474875,2013,12.14236824093087,0,11.561943874058864,4,0.0,0.0,0.0,1.0,0
P130682,BR ES Integrated Sust. Water Mgt Project,Brazil,BRA,LCR,WAT,C,IPF,IBRD,2014-03-28,2024-06-30,0,0,0,UMC,0,0,0,172.4,5.149817358229593,2014,11.2580424366872,0,10.258726899383984,1,0.0,1.0,0.0,1.0,0
P131256,MA: Noor Solar Power Project,Morocco,MAR,MENAAP,EAE,C,IPF,IBRD,2014-09-30,2024-06-28,0,0,0,LMC,0,0,0,291.88288471,5.676352642054008,2015,10.74880219028063,0,9.744010951403148,2,0.0,1.0,0.0,1.0,0
P132386,Second Urban Infrastructure Proj (UIP2),Ukraine,UKR,ECA,WAT,C,IPF,IBRD,2014-05-22,2025-06-30,1,0,0,UMC,0,0,0,277.0960781,5.624364298394539,2014,11.107460643394935,0,11.107460643394935,2,0.0,0.5,0.5,1.0,0
P132634,Safety Net Systems for the Poorest,Bangladesh,BGD,SAR,SPL,C,IPF,IDA,2013-06-26,2024-12-31,0,1,0,LMC,0,0,1,828.01635228,6.719032903320683,2013,12.010951403148528,0,11.515400410677618,3,0.0,1.0,0.0,1.0,0
P133597,SN Safety Net,Senegal,SEN,AFW,SPL,C,IPF,IDA,2014-04-29,2024-03-15,0,1,0,LMC,0,0,1,177.49794334999999,5.17895902208778,2014,11.170431211498974,0,9.878165639972622,1,0.0,1.0,0.0,1.0,0
P133703,Horticulture Development Project,Uzbekistan,UZB,ECA,AGR,C,IPF,IBRD,2014-06-12,2024-06-30,0,0,0,LMC,0,0,0,646.3612710499999,6.471358590575905,2014,11.049965776865161,0,10.050650239561945,2,0.0,0.0,0.0,1.0,0
P144135,GA-Access to Basic Srvces in Rural Areas,Gabon,GAB,AFW,EAE,C,IPF,IBRD,2015-09-17,2023-11-29,0,0,0,UMC,0,0,0,60.0,4.0943445622221,2016,9.78507871321013,0,8.199863107460644,1,0.0,1.0,0.0,1.0,0
P144688,Albania Health System Improvement,Albania,ALB,ECA,HNP,C,IPF,IBRD,2015-02-27,2025-09-30,0,0,0,UMC,0,0,0,69.5,4.241326752570746,2015,10.338124572210814,0,10.590006844626968,2,0.0,1.0,0.5,0.5,0
P144893,"Serving People, Improving Health Project",Ukraine,UKR,ECA,HNP,C,IPF,IBRD,2015-03-04,2024-06-30,1,0,0,UMC,0,0,0,349.729837,5.857160962133959,2015,10.324435318275153,0,9.325119780971937,1,0.0,0.0,1.0,1.0,0
P145174,Health Sector Reform,Romania,ROU,ECA,HNP,A,IPF,IBRD,2014-03-28,2026-06-30,0,0,0,HIC,0,1,0,514.8,6.243778475721972,2014,11.2580424366872,0,12.257357973990418,1,0.0,1.0,0.0,1.0,0
P145196,Eastern Recovery Project,"Congo, Democratic Republic of",COD,AFE,SPL,C,IPF,IDA,2014-02-27,2025-06-30,1,1,0,LIC,0,0,1,701.1273972,6.55268960689914,2014,11.33744010951403,0,11.33744010951403,4,0.0,1.0,0.0,1.0,0
P145559,Cstl Rgn Water Security & Clim. Res,Kenya,KEN,AFE,WAT,A,IPF,IDA,2014-12-16,2027-01-31,0,0,0,LMC,0,1,1,269.710208,5.597348078891777,2015,10.537987679671458,0,12.125941136208077,2,0.0,1.0,0.0,1.0,0
P146970,Third Village Investment Project,Kyrgyz Republic,KGZ,ECA,SOC,C,IPF,IDA,2015-03-27,2024-11-30,0,0,0,LMC,0,0,1,28.98969923,3.366940567922862,2015,10.261464750171116,0,9.681040383299111,2,1.0,0.0,0.0,1.0,1
P147158,BR Paraiba Sustainable Rural Development,Brazil,BRA,LCR,AGR,A,IPF,IBRD,2017-10-20,2026-06-15,0,0,0,UMC,0,1,0,50.0,3.912023005428146,2018,7.693360711841205,0,8.65160848733744,3,0.0,1.0,0.0,0.6666666666666666,0
P147555,DRC -Health System Strengthening Project,"Congo, Democratic Republic of",COD,AFE,HNP,C,IPF,IDA,2014-12-18,2024-06-30,1,1,0,LIC,0,0,1,660.0,6.492239835020471,2015,10.532511978097194,0,9.533196440793978,3,0.0,1.0,0.0,1.0,0
P147665,JM Foundations for Compet & Growth,Jamaica,JAM,LCR,FCI,C,IPF,IBRD,2014-07-25,2024-03-31,0,0,1,UMC,0,0,0,55.876349149999996,4.023141198503524,2015,10.932238193018481,0,9.683778234086242,1,0.0,1.0,0.0,1.0,0
P147827,LK Water and Sanitation Improvement Proj,Sri Lanka,LKA,SAR,WAT,C,IPF,IDA,2015-06-24,2025-06-30,0,0,0,LMC,0,0,1,204.99673856,5.322994069548437,2015,10.017796030116358,0,10.017796030116358,5,0.0,1.0,0.0,1.0,0
P147854,LB: Lake Qaraoun Pollution Prevention,Lebanon,LBN,MENAAP,ENV,A,IPF,IBRD,2016-07-14,2025-12-31,1,0,0,LMC,0,1,0,55.0,4.007333185232471,2017,8.960985626283367,0,9.464750171115675,1,0.0,0.0,1.0,1.0,0
P148181,Belarus Education Modernization Project,Belarus,BLR,ECA,EDU,C,IPF,IBRD,2015-09-17,2025-02-28,0,0,0,UMC,0,0,0,78.13649462000001,4.358457228369842,2016,9.78507871321013,0,9.451060917180014,5,0.0,0.0,0.0,1.0,0
P148447,Ethiopia SME Finance Project,Ethiopia,ETH,AFE,FCI,C,IPF,IDA,2016-05-17,2025-08-31,1,1,0,Unknown,0,0,1,388.49381877999997,5.962277259204939,2016,9.119780971937029,0,9.289527720739219,8,0.25,0.625,0.0,0.25,1
P148531,Uttarakhand Health Systems Devp Proj,India,IND,SAR,HNP,C,IPF,IDA,2017-01-26,2024-12-31,0,0,0,LMC,0,0,1,66.17,4.192227188023968,2017,8.424366872005475,0,7.928815879534565,2,0.0,1.0,0.0,1.0,0
P148797,FY14-GB Emergency Wat & Elec Serv,Guinea-Bissau,GNB,AFW,WAT,C,IPF,IDA,2014-05-29,2024-06-30,1,1,1,LIC,0,0,1,46.076108299999994,3.8302945575259475,2014,11.08829568788501,0,10.088980150581794,2,0.0,1.0,0.0,1.0,0
P149091,ZM-Lusaka Sanitation Project,Zambia,ZMB,AFE,WAT,C,IPF,IDA,2015-05-22,2024-04-30,0,1,0,LMC,0,0,1,65.0,4.174387269895637,2015,10.108145106091717,0,8.941820670773442,1,0.0,1.0,0.0,1.0,0
P149117,Benin Cross Border Tourism & Competitive,Benin,BEN,AFW,FCI,C,IPF,IDA,2016-03-25,2024-06-30,0,1,0,LMC,0,0,1,75.0,4.31748811353631,2016,9.264887063655031,0,8.265571526351813,2,0.0,1.0,0.0,1.0,0
P149323,MG-Social Safety Net Project,Madagascar,MDG,AFE,SPL,C,IPF,IDA,2015-09-16,2024-10-31,0,1,0,LIC,0,0,1,314.86830889,5.752154484395381,2016,9.787816563997263,0,9.125256673511293,7,0.14285714285714285,0.8571428571428571,0.14285714285714285,0.8571428571428571,1
P149340,Nagaland Health Project,India,IND,SAR,HNP,C,IPF,IDA,2016-12-19,2024-06-30,0,0,0,LMC,0,0,1,43.0,3.7612001156935624,2017,8.528405201916495,0,7.529089664613279,1,0.0,1.0,0.0,1.0,0
P149377,Water Service & Institutional Support II,Mozambique,MOZ,AFE,WAT,C,IPF,IDA,2016-03-29,2025-06-30,1,1,0,LIC,0,0,1,165.0,5.10594547390058,2016,9.253935660506503,0,9.253935660506503,1,0.0,1.0,0.0,1.0,0
P149610,Fergana Valley WRM - Phase II,Uzbekistan,UZB,ECA,WAT,A,IPF,IDA,2017-06-30,2026-06-30,0,0,0,LMC,0,1,1,144.9,4.976043849326636,2017,8.0,0,8.999315537303216,2,1.0,0.0,0.0,1.0,1
P149960,Essential Health Services Access Project,Myanmar,MMR,EAP,HNP,C,IPF,IDA,2014-10-14,2024-09-30,1,1,0,LMC,0,0,1,88.22208515999999,4.479857330307694,2015,10.710472279260781,0,9.963039014373717,3,0.0,0.6666666666666666,0.0,1.0,0
P149990,Public Sector Energy Efficiency Project,North Macedonia,MKD,ECA,EAE,A,IPF,IBRD,2020-01-30,2027-01-31,0,0,0,UMC,1,1,0,27.4,3.3105430133940246,2020,5.415468856947296,0,7.003422313483915,2,0.0,0.0,0.0,1.0,0
P149995,MA: Casablanca Municipal Support Program,Morocco,MAR,MENAAP,URS,A,P4R,IBRD,2017-12-13,2026-06-30,0,0,0,LMC,0,1,0,300.0,5.703782474656201,2018,7.545516769336071,0,8.544832306639288,1,0.0,1.0,0.0,1.0,0
P150080,SWEDD,Chad,TCD,AFW,HNP,C,IPF,IDA,2014-12-18,2024-12-31,1,1,0,LIC,0,0,1,580.6314376,6.364116196869395,2015,10.532511978097194,0,10.036960985626283,81,0.0,0.4444444444444444,0.6666666666666666,1.0,0
P150327,LEIDP,Armenia,ARM,ECA,URS,C,IPF,IBRD,2015-12-22,2024-12-31,0,0,0,UMC,0,0,0,42.8,3.756538102587751,2016,9.522245037645447,0,9.026694045174539,1,0.0,1.0,1.0,1.0,0
P150361,Second-TZ-Water Sector Suport Project,Tanzania,TZA,AFE,WAT,A,IPF,IDA,2017-01-23,2026-12-31,0,1,0,LMC,0,1,1,225.0,5.41610040220442,2017,8.432580424366872,0,9.935660506502396,2,0.0,1.0,0.0,1.0,0
P150696,Third Regional Development Project,Georgia,GEO,ECA,URS,C,IPF,IBRD,2015-07-01,2024-10-30,0,0,0,UMC,0,0,0,60.0,4.0943445622221,2016,9.998631074606434,0,9.333333333333334,1,0.0,1.0,1.0,1.0,0
P150928,MA: Financing Innovative Startups & SMEs,Morocco,MAR,MENAAP,FCI,A,IPF,IBRD,2017-03-10,2025-11-30,0,0,0,LMC,0,1,0,50.0,3.912023005428146,2017,8.306639288158795,0,8.725530458590006,4,0.0,1.0,0.0,1.0,0
P150937,TZ-DSM Urban Transprt Improvmnt Proj-SUF,Tanzania,TZA,AFE,TDD,A,IPF,IDA,2017-03-08,2026-04-30,0,1,0,LMC,0,1,1,425.0,6.052089168924417,2017,8.31211498973306,0,9.144421629021219,2,0.0,0.0,0.0,1.0,0
P150993,EG: Inclusive Housing Finance Program,"Egypt, Arab Republic of",EGY,MENAAP,FCI,A,P4R,IBRD,2015-05-05,2026-12-31,0,0,0,LMC,0,1,0,1000.0,6.907755278982137,2015,10.154688569472963,0,11.657768651608487,7,0.0,1.0,0.0,1.0,0
P151026,Transport Sector Improvement Project,Ghana,GHA,AFW,TDD,C,IPF,IDA,2017-06-06,2025-06-30,0,0,0,LMC,0,0,1,131.0,4.875197323201151,2017,8.06570841889117,0,8.06570841889117,2,1.0,0.0,0.0,1.0,1
P151169,MA: Youth Economic Inclusion Project,Morocco,MAR,MENAAP,SOC,C,IPF,IBRD,2019-05-10,2025-09-30,0,0,0,LMC,0,0,0,55.0,4.007333185232471,2019,6.140999315537303,0,6.392881587953457,2,0.0,1.0,0.0,1.0,0
P151224,AO:Water Sector Institutional Dev.2,Angola,AGO,AFE,WAT,A,IPF,IBRD,2017-03-10,2027-12-31,0,1,0,LMC,0,1,0,350.0,5.857933154483459,2017,8.306639288158795,0,10.809034907597535,2,0.0,1.0,0.0,1.0,0
P151324,CI-Infrastruc for Urb Dev and Compet-SUF,Cote d'Ivoire,CIV,AFW,FCI,C,IPF,IDA,2017-06-02,2024-04-30,0,0,0,LMC,0,0,1,117.99913609999999,4.770677303252424,2017,8.0766598220397,0,6.910335386721424,1,0.0,0.0,0.0,1.0,0
P151363,CAMP4ASB,Tajikistan,TJK,ECA,ENV,C,IPF,IDA,2015-11-03,2024-05-31,0,0,0,LMC,0,0,1,37.47375996,3.6236409536479868,2016,9.656399726214921,0,8.574948665297741,2,0.0,1.0,1.0,1.0,0
P151432,Ethiopia Enhancing Shared Prosperity,Ethiopia,ETH,AFE,SPL,C,P4R,IDA,2015-09-15,2024-11-30,1,1,0,Unknown,0,0,1,1536.14502803,7.337031328540761,2016,9.790554414784394,0,9.210130047912388,2,0.0,1.0,0.0,0.0,0
P151439,EC Guayaquil Wastewater Management Proje,Ecuador,ECU,LCR,WAT,A,IPF,IBRD,2015-04-22,2026-04-30,0,0,0,UMC,0,1,0,336.1,5.81740873473106,2015,10.190280629705681,0,11.02258726899384,1,0.0,1.0,0.0,1.0,0
P151451,ZM-Girls Education & Womens Empowerment,Zambia,ZMB,AFE,SPL,C,IPF,IDA,2015-05-22,2024-12-31,0,1,0,LMC,1,0,1,312.0,5.7430031878094825,2015,10.108145106091717,0,9.612594113620808,4,0.0,1.0,0.0,1.0,0
P151739,Turkey Geothermal Development Project,Türkiye,TUR,ECA,EAE,A,IPF,IBRD,2016-11-01,2027-12-31,0,0,0,UMC,0,1,0,550.0,6.309918278226516,2017,8.659822039698836,0,11.162217659137577,2,0.0,1.0,0.0,1.0,0
P151847,African Centers of Excellence East/South,Kenya,KEN,AFE,EDU,A,IPF,IDA,2016-05-26,2025-12-31,0,0,0,LMC,0,1,1,217.64335205,5.382857723309447,2016,9.095140314852841,0,9.598904859685147,24,0.0,1.0,0.2916666666666667,0.7083333333333334,0
P152057,HN SP Integration,Honduras,HND,LCR,SPL,A,IPF,IDA,2019-04-30,2025-12-31,0,0,0,LMC,0,1,1,100.0,4.605170185988092,2019,6.168377823408624,0,6.672142368240931,1,0.0,1.0,0.0,1.0,0
P152281,BO Santa Cruz Road Corridor Connector,Bolivia,BOL,LCR,TDD,A,IPF,IBRD,2017-01-11,2025-11-30,0,0,0,LMC,0,1,0,230.0,5.438079308923196,2017,8.465434633812457,0,8.88432580424367,2,0.0,0.0,0.0,1.0,0
P152307,JM Access to Finance,Jamaica,JAM,LCR,FCI,C,IPF,IBRD,2018-01-29,2025-01-15,0,0,1,UMC,0,0,0,15.0,2.70805020110221,2018,7.416837782340862,0,6.962354551676934,1,0.0,0.0,0.0,0.0,0
P152460,Vinh Phuc Flood Risk,Viet Nam,VNM,EAP,WAT,C,IPF,IBRD,2016-04-29,2023-12-31,0,0,0,LMC,0,0,0,150.0,5.0106352940962555,2016,9.169062286105408,0,7.671457905544147,1,0.0,1.0,0.0,1.0,0
P152799,Health System Strengthening & Support,Türkiye,TUR,ECA,HNP,C,IPF,IBRD,2015-09-21,2023-12-31,0,0,0,UMC,0,0,0,134.3,4.900076103529192,2016,9.774127310061601,0,8.276522929500342,1,0.0,1.0,0.0,1.0,0
P152822,HOA: Support to FD Impacts,Ethiopia,ETH,AFE,SOC,C,IPF,IDA,2016-05-31,2024-06-30,1,1,0,LMC,0,0,1,329.99986684,5.799092250945293,2016,9.08145106091718,0,8.082135523613964,6,1.0,0.0,0.5,1.0,1
P153012,Fortaleza Sustainable Urban Development,Brazil,BRA,LCR,URS,C,IPF,IBRD,2017-04-28,2025-03-31,0,0,0,UMC,0,0,0,73.3,4.294560608892605,2017,8.172484599589323,0,7.923340177960301,1,0.0,1.0,0.0,1.0,0
P153349,E-National Ag. and Rural Inclusive Grow,Kenya,KEN,AFE,AGR,C,IPF,IDA,2016-08-23,2024-03-31,0,0,0,LMC,0,0,1,400.0,5.991464547107982,2017,8.851471594798083,0,7.603011635865846,2,1.0,0.0,0.0,1.0,1
P153437,SL-Agribusiness Development Support Proj,Sierra Leone,SLE,AFW,AGR,A,IPF,IDA,2016-02-18,2026-01-31,0,1,0,LIC,0,1,1,70.0,4.248495242049359,2016,9.363449691991786,0,9.952087611225188,11,0.18181818181818182,0.45454545454545453,0.0,1.0,1
P153743,Electricity Access Expansion Project,Niger,NER,AFW,EAE,C,IPF,IDA,2015-12-16,2024-12-31,1,1,0,LIC,0,0,1,135.0,4.90527477843843,2016,9.538672142368242,0,9.043121149897331,2,0.0,1.0,0.0,1.0,0
P153781,TZ-Rural Electrificatn Expansn Progr-SUF,Tanzania,TZA,AFE,EAE,A,P4R,IDA,2016-06-21,2026-06-15,0,1,0,LMC,0,1,1,535.0,6.282266746896006,2016,9.023956194387406,0,9.982203969883642,4,0.0,0.5,0.0,1.0,0
P153892,Guangxi Poverty Alleviation Project,China,CHN,EAP,AGR,C,IPF,IBRD,2016-12-21,2024-06-30,0,0,0,UMC,0,0,0,100.0,4.605170185988092,2017,8.522929500342231,0,7.523613963039014,2,0.0,1.0,0.0,1.0,0
P154112,EG: Sustainable Rural Sanitation Svcs,"Egypt, Arab Republic of",EGY,MENAAP,WAT,A,P4R,IBRD,2015-07-28,2026-12-31,0,0,0,LMC,0,1,0,850.0,6.745236349484363,2016,9.924709103353868,0,11.427789185489392,3,0.0,1.0,0.0,1.0,0
P154525,Uttarakhand Workforce Development Projec,India,IND,SAR,EDU,C,IPF,IBRD,2018-06-19,2024-03-31,0,0,0,LMC,0,0,0,54.181,3.992330293481822,2018,7.030800821355236,0,5.782340862422998,4,0.0,0.5,0.0,0.5,0
P154548,Strengthening Systems for SP and CR,Nepal,NPL,SAR,SPL,C,IPF,IDA,2016-12-02,2024-06-30,0,1,0,LMC,0,0,1,109.36014641,4.694646531204118,2017,8.574948665297741,0,7.575633127994524,1,0.0,1.0,0.0,0.0,0
P154683,Zambia Environment and Mining Project,Zambia,ZMB,AFE,ENV,C,IPF,IDA,2016-12-16,2024-06-28,0,1,0,LMC,0,0,1,51.17781716,3.9353061795680895,2017,8.536618754277892,0,7.531827515400411,2,0.0,1.0,0.0,1.0,0
P154698,Sustainable Landscape Management,Madagascar,MDG,AFE,ENV,C,IPF,IDA,2017-03-23,2024-04-30,0,1,0,LIC,0,0,1,97.63888767,4.581275853305014,2017,8.271047227926077,0,7.104722792607803,4,0.5,0.5,0.0,1.0,1
P154716,Anhui Aged Care Project,China,CHN,EAP,SPL,C,IPF,IBRD,2018-06-19,2025-10-31,0,0,0,UMC,0,0,0,102.920897,4.633960702882754,2018,7.030800821355236,0,7.367556468172484,4,0.0,0.25,0.0,0.75,0
P154778,SRWSSP,Kyrgyz Republic,KGZ,ECA,WAT,A,IPF,IDA,2016-09-30,2026-06-30,0,0,0,LMC,0,1,1,67.14,4.206779991551889,2017,8.747433264887064,0,9.74674880219028,7,0.0,0.8571428571428571,0.0,1.0,0
P154840,Pacific Resilience Program - Tonga,Tonga,TON,EAP,URS,A,IPF,IDA,2015-06-19,2026-04-30,0,0,1,UMC,0,1,1,30.45,3.416085994155906,2015,10.03148528405202,0,10.863791923340179,1,0.0,1.0,0.0,1.0,0
P155060,BI-Local Development for Jobs Project,Burundi,BDI,AFE,FCI,C,IPF,IDA,2017-08-22,2024-06-30,1,1,0,LIC,0,0,1,49.553961,3.903062197036105,2018,7.854893908281999,0,6.855578370978781,4,0.0,1.0,0.0,1.0,0
P155087,Water Supply and Sanitation Development,Papua New Guinea,PNG,EAP,WAT,A,IPF,IDA,2017-02-09,2026-04-30,1,0,1,LMC,0,1,1,70.0,4.248495242049359,2017,8.386036960985626,0,9.218343600273785,3,0.0,1.0,0.0,1.0,0
P155198,MA: Identity and Targeting for SP,Morocco,MAR,MENAAP,SPL,C,IPF,IBRD,2017-03-10,2024-06-30,0,0,0,LMC,0,0,0,100.0,4.605170185988092,2017,8.306639288158795,0,7.307323750855578,4,0.0,0.5,0.25,1.0,0
P155303,Madhya Pradesh Urban Development Project,India,IND,SAR,URS,C,IPF,IBRD,2017-04-12,2025-06-30,0,0,0,LMC,0,0,0,105.0,4.653960350157523,2017,8.216290212183436,0,8.216290212183436,6,0.0,1.0,0.0,1.0,0
P155412,Integrated Dairy Productivity Improvemen,Kyrgyz Republic,KGZ,ECA,AGR,A,IPF,IDA,2016-11-29,2026-01-15,0,0,0,LMC,0,1,1,21.9931786,3.0907323416422843,2017,8.583162217659138,0,9.127994524298426,6,0.6666666666666666,0.0,0.0,1.0,1
P155617,Assam Agbusiness & Rural Transformation,India,IND,SAR,AGR,C,IPF,IBRD,2017-08-31,2025-09-30,0,0,0,LMC,0,0,0,200.0,5.298317366548036,2018,7.83025325119781,0,8.082135523613964,7,0.2857142857142857,0.7142857142857143,0.0,1.0,1
P155658,Southern Africa TB and Health Systems,Lesotho,LSO,AFE,HNP,C,IPF,IDA,2016-05-26,2024-06-30,0,1,0,LMC,0,0,1,178.0,5.181783550292085,2016,9.095140314852841,0,8.095824777549623,4,0.0,0.0,1.0,0.75,0
P155732,IQ: Emergency Operation for Development,Iraq,IRQ,MENAAP,URS,A,IPF,IBRD,2015-07-07,2026-06-30,1,0,0,UMC,0,1,0,750.0,6.620073206530356,2016,9.982203969883642,0,10.981519507186858,4,0.0,1.0,0.0,1.0,0
P155947,Urban Water Supply,Liberia,LBR,AFW,WAT,A,IPF,IDA,2016-03-24,2025-12-31,0,1,0,LIC,0,1,1,40.0,3.6888794541139363,2016,9.267624914442163,0,9.77138945927447,1,0.0,1.0,0.0,1.0,0
P156125,National Urban Water Supply Project,Indonesia,IDN,EAP,WAT,C,IPF,IBRD,2018-06-06,2024-11-30,0,0,0,UMC,0,0,0,95.49771893,4.559102361651682,2018,7.066392881587953,0,6.485968514715948,1,0.0,1.0,0.0,1.0,0
P156143,Coastal Cities Sustainable Environment P,Viet Nam,VNM,EAP,WAT,C,IPF,IBRD,2017-05-05,2024-06-30,0,0,0,LMC,0,0,0,148.77491705,5.002434539977408,2017,8.153319644079398,0,7.15400410677618,3,0.0,1.0,0.0,1.0,0
P156165,INAYA,Mauritania,MRT,AFW,HNP,C,IPF,IDA,2017-05-19,2023-12-31,0,1,0,LMC,0,0,1,40.0,3.6888794541139363,2017,8.114989733059549,0,6.617385352498289,9,0.0,1.0,0.2222222222222222,0.8888888888888888,0
P156210,CM Inclusive and Resilient Cities Dev.,Cameroon,CMR,AFW,URS,C,IPF,IDA,2017-08-22,2025-06-30,1,0,0,LMC,0,0,1,160.0,5.075173815233827,2018,7.854893908281999,0,7.854893908281999,3,0.0,1.0,0.0,1.0,0
P156239,CO PAZcifico: WSBS Infrastructure Proj,Colombia,COL,LCR,WAT,A,IPF,IBRD,2016-10-18,2026-05-15,0,0,0,UMC,0,1,0,126.7,4.841822087327094,2017,8.698151950718685,0,9.571526351813826,2,0.0,1.0,0.0,1.0,0
P156241,Innovate in India (I3),India,IND,SAR,FCI,A,IPF,IBRD,2017-05-31,2025-11-30,0,0,0,LMC,0,1,0,75.4,4.32280727501391,2017,8.082135523613964,0,8.501026694045175,1,0.0,0.0,0.0,1.0,0
P156433,Second Ethiopia - Urban WSSP,Ethiopia,ETH,AFE,WAT,A,IPF,IDA,2017-03-31,2027-06-30,1,1,0,Unknown,0,1,1,700.0006690700001,6.551081290857233,2017,8.24914442162902,0,10.247775496235455,3,0.0,0.6666666666666666,0.0,1.0,0
P156590,Trade Logistics Project,Ethiopia,ETH,AFE,FCI,A,IPF,IDA,2017-03-31,2026-07-08,1,1,0,Unknown,1,1,1,230.00000055,5.4380793113145,2017,8.24914442162902,0,9.270362765229295,2,0.0,1.0,0.0,1.0,0
P156634,WSDP,Kenya,KEN,AFE,WAT,A,IPF,IDA,2017-04-26,2026-10-31,0,0,0,LMC,0,1,1,280.76592,5.637521297264655,2017,8.177960301163587,0,9.514031485284052,2,0.0,1.0,0.0,1.0,0
P156719,HT Renewable Energy for All,Haiti,HTI,LCR,EAE,A,IPF,RETF,2017-10-25,2026-12-31,1,1,1,LMC,0,1,0,24.0,3.1780538303479458,2018,7.6796714579055445,0,9.182751540041068,2,1.0,0.0,0.0,1.0,1
P156738,Benin Water and Urban Septage Management,Benin,BEN,AFW,WAT,C,IPF,IDA,2016-12-19,2024-06-30,0,1,0,LMC,0,0,1,68.0,4.219507705176107,2017,8.528405201916495,0,7.529089664613279,1,0.0,1.0,0.0,1.0,0
P156739,Urban Water Supply & Sanitation Project,Cote d'Ivoire,CIV,AFW,WAT,C,IPF,IDA,2016-12-09,2024-07-31,0,0,0,LMC,0,0,1,200.0,5.298317366548036,2017,8.555783709787816,0,7.641341546885695,2,0.0,1.0,0.0,1.0,0
P156797,NLSIP,Nepal,NPL,SAR,AGR,C,IPF,IDA,2017-12-07,2024-06-30,0,1,0,LMC,0,0,1,41.76016277,3.731942841315829,2018,7.561943874058864,0,6.562628336755647,1,1.0,0.0,1.0,1.0,1
P156823,Insurance Sector Development Project,Bangladesh,BGD,SAR,FCI,C,IPF,IDA,2017-03-20,2024-08-30,0,1,0,LMC,0,0,1,65.0,4.174387269895637,2017,8.279260780287474,0,7.446954140999315,3,0.6666666666666666,0.0,0.0,0.6666666666666666,1
P156880,Enhancing Waterway Connectivity and Wate,Colombia,COL,LCR,TDD,A,IPF,IBRD,2017-12-14,2026-04-15,0,0,0,UMC,0,1,0,41.9,3.735285826928092,2018,7.542778918548939,0,8.334017796030116,2,0.0,1.0,0.0,1.0,0
P157043,Modernization of WSS Services,Peru,PER,LCR,WAT,A,IPF,IBRD,2018-07-26,2025-12-22,0,0,0,UMC,0,1,0,65.722425,4.185440191453624,2019,6.929500342231348,0,7.408624229979466,3,0.0,0.6666666666666666,0.3333333333333333,1.0,0
P157206,Land Policy Implementation Project,Cote d'Ivoire,CIV,AFW,URS,C,IPF,IDA,2018-03-28,2024-06-30,0,0,0,LMC,0,0,1,50.0,3.912023005428146,2018,7.258042436687201,0,6.2587268993839835,4,0.0,0.5,0.0,1.0,0
P157599,Indonesia Tourism Development Project,Indonesia,IDN,EAP,FCI,C,IPF,IBRD,2018-05-30,2024-12-31,0,0,0,UMC,0,0,0,272.515,5.6076936584598895,2018,7.085557837097878,0,6.590006844626968,3,0.0,0.6666666666666666,0.0,0.6666666666666666,0
P157702,TNRTP,India,IND,SAR,AGR,C,IPF,IBRD,2017-12-01,2025-06-30,0,0,0,LMC,0,0,0,83.31,4.422568589986818,2018,7.578370978781656,0,7.578370978781656,1,0.0,1.0,0.0,1.0,0
P157715,OECS MSME Guarantee Facility Project,Grenada,GRD,LCR,FCI,C,IPF,IBRD,2018-07-05,2025-02-28,0,0,1,UMC,0,0,0,10.0,2.302585092994046,2019,6.9869952087611225,0,6.652977412731006,5,0.0,1.0,1.0,1.0,0
P157782,Guinea Urban Water Project,Guinea,GIN,AFW,WAT,C,IPF,IDA,2017-06-27,2024-03-29,0,1,0,LMC,0,0,1,30.0,3.4011973816621555,2017,8.008213552361397,0,6.754277891854894,1,0.0,1.0,0.0,0.0,0
P157891,NG-Multi-Sectoral Crisis Recovery Proj,Nigeria,NGA,AFW,URS,C,IPF,IDA,2017-03-20,2025-05-31,1,0,0,LMC,0,0,1,376.0,5.929589143389895,2017,8.279260780287474,0,8.19712525667351,4,0.0,1.0,0.0,1.0,0
P158099,Punjab Tourism for Economic Growth,Pakistan,PAK,MENAAP,FCI,C,IPF,IDA,2017-03-15,2025-06-30,0,0,0,LMC,0,0,1,50.0,3.912023005428146,2017,8.292950034223136,0,8.292950034223136,2,0.0,0.0,0.0,1.0,0
P158146,IN Uttarakhand WSP PforR,India,IND,SAR,WAT,C,P4R,IBRD,2018-01-04,2025-06-30,0,0,0,LMC,0,0,0,106.0,4.663439094112067,2018,7.485284052019165,0,7.485284052019165,1,0.0,1.0,0.0,1.0,0
P158215,Gansu Rev and Innov Project,China,CHN,EAP,URS,A,IPF,IBRD,2019-06-04,2026-12-30,0,0,0,UMC,0,1,0,180.0,5.19295685089021,2019,6.072553045859,0,7.572895277207392,8,0.5,0.5,0.125,1.0,1
P158372,Agriculture Modernization Project,Uzbekistan,UZB,ECA,AGR,A,IPF,IBRD,2020-03-20,2027-12-30,0,0,0,LMC,1,1,0,500.0,6.214608098422191,2020,5.278576317590692,0,7.7782340862423,1,0.0,1.0,0.0,1.0,0
P158418,Irrir. Modern.,Türkiye,TUR,ECA,WAT,A,IPF,IBRD,2019-01-22,2028-12-31,0,0,0,UMC,0,1,0,347.0,5.849324779946859,2019,6.436687200547571,0,9.94113620807666,2,0.0,1.0,0.0,1.0,0
P158434,Malawi AGCOM,Malawi,MWI,AFE,AGR,C,IPF,IDA,2017-05-23,2024-05-31,0,1,0,LIC,0,0,1,95.0,4.553876891600541,2017,8.10403832991102,0,7.02258726899384,4,0.0,0.5,0.0,1.0,0
P158502,Jharkhand Municipal Development Project,India,IND,SAR,URS,A,IPF,IBRD,2018-12-12,2027-09-30,0,0,0,LMC,0,1,0,77.0,4.343805421853684,2019,6.548939082819986,0,8.799452429842573,1,0.0,1.0,0.0,1.0,0
P158505,DJ: Sustainable Electrification Program,Djibouti,DJI,MENAAP,EAE,C,IPF,IDA,2017-06-02,2025-03-05,0,1,0,LMC,0,0,1,23.3,3.1484533605716547,2017,8.0766598220397,0,7.756331279945243,2,0.0,1.0,0.0,1.0,0
P158522,TN IAMP,India,IND,SAR,AGR,A,IPF,IBRD,2017-12-01,2025-12-02,0,0,0,LMC,0,1,0,311.45,5.741238811700154,2018,7.578370978781656,0,8.002737850787133,1,0.0,1.0,0.0,1.0,0
P158570,Zambia Education Enhancement Proj,Zambia,ZMB,AFE,EDU,A,IPF,IDA,2017-08-29,2025-12-31,0,1,0,LMC,0,1,1,233.0,5.4510384535657,2018,7.835728952772074,0,8.33949349760438,2,0.0,1.0,0.0,0.5,0
P158622,Hezhou Urban Water Infra. and Env. Impro,China,CHN,EAP,WAT,A,IPF,IBRD,2018-06-13,2026-04-30,0,0,0,UMC,0,1,0,128.0,4.852030263919617,2018,7.047227926078029,0,7.879534565366187,1,0.0,1.0,0.0,1.0,0
P158760,Jiangxi IRUWSWMP,China,CHN,EAP,WAT,C,IPF,IBRD,2018-06-06,2025-06-30,0,0,0,UMC,0,0,0,200.0,5.298317366548036,2018,7.066392881587953,0,7.066392881587953,1,0.0,1.0,0.0,1.0,0
P158798,JOHAR,India,IND,SAR,AGR,C,IPF,IBRD,2017-05-26,2024-06-30,0,0,0,LMC,0,0,0,78.47,4.362716386139382,2017,8.095824777549623,0,7.096509240246407,6,0.3333333333333333,0.6666666666666666,0.0,1.0,1
P158810,Cashew Competitiveness Project,Cote d'Ivoire,CIV,AFW,AGR,C,IPF,IBRD,2018-04-10,2025-05-30,0,0,0,LMC,0,0,0,200.0,5.298317366548036,2018,7.222450376454483,0,7.137577002053388,4,0.5,0.25,0.0,1.0,1
P159213,Crecer Sano,Guatemala,GTM,LCR,HNP,A,IPF,IBRD,2017-03-24,2027-07-31,0,0,0,UMC,0,1,0,100.0,4.605170185988092,2017,8.268309377138946,0,10.351813826146476,6,0.0,0.6666666666666666,0.0,0.8333333333333334,0
P159220,Central Asia Regional Links - Phase 3,Kyrgyz Republic,KGZ,ECA,TDD,A,IPF,IDA,2018-10-05,2026-10-31,0,0,0,LMC,0,1,1,55.0,4.007333185232471,2019,6.7351129363449695,0,8.071184120465434,2,0.0,1.0,0.0,1.0,0
P159292,Balochistan Integrated Livelihoods,Pakistan,PAK,MENAAP,AGR,A,IPF,IDA,2020-03-03,2026-02-27,0,0,0,LMC,0,1,1,35.0,3.5553480614894135,2020,5.325119780971937,0,5.987679671457905,4,0.0,1.0,0.0,1.0,0
P159397,Scaling up Urban Upgrading Project,Viet Nam,VNM,EAP,URS,C,IPF,IDA,2017-05-30,2024-06-28,0,0,0,LMC,0,0,1,136.97051281,4.919765667698252,2017,8.084873374401095,0,7.080082135523614,5,0.0,0.8,0.2,1.0,0
P159428,Financial Inclusion and Infrastructure,Pakistan,PAK,MENAAP,FCI,C,IPF,IDA,2017-06-15,2025-06-30,0,0,0,LMC,0,0,1,254.58599986000002,5.539638695844675,2017,8.041067761806982,0,8.041067761806982,4,0.0,0.5,0.0,1.0,0
P159517,Rural Service Delivery Project,Papua New Guinea,PNG,EAP,SOC,C,IPF,IDA,2017-06-09,2025-05-31,1,0,1,LMC,0,0,1,23.0,3.1354942159291497,2017,8.057494866529774,0,7.975359342915811,1,0.0,1.0,0.0,1.0,0
P159522,JO: Economic Opportunities,Jordan,JOR,MENAAP,FCI,C,P4R,IBRD,2016-09-27,2024-01-31,0,0,0,LMC,0,0,0,349.0,5.855071922202427,2017,8.75564681724846,0,7.342915811088296,11,0.0,0.18181818181818182,0.09090909090909091,0.18181818181818182,0
P159544,Emergency Medical Services Project,Uzbekistan,UZB,ECA,HNP,A,IPF,IDA,2018-04-25,2025-11-30,0,0,0,LMC,0,1,1,96.5,4.56954300834494,2018,7.181382614647502,0,7.600273785078714,1,0.0,1.0,1.0,0.0,0
P159577,Khyber Pass Economic Corridor,Pakistan,PAK,MENAAP,TDD,A,IPF,IDA,2018-06-14,2026-05-28,0,0,0,LMC,0,1,1,460.6,6.132529987386585,2018,7.044490075290897,0,7.953456536618754,2,0.0,1.0,0.0,1.0,0
P159712,Sindh Solar Energy Project,Pakistan,PAK,MENAAP,EAE,C,IPF,IDA,2018-06-14,2025-07-31,0,0,0,LMC,0,0,1,100.0,4.605170185988092,2018,7.044490075290897,0,7.129363449691992,2,0.0,1.0,0.0,1.0,0
P159756,Tana Urban Development and Resilience,Madagascar,MDG,AFE,URS,A,IPF,IDA,2018-05-17,2026-06-30,0,1,0,LIC,0,1,1,140.0,4.941642422609304,2018,7.121149897330596,0,8.120465434633813,1,0.0,1.0,0.0,1.0,0
P159843,AR: AMBA Urban Transformation,Argentina,ARG,LCR,URS,A,IPF,IBRD,2017-02-27,2026-12-31,0,0,0,UMC,0,1,0,299.96100326,5.703652477073548,2017,8.336755646817249,0,9.839835728952773,6,0.0,1.0,0.0,1.0,0
P159870,Qiandao Lake&Xin'an River & Ecosys,China,CHN,EAP,ENV,C,IPF,IBRD,2018-06-06,2024-12-31,0,0,0,UMC,0,0,0,137.15191061000002,4.921089148092267,2018,7.066392881587953,0,6.570841889117043,1,0.0,1.0,0.0,1.0,0
P159929,Integrated Habitat and Housing Project,Argentina,ARG,LCR,URS,C,IPF,IBRD,2017-02-27,2024-07-31,0,0,0,UMC,0,0,0,200.0,5.298317366548036,2017,8.336755646817249,0,7.422313483915127,5,0.0,1.0,0.0,1.0,0
P160005,CRes MPA,Sri Lanka,LKA,SAR,URS,A,IPF,IBRD,2019-06-25,2026-12-31,0,0,0,LMC,0,1,0,92.0,4.5217885770490405,2019,6.015058179329227,0,7.51813826146475,2,0.0,1.0,0.0,0.0,0
P160009,Kenya Off-Grid Solar Access Project,Kenya,KEN,AFE,EAE,A,IPF,IDA,2017-07-26,2026-09-30,0,0,0,LMC,0,1,1,150.0,5.0106352940962555,2018,7.928815879534565,0,9.180013689253936,8,0.0,1.0,0.0,1.0,0
P160096,PREP II RMI,Marshall Islands,MHL,EAP,ENV,A,IPF,IDA,2017-05-09,2026-06-30,1,0,1,UMC,1,1,1,49.998,3.9119830046281248,2017,8.14236824093087,0,9.141683778234086,2,0.0,1.0,0.0,1.0,0
P160170,Niger Solar Electricity Access Project,Niger,NER,AFW,EAE,C,IPF,IDA,2017-06-07,2024-12-31,1,1,0,LIC,0,0,1,49.85,3.9090184964078474,2017,8.062970568104038,0,7.567419575633128,10,0.0,0.8,0.0,1.0,0
P160230,Digital CASA - Kyrgyz Rep.,Kyrgyz Republic,KGZ,ECA,DDT,A,IPF,IDA,2018-03-20,2025-12-31,0,0,0,LMC,0,1,1,55.5,4.0163830207523885,2018,7.279945242984257,0,7.783709787816564,2,0.0,0.0,0.0,1.0,0
P160245,TN: Irrigation Project,Tunisia,TUN,MENAAP,WAT,A,IPF,IBRD,2018-05-29,2026-06-30,0,0,0,LMC,0,1,0,140.0,4.941642422609304,2018,7.08829568788501,0,8.087611225188228,2,0.0,0.0,0.0,1.0,0
P160250,Uganda Intergov Fiscal Transfers Program,Uganda,UGA,AFE,GOV,A,P4R,IDA,2017-06-27,2025-12-31,0,1,0,LIC,0,1,1,500.0,6.214608098422191,2017,8.008213552361397,0,8.511978097193703,1,0.0,1.0,0.0,0.0,0
P160279,NQI Development Project,Ethiopia,ETH,AFE,FCI,C,IPF,IDA,2017-03-31,2025-06-30,1,1,0,Unknown,0,0,1,50.0,3.912023005428146,2017,8.24914442162902,0,8.24914442162902,2,0.0,1.0,0.0,1.0,0
P160446,Tertiary Education Financing,Colombia,COL,LCR,EDU,A,IPF,IBRD,2017-01-30,2025-12-31,0,0,0,UMC,0,1,0,282.00825711,5.641936351041362,2017,8.413415468856947,0,8.917180013689254,1,0.0,1.0,0.0,1.0,0
P160488,Lake Victoria Transport Program - Rwanda,Rwanda,RWA,AFE,TDD,A,IPF,IDA,2017-05-25,2025-12-31,0,1,0,LIC,0,1,1,81.0,4.394449154672439,2017,8.098562628336756,0,8.602327173169062,2,1.0,0.0,0.0,1.0,1
P160533,Digital Malawi I,Malawi,MWI,AFE,DDT,C,IPF,IDA,2017-06-05,2024-10-31,0,1,0,LIC,0,0,1,72.4,4.282206299391671,2017,8.068446269678303,0,7.405886379192334,1,0.0,1.0,0.0,1.0,0
P160613,Bur - Landscape Restoration & Resilience,Burundi,BDI,AFE,ENV,C,IPF,IDA,2018-04-11,2024-09-30,1,1,0,LIC,0,0,1,30.0,3.4011973816621555,2018,7.219712525667351,0,6.4722792607802875,2,0.0,0.0,0.0,1.0,0
P160642,Cote d'Ivoire Higher Education Project,Cote d'Ivoire,CIV,AFW,EDU,C,IPF,IDA,2019-03-22,2024-03-13,0,0,0,LMC,0,0,1,15.999042119999999,2.772528852947651,2019,6.275154004106776,0,4.97741273100616,1,0.0,1.0,0.0,1.0,0
P160665,Social Assistance Reform Program,Indonesia,IDN,EAP,SPL,C,P4R,IBRD,2017-05-09,2024-06-30,0,0,0,UMC,0,0,0,307.6,5.728800237631489,2017,8.14236824093087,0,7.143052703627652,3,0.0,0.6666666666666666,0.6666666666666666,0.3333333333333333,0
P160672,Lowlands Water Development Project - II,Lesotho,LSO,AFE,WAT,A,IPF,IDA,2019-05-17,2026-03-31,0,1,0,LMC,0,1,1,90.2,4.502029427068578,2019,6.121834360027378,0,6.872005475701574,3,0.0,1.0,0.0,1.0,0
P160696,Nepal jobs project,Nepal,NPL,SAR,SPL,C,IPF,IDA,2019-09-12,2025-07-15,0,1,0,LMC,0,0,1,116.44923312,4.757455410821332,2020,5.798767967145791,0,5.839835728952772,1,0.0,1.0,0.0,1.0,0
P160708,Regional Off-Grid Electricity Access,Cabo Verde,CPV,AFW,EAE,A,IPF,IDA,2019-04-17,2030-12-31,0,0,1,UMC,0,1,1,155.160408,5.044459472112006,2019,6.203969883641341,0,11.707049965776864,12,0.3333333333333333,0.6666666666666666,0.0,0.8333333333333334,1
P160766,Digital Tanzania,Tanzania,TZA,AFE,DDT,A,IPF,IDA,2021-05-27,2026-10-31,0,1,0,LMC,1,1,1,150.0,5.0106352940962555,2021,4.093086926762491,0,5.429158110882957,4,0.0,1.0,0.0,1.0,0
P160806,DRC SME Development and Growth Project,"Congo, Democratic Republic of",COD,AFE,FCI,C,IPF,IDA,2018-07-06,2024-06-28,1,1,0,LIC,0,0,1,100.0,4.605170185988092,2019,6.98425735797399,0,5.979466119096509,6,0.3333333333333333,0.3333333333333333,0.0,1.0,1
P160819,Cash Transfer Modernization Project,Bangladesh,BGD,SAR,SPL,C,IPF,IDA,2018-01-31,2025-09-30,0,1,0,LMC,0,0,1,600.0,6.396929655216146,2018,7.411362080766598,0,7.663244353182751,5,0.2,0.8,0.0,0.2,1
P160846,HSSP,Bangladesh,BGD,SAR,HNP,C,IPF,IDA,2017-07-28,2024-06-30,0,1,0,LMC,0,0,1,550.0,6.309918278226516,2018,7.923340177960301,0,6.924024640657084,4,0.0,1.0,0.25,1.0,0
P160865,LPRES,Nigeria,NGA,AFW,AGR,A,IPF,IDA,2022-03-18,2028-03-31,1,0,0,LMC,0,1,1,500.0,6.214608098422191,2022,3.2854209445585214,0,6.036960985626283,1,0.0,1.0,0.0,1.0,0
P160926,Education Reform Support Project,Cameroon,CMR,AFW,EDU,A,IPF,IDA,2018-05-01,2026-12-31,1,0,0,LMC,0,1,1,175.0,5.1647859739235145,2018,7.1649555099247095,0,8.668035592060233,2,0.0,0.5,0.0,0.5,0
P160945,STAR-P,Liberia,LBR,AFW,AGR,C,IPF,IDA,2019-01-15,2025-06-30,0,1,0,LIC,0,0,1,25.0,3.2188758248682006,2019,6.455852156057495,0,6.455852156057495,1,0.0,1.0,0.0,1.0,0
P160947,PNG - Emergency TB Project,Papua New Guinea,PNG,EAP,HNP,C,IPF,IDA,2017-05-31,2024-06-15,1,0,1,LMC,0,0,1,15.0,2.70805020110221,2017,8.082135523613964,0,7.041752224503765,2,0.0,1.0,0.0,1.0,0
P160948,Angola HSPSP,Angola,AGO,AFE,HNP,C,IPF,IBRD,2018-03-29,2025-03-31,0,1,0,LMC,0,0,0,110.0,4.700480365792417,2018,7.255304585900069,0,7.006160164271047,5,0.6,0.4,0.8,0.8,1
P161067,HOA: Support to FD Impacts,Kenya,KEN,AFE,SOC,C,IPF,IDA,2017-04-26,2024-04-28,0,0,0,LMC,0,0,1,103.0,4.634728988229636,2017,8.177960301163587,0,7.006160164271047,1,0.0,1.0,0.0,1.0,0
P161086,BD EDGE Project,Bangladesh,BGD,SAR,DDT,A,IPF,IDA,2020-06-19,2026-06-30,0,1,0,LMC,0,1,1,123.52433569,4.816438186777664,2020,5.02943189596167,0,6.028747433264887,3,0.6666666666666666,0.0,0.0,1.0,1
P161163,REDISSE III,Benin,BEN,AFW,HNP,C,IPF,IDA,2018-05-07,2024-06-30,0,1,0,LMC,0,0,1,126.0,4.836281906951478,2018,7.148528405201916,0,6.1492128678987,20,0.0,0.0,0.15,1.0,0
P161227,Bangladesh Municipal WATSAN Project,Bangladesh,BGD,SAR,WAT,A,IPF,IDA,2019-07-11,2025-12-31,0,1,0,LMC,0,1,1,79.803926,4.379572701240569,2020,5.971252566735113,0,6.4750171115674195,2,0.0,1.0,0.0,0.5,0
P161246,Livestock Development Project,Bangladesh,BGD,SAR,AGR,A,IPF,IDA,2018-12-06,2026-03-31,0,1,0,LMC,0,1,1,500.0,6.214608098422191,2019,6.565366187542779,0,7.315537303216975,5,0.0,0.2,0.0,1.0,0
P161283,Grassroots Health Service Delivery,Viet Nam,VNM,EAP,HNP,C,IPF,IDA,2019-06-19,2024-12-31,0,0,0,LMC,0,0,1,69.01671194,4.234348677300068,2019,6.031485284052019,0,5.535934291581109,3,0.0,1.0,0.0,0.3333333333333333,0
P161316,LC Renewable Energy Sector Development,St. Lucia,LCA,LCR,EAE,A,IPF,IDA,2021-07-28,2028-06-15,0,0,1,UMC,0,1,1,12.33,2.512035317176253,2022,3.923340177960301,0,6.882956878850103,5,0.4,0.2,0.0,1.0,1
P161317,Kenya Industry and Entrepreneurship,Kenya,KEN,AFE,FCI,C,IPF,IDA,2018-06-15,2025-06-30,0,0,0,LMC,0,0,1,28.6631,3.3556105812401102,2018,7.041752224503765,0,7.041752224503765,2,0.0,1.0,0.0,1.0,0
P161320,CAUSE,Solomon Islands,SLB,EAP,SOC,C,IPF,IDA,2018-04-02,2024-10-31,1,1,1,LMC,0,0,1,14.99935251,2.7080070341705316,2018,7.24435318275154,0,6.581793292265571,7,0.0,0.0,0.0,1.0,0
P161332,Senegal  Investing in the Early years,Senegal,SEN,AFW,EDU,A,IPF,IDA,2018-09-28,2026-06-30,0,1,0,LMC,0,1,1,75.0,4.31748811353631,2019,6.754277891854894,0,7.753593429158111,1,0.0,1.0,0.0,1.0,0
P161364,Nigeria for Women,Nigeria,NGA,AFW,SOC,C,IPF,IDA,2018-06-27,2024-06-30,1,0,0,LMC,0,0,1,100.0,4.605170185988092,2018,7.008898015058179,0,6.009582477754963,1,0.0,1.0,1.0,0.0,0
P161386,HEDP,Pakistan,PAK,MENAAP,EDU,C,IPF,IDA,2019-05-31,2025-10-31,0,0,0,LMC,0,0,1,400.0,5.991464547107982,2019,6.083504449007529,0,6.420260095824777,1,0.0,1.0,0.0,1.0,0
P161392,Malawi Resilience and DRM Project,Malawi,MWI,AFE,URS,C,IPF,IDA,2016-11-08,2025-01-31,0,1,0,LIC,0,0,1,184.0,5.214935757608986,2017,8.640657084188911,0,8.229979466119097,3,0.0,1.0,0.0,1.0,0
P161432,Dhaka Sanitation Improvement Project,Bangladesh,BGD,SAR,WAT,A,IPF,IDA,2020-03-20,2027-04-30,0,1,0,LMC,0,1,1,170.0,5.135798437050262,2020,5.278576317590692,0,7.110198494182067,2,0.0,1.0,0.0,1.0,0
P161473,Agriculture Competitiveness,Lao People's Democratic Republic,LAO,EAP,AGR,C,IPF,IDA,2018-04-26,2025-03-31,0,1,0,LMC,0,0,1,25.0,3.2188758248682006,2018,7.17864476386037,0,6.929500342231348,2,0.0,1.0,0.0,1.0,0
P161540,MICRO,Tuvalu,TUV,EAP,TDD,C,IPF,IDA,2018-12-18,2025-01-31,1,1,1,UMC,1,0,1,9.3901695,2.239663344175463,2019,6.532511978097194,0,6.121834360027378,1,0.0,1.0,0.0,1.0,0
P161541,SET,Tonga,TON,EAP,SPL,C,IPF,IDA,2018-08-28,2024-12-31,0,0,1,UMC,0,0,1,18.504408559999998,2.918009004235756,2019,6.839151266255989,0,6.3436002737850785,1,0.0,1.0,0.0,1.0,0
P161568,Sustainable Coastal and Marine Fisheries,Bangladesh,BGD,SAR,ENV,A,IPF,IDA,2018-10-05,2025-11-28,0,1,0,LMC,0,1,1,170.46731911,5.138543601577037,2019,6.7351129363449695,0,7.148528405201916,2,0.0,0.0,0.0,1.0,0
P161591,PACAD,Central African Republic,CAF,AFW,SPL,C,IPF,IDA,2017-05-16,2024-06-30,1,1,0,LIC,0,0,1,43.975245969999996,3.7836268840133225,2017,8.123203285420944,0,7.123887748117728,9,0.1111111111111111,0.6666666666666666,0.0,1.0,1
P161658,WAEMU Affordable Housing Finance,Western and Central Africa,,AFW,FCI,C,IPF,IDA,2017-09-28,2024-06-30,0,0,0,Unknown,0,0,1,147.7261698,4.995360355968366,2018,7.753593429158111,0,6.754277891854894,2,0.0,0.0,0.0,0.5,0
P161770,Multisectoral Nutrition and Child Dev.,Cote d'Ivoire,CIV,AFW,HNP,C,IPF,IDA,2018-01-19,2024-03-29,0,0,0,LMC,0,0,1,50.0,3.912023005428146,2018,7.444216290212183,0,6.190280629705681,6,0.0,0.6666666666666666,0.3333333333333333,1.0,0
P161772,Togo - PIDU,Togo,TGO,AFW,URS,C,IPF,IDA,2018-07-17,2024-06-30,0,1,0,LIC,0,0,1,30.0,3.4011973816621555,2019,6.954140999315538,0,5.95482546201232,2,0.0,1.0,0.0,1.0,0
P161777,Mozambique Urban Sanitation Project,Mozambique,MOZ,AFE,WAT,A,IPF,IDA,2019-05-22,2025-12-31,1,1,0,LIC,0,1,1,165.0,5.10594547390058,2019,6.108145106091718,0,6.611909650924025,2,0.0,1.0,0.0,1.0,0
P161787,Ghana Financial Sector Development,Ghana,GHA,AFW,FCI,C,IPF,IDA,2018-09-20,2024-06-30,0,0,0,LMC,0,0,1,26.401494070000002,3.2734206021115213,2019,6.776180698151951,0,5.776865160848733,2,0.0,0.0,0.0,0.0,0
P161869,BD: Scaling-up Renewable Energy,Bangladesh,BGD,SAR,EAE,C,IPF,IDA,2019-03-01,2025-07-31,0,1,0,LMC,0,0,1,149.85999999,5.009701524869436,2019,6.33264887063655,0,6.417522245037645,2,1.0,0.0,0.0,1.0,1
P161877,DRC PACT,"Congo, Democratic Republic of",COD,AFE,TDD,A,IPF,IDA,2022-06-23,2027-06-30,1,1,0,LIC,1,1,1,500.0,6.214608098422191,2022,3.0198494182067077,0,5.018480492813142,2,1.0,0.0,0.0,1.0,1
P161885,Nigeria Electrification Project,Nigeria,NGA,AFW,EAE,C,IPF,IDA,2018-06-27,2024-12-31,1,0,0,LMC,0,0,1,350.0,5.857933154483459,2018,7.008898015058179,0,6.513347022587269,10,0.0,1.0,0.0,1.0,0
P161905,JO: Innovative Startups Fund (ISF),Jordan,JOR,MENAAP,FCI,C,IPF,IBRD,2017-06-23,2025-06-30,0,0,0,LMC,0,0,0,50.0,3.912023005428146,2017,8.019164955509925,0,8.019164955509925,7,0.0,1.0,0.0,1.0,0
P161915,Sustainable Cities Project 2,Türkiye,TUR,ECA,URS,A,IPF,IBRD,2018-04-12,2026-05-29,0,0,0,UMC,0,1,0,652.14,6.48025926280315,2018,7.216974674880219,0,8.128678986995208,1,0.0,1.0,0.0,1.0,0
P161928,Operation for Supporting Rural Bridges,Bangladesh,BGD,SAR,TDD,A,P4R,IDA,2018-10-25,2025-12-29,0,1,0,LMC,0,1,1,340.39364181999997,5.830102717970131,2019,6.680355920602327,0,7.17864476386037,2,1.0,0.0,0.0,1.0,1
P161969,FSM PFM improvement,"Micronesia, Federated States of",FSM,EAP,GOV,C,IPF,IDA,2018-05-30,2025-08-25,1,0,1,LMC,0,0,1,16.0,2.772588722239781,2018,7.085557837097878,0,7.238877481177276,1,0.0,0.0,0.0,1.0,0
P161973,Mining and forest governance in CAR,Central African Republic,CAF,AFW,ENV,A,IPF,IDA,2018-03-12,2025-12-30,1,1,0,LIC,0,1,1,8.40848749,2.1292416111993386,2018,7.301848049281314,0,7.8028747433264884,4,0.0,0.0,0.0,0.5,0
P162042,Investing in RMNCAH- GFF,Senegal,SEN,AFW,HNP,A,IPF,IDA,2019-09-26,2025-12-31,0,1,0,LMC,0,1,1,120.00000055,4.7874917473653795,2020,5.760438056125941,0,6.264202600958248,5,0.0,1.0,0.2,1.0,0
P162069,Nigeria Nutrition Improvement Project,Nigeria,NGA,AFW,HNP,C,IPF,IDA,2018-06-27,2024-12-31,1,0,0,LMC,0,0,1,143.20000049,4.964242257948333,2018,7.008898015058179,0,6.513347022587269,9,0.0,1.0,0.0,1.0,0
P162095,Pakistan Housing Finance,Pakistan,PAK,MENAAP,FCI,A,IPF,IDA,2018-03-29,2026-06-30,0,0,0,LMC,0,1,1,199.61102480000002,5.2963705968209345,2018,7.255304585900069,0,8.254620123203285,5,0.4,0.0,0.2,1.0,1
P162129,STP: Institutional Capacity,Sao Tome and Principe,STP,AFE,FCI,C,IPF,IDA,2018-05-18,2025-06-30,1,0,1,LMC,0,0,1,19.0,2.9444389791664403,2018,7.1184120465434635,0,7.1184120465434635,3,0.0,0.0,0.0,1.0,0
P162178,China Food Safety Improvement Project,China,CHN,EAP,AGR,A,IPF,IBRD,2021-03-25,2029-03-31,0,0,0,UMC,0,1,0,377.641,5.933944008885383,2021,4.265571526351814,0,8.016427104722792,7,0.42857142857142855,0.2857142857142857,0.0,1.0,1
P162263,Water Services and Institutional Support,Uzbekistan,UZB,ECA,WAT,A,IPF,IDA,2020-03-12,2027-06-30,0,0,0,LMC,0,1,1,239.0,5.476463551931511,2020,5.300479123887748,0,7.299110198494182,2,0.0,1.0,0.0,1.0,0
P162316,GIRSAR,Argentina,ARG,LCR,AGR,A,IPF,IBRD,2018-05-24,2025-12-31,0,0,0,UMC,0,1,0,120.0,4.787491742782046,2018,7.101984941820671,0,7.605749486652978,2,0.0,1.0,0.0,1.0,0
P162349,Guizhou Aged Care System Develop Program,China,CHN,EAP,SPL,A,P4R,IBRD,2019-03-21,2026-10-31,0,0,0,UMC,0,1,0,296.37226039,5.691616300614461,2019,6.277891854893908,0,7.613963039014374,10,0.4,0.0,0.0,1.0,1
P162407,JO: Education Reform Support Program,Jordan,JOR,MENAAP,EDU,A,P4R,IBRD,2017-12-05,2026-05-31,0,0,0,LMC,0,1,0,229.1,5.43415858945945,2018,7.567419575633128,0,8.484599589322382,1,0.0,1.0,0.0,0.0,0
P162565,Reducing Rural Poverty & Malnutrition,Lao People's Democratic Republic,LAO,EAP,SPL,C,IPF,IDA,2019-03-14,2024-08-31,0,1,0,LMC,0,0,1,23.79239647,3.169366053583664,2019,6.297056810403833,0,5.467488021902806,1,0.0,0.0,0.0,1.0,0
P162580,Solar SOP SSA,Western and Central Africa,,AFW,EAE,C,IPF,IDA,2018-07-06,2024-06-30,0,0,0,Unknown,0,0,1,21.0,3.044522437723423,2019,6.98425735797399,0,5.984941820670773,2,0.0,0.0,0.0,1.0,0
P162599,Digital Rural Transformation Project,Benin,BEN,AFW,DDT,C,IPF,IDA,2019-07-01,2025-06-30,0,1,0,LMC,0,0,1,39.99379022,3.6887241975622618,2020,5.9986310746064335,0,5.9986310746064335,2,0.0,1.0,0.0,1.0,0
P162637,RWSSP,Tajikistan,TJK,ECA,WAT,A,IPF,IDA,2019-02-28,2026-12-31,0,0,0,LMC,0,1,1,58.0,4.060443010546419,2019,6.335386721423682,0,7.838466803559206,3,0.0,1.0,0.0,1.0,0
P162675,Cambodia Nutrition Project,Cambodia,KHM,EAP,HNP,A,IPF,IDA,2019-04-04,2026-06-30,0,1,0,LMC,0,1,1,15.0,2.70805020110221,2019,6.239561943874059,0,7.238877481177276,1,0.0,1.0,0.0,1.0,0
P162760,Electricity Service Access Project,Zambia,ZMB,AFE,EAE,C,IPF,IDA,2017-06-27,2024-06-30,0,1,0,LMC,0,0,1,26.5,3.2771447329921766,2017,8.008213552361397,0,7.008898015058179,2,0.0,1.0,0.0,1.0,0
P162835,EG: Entrepreneurship for Jobs,"Egypt, Arab Republic of",EGY,MENAAP,FCI,A,IPF,IBRD,2019-04-17,2026-12-31,0,0,0,LMC,0,1,0,200.0,5.298317366548036,2019,6.203969883641341,0,7.707049965776865,5,0.4,0.6,0.0,1.0,1
P162901,DJ: Djibouti Integrated Slum Upgrading,Djibouti,DJI,MENAAP,URS,A,IPF,IDA,2018-11-09,2025-12-31,0,1,0,LMC,0,1,1,50.0,3.912023005428146,2019,6.639288158795345,0,7.143052703627652,2,0.0,1.0,0.0,1.0,0
P162908,Resilient Productive Landscapes in Haiti,Haiti,HTI,LCR,AGR,C,IPF,IDA,2018-03-01,2024-11-30,1,1,1,LMC,0,0,1,22.75,3.1245651453969594,2018,7.3319644079397674,0,6.751540041067762,6,0.3333333333333333,0.6666666666666666,0.0,1.0,1
P162916,Mauritania Youth Employability Project,Mauritania,MRT,AFW,SPL,A,IPF,IDA,2021-06-18,2026-06-30,0,1,0,LMC,1,1,1,55.0,4.007333185232471,2021,4.032854209445585,0,5.032169746748802,4,0.5,0.0,0.0,1.0,1
P162929,MSCIUDP,Uzbekistan,UZB,ECA,URS,A,IPF,IBRD,2018-12-18,2027-12-31,0,0,0,LMC,0,1,0,200.0,5.298317366548036,2019,6.532511978097194,0,9.034907597535934,3,0.0,1.0,0.0,1.0,0
P162938,South Tarawa Water and Sanitation,Kiribati,KIR,EAP,WAT,A,IPF,IDA,2019-12-13,2027-06-30,1,1,1,LMC,0,1,1,15.0,2.70805020110221,2020,5.546885694729637,0,7.545516769336071,2,0.0,1.0,0.0,1.0,0
P162957,TN: Sanitation PPP Support Project,Tunisia,TUN,MENAAP,WAT,A,IPF,IBRD,2022-12-19,2033-06-30,0,0,0,LMC,0,1,0,112.8,4.725616339063959,2023,2.529774127310062,0,10.529774127310061,1,0.0,1.0,0.0,1.0,0
P162971,Cambodia HEIP,Cambodia,KHM,EAP,EDU,A,IPF,IDA,2018-04-26,2025-12-30,0,1,0,LMC,0,1,1,90.0,4.499809670330265,2018,7.17864476386037,0,7.6796714579055445,1,0.0,1.0,0.0,1.0,0
P163088,Social Protection and Skills Development,Sao Tome and Principe,STP,AFE,EDU,C,IPF,IDA,2018-09-27,2024-12-31,1,0,1,LMC,0,0,1,18.0,2.8903717578961645,2019,6.757015742642026,0,6.261464750171116,5,0.0,0.2,0.0,0.8,0
P163108,IQ: Social Fund for Development,Iraq,IRQ,MENAAP,SPL,A,IPF,IBRD,2018-02-06,2026-12-31,1,0,0,UMC,0,1,0,168.0,5.123963979403259,2018,7.394934976043806,0,8.898015058179329,3,0.6666666666666666,0.3333333333333333,0.0,1.0,1
P163115,Northwestern Road Development Corridor,Argentina,ARG,LCR,TDD,C,IPF,IBRD,2017-12-14,2024-11-30,0,0,0,UMC,0,0,0,89.75,4.497028027368389,2018,7.542778918548939,0,6.962354551676934,1,0.0,0.0,0.0,1.0,0
P163140,Guinea Health Project,Guinea,GIN,AFW,HNP,C,IPF,IDA,2018-04-25,2024-06-30,0,1,0,LMC,0,0,1,45.0,3.8066624897703196,2018,7.181382614647502,0,6.182067077344285,3,0.0,1.0,0.0,0.6666666666666666,0
P163250,Sustainable Enterprise Project,Bangladesh,BGD,SAR,ENV,C,IPF,IDA,2018-03-29,2024-02-29,0,1,0,LMC,0,0,1,110.0,4.700480365792417,2018,7.255304585900069,0,5.921971252566735,1,0.0,0.0,0.0,1.0,0
P163260,DR Resilient Agri & Water management MST,Dominican Republic,DOM,LCR,AGR,A,IPF,IBRD,2018-12-13,2026-10-02,0,0,1,UMC,0,1,0,80.0,4.382026634673881,2019,6.546201232032854,0,7.8028747433264884,8,0.25,0.75,0.0,1.0,1
P163264,CASDP,Cambodia,KHM,EAP,AGR,A,IPF,IDA,2019-01-31,2026-07-31,0,1,0,LMC,0,1,1,91.67,4.518195171973685,2019,6.412046543463381,0,7.496235455167693,6,0.0,0.5,0.0,1.0,0
P163345,Supporting EUHC in Argentina,Argentina,ARG,LCR,HNP,C,IPF,IBRD,2018-05-18,2025-04-30,0,0,0,UMC,0,0,0,550.0,6.309918278226516,2018,7.1184120465434635,0,6.951403148528406,1,1.0,0.0,1.0,0.0,1
P163383,ET-Resilient Landscapes,Ethiopia,ETH,AFE,ENV,C,IPF,IDA,2018-07-30,2024-07-07,1,1,0,Unknown,0,0,1,100.0,4.605170185988092,2019,6.91854893908282,0,5.938398357289528,4,0.5,0.0,0.0,0.5,1
P163399,East Africa Skills,Kenya,KEN,AFE,EDU,A,IPF,IDA,2018-10-30,2026-12-31,0,0,0,LMC,0,1,1,335.1,5.814428994743265,2019,6.666666666666667,0,8.16974674880219,3,0.0,1.0,1.0,0.0,0
P163490,HT Rural Accessibility & Resilience,Haiti,HTI,LCR,TDD,C,IPF,IDA,2018-05-31,2025-05-30,1,1,1,LMC,0,0,1,135.07179963,4.905806486167929,2018,7.082819986310746,0,6.997946611909651,1,0.0,1.0,0.0,0.0,0
P163531,Property Rights Strengthening Project,Nicaragua,NIC,LCR,URS,C,IPF,IDA,2018-03-15,2024-03-15,0,0,0,LMC,0,0,1,50.0,3.912023005428146,2018,7.293634496919918,0,6.0013689253935665,2,0.0,1.0,0.0,1.0,0
P163562,KITE,Pakistan,PAK,MENAAP,FCI,A,IPF,IDA,2019-06-27,2026-06-30,0,0,0,LMC,0,1,1,100.0,4.605170185988092,2019,6.009582477754963,0,7.008898015058179,2,1.0,0.0,0.0,1.0,1
P163568,GERMP,"Gambia, The",GMB,AFW,EAE,A,IPF,IDA,2018-05-18,2025-12-31,0,1,0,LIC,0,1,1,84.0,4.430816798843313,2018,7.1184120465434635,0,7.62217659137577,1,0.0,1.0,0.0,1.0,0
P163610,AO-Bita Guarantee,Angola,AGO,AFE,WAT,A,IPF,IBRD,2019-07-16,2027-07-30,0,1,0,LMC,0,1,0,500.0,6.214608098422191,2020,5.9575633127994525,0,8.038329911019849,1,0.0,1.0,0.0,1.0,0
P163721,Sri Lanka: PSSP,Sri Lanka,LKA,SAR,HNP,C,IPF,IBRD,2018-06-27,2024-06-30,0,0,0,LMC,0,0,0,200.0,5.298317366548036,2018,7.008898015058179,0,6.009582477754963,2,0.0,0.0,0.0,0.5,0
P163732,TZ Sustainable RWSS,Tanzania,TZA,AFE,WAT,C,P4R,IDA,2018-06-26,2025-07-31,0,1,0,LMC,0,0,1,650.0,6.476972362889683,2018,7.011635865845311,0,7.096509240246407,2,0.0,1.0,0.0,1.0,0
P163734,DWSWP,Tajikistan,TJK,ECA,WAT,A,IPF,IDA,2019-06-05,2026-06-30,0,0,0,LMC,0,1,1,30.0,3.4011973816621555,2019,6.069815195071868,0,7.069130732375085,3,0.0,0.3333333333333333,0.0,0.3333333333333333,0
P163752,Tanzania-Zambia Interconnect,Tanzania,TZA,AFE,EAE,A,IPF,IDA,2018-06-18,2026-06-30,0,1,0,LMC,0,1,1,615.0,6.421622267806518,2018,7.0335386721423685,0,8.032854209445585,2,0.0,0.0,0.0,1.0,0
P163782,IWMDP,Uganda,UGA,AFE,WAT,A,IPF,IDA,2018-06-14,2026-01-31,0,1,0,LIC,0,1,1,280.0,5.634789603169249,2018,7.044490075290897,0,7.6331279945242985,2,0.0,1.0,0.0,1.0,0
P163794,Lilongwe Water and Sanitation Project,Malawi,MWI,AFE,WAT,C,IPF,IDA,2017-12-20,2025-06-30,0,1,0,LIC,0,0,1,145.0,4.976733742420574,2018,7.526351813826146,0,7.526351813826146,2,0.0,1.0,0.0,1.0,0
P163818,MV: Youth Employability and Resilience,Maldives,MDV,SAR,EDU,A,IPF,IDA,2019-06-14,2025-12-31,0,0,1,UMC,0,1,1,20.0,2.995732273553991,2019,6.04517453798768,0,6.548939082819986,2,1.0,0.0,0.0,1.0,1
P163836,Irrigation for Climate Resilience,Uganda,UGA,AFE,WAT,A,IPF,IDA,2020-06-18,2028-04-30,0,1,0,LIC,0,1,1,169.2,5.1310814471721224,2020,5.032169746748802,0,7.865845311430527,6,0.0,1.0,0.0,1.0,0
P163870,Madagascar - LEAD,Madagascar,MDG,AFE,EAE,A,IPF,IDA,2019-03-01,2026-06-29,0,1,0,LIC,0,1,1,161.0,5.081404364984463,2019,6.33264887063655,0,7.329226557152635,1,0.0,1.0,0.0,1.0,0
P163876,Water Supply and Sanitation Improvement,Cambodia,KHM,EAP,WAT,A,IPF,IDA,2019-03-28,2026-12-31,0,1,0,LMC,0,1,1,55.0,4.007333185232471,2019,6.2587268993839835,0,7.761806981519507,2,0.0,1.0,0.0,1.0,0
P163881,CM-REAP-UR,Cameroon,CMR,AFW,EAE,A,IPF,IDA,2018-12-13,2026-06-30,1,0,0,LMC,0,1,1,119.99999972,4.787491740448712,2019,6.546201232032854,0,7.545516769336071,2,1.0,0.0,0.0,1.0,1
P163954,Strengthening Health Service Delivery,Guinea-Bissau,GNB,AFW,HNP,A,IPF,IDA,2018-05-31,2025-12-26,1,1,1,LIC,0,1,1,25.0,3.2188758248682006,2018,7.082819986310746,0,7.572895277207392,5,0.2,0.8,0.2,0.6,1
P163980,KEMFSED,Kenya,KEN,AFE,ENV,A,IPF,IDA,2020-03-10,2026-09-30,0,0,0,LMC,0,1,1,100.0,4.605170185988092,2020,5.305954825462012,0,6.5571526351813825,2,0.0,0.0,0.0,1.0,0
P163989,Mozambique Urban and Decentralization,Mozambique,MOZ,AFE,URS,A,IPF,IDA,2020-06-26,2026-12-31,1,1,0,LIC,0,1,1,117.0,4.762173934797756,2020,5.0102669404517455,0,6.513347022587269,1,0.0,1.0,0.0,1.0,0
P164052,Mali Drylands Development Project,Mali,MLI,AFW,AGR,A,IPF,IDA,2018-07-05,2025-12-31,1,1,0,LIC,0,1,1,90.0,4.499809670330265,2019,6.9869952087611225,0,7.490759753593429,2,0.0,1.0,0.0,1.0,0
P164130,Refugees & Host Community Rwanda,Rwanda,RWA,AFE,SOC,A,IPF,IDA,2019-04-30,2026-10-30,0,1,0,LIC,0,1,1,80.0,4.382026634673881,2019,6.168377823408624,0,7.501711156741957,2,0.5,0.5,0.0,1.0,1
P164184,Guinea-CADP,Guinea,GIN,AFW,AGR,A,IPF,IDA,2020-09-22,2026-01-31,0,1,0,LMC,0,1,1,100.0,4.605170185988092,2021,4.769336071184121,0,5.3579739904175225,3,0.6666666666666666,0.3333333333333333,0.0,1.0,1
P164186,BJ-Rural Water Supply Universal Access,Benin,BEN,AFW,WAT,A,P4R,IDA,2018-05-15,2027-06-30,0,1,0,LMC,0,1,1,470.0,6.152732694704104,2018,7.12662559890486,0,9.125256673511293,1,0.0,1.0,0.0,1.0,0
P164188,Kosovo Digital Economy (KODE),Kosovo,XKX,ECA,DDT,C,IPF,IDA,2018-07-05,2024-12-31,0,0,0,UMC,0,0,1,23.48615958,3.1564112936060016,2019,6.9869952087611225,0,6.491444216290212,2,0.0,0.0,0.0,1.0,0
P164211,GH-Tourism Development Project,Ghana,GHA,AFW,FCI,C,IPF,IDA,2018-07-13,2024-06-30,0,0,0,LMC,0,0,1,40.0,3.6888794541139363,2019,6.965092402464066,0,5.965776865160849,2,0.0,1.0,0.0,1.0,0
P164212,SL Economic Diversification Project,Sierra Leone,SLE,AFW,FCI,A,IPF,IDA,2020-07-28,2026-04-30,0,1,0,LIC,0,1,1,40.0,3.6888794541139363,2021,4.922655715263518,0,5.754962354551677,9,0.4444444444444444,0.3333333333333333,0.0,1.0,1
P164223,EQUALS,Malawi,MWI,AFE,EDU,A,IPF,IDA,2019-03-13,2025-12-31,0,1,0,LIC,0,1,1,95.0,4.553876891600541,2019,6.299794661190965,0,6.803559206023272,1,0.0,0.0,0.0,0.0,0
P164225,GNEAP,Guinea,GIN,AFW,EAE,C,IPF,IDA,2019-02-15,2025-06-30,0,1,0,LMC,0,0,1,50.0,3.912023005428146,2019,6.3709787816564,0,6.3709787816564,2,0.0,1.0,0.0,1.0,0
P164242,Mali Governance of Mining Sector,Mali,MLI,AFW,EAE,C,IPF,IDA,2019-06-21,2024-06-30,1,1,0,LIC,0,0,1,20.29219508,3.0102363332990763,2019,6.026009582477755,0,5.026694045174538,4,0.0,1.0,0.0,1.0,0
P164260,Utility Efficiency & Quality Improvement,Belarus,BLR,ECA,WAT,C,IPF,IBRD,2019-06-14,2025-03-31,0,0,0,UMC,0,0,0,25.507798469999997,3.238984227763198,2019,6.04517453798768,0,5.796030116358659,1,0.0,1.0,0.0,1.0,0
P164262,Senegal RWSS Project,Senegal,SEN,AFW,WAT,C,IPF,IDA,2018-06-22,2024-06-30,0,1,0,LMC,0,0,1,127.527385,4.8483311258493575,2018,7.02258726899384,0,6.023271731690623,4,0.0,1.0,0.0,1.0,0
P164283,Support to MSME Growth and Access to Fin,Guinea,GIN,AFW,FCI,C,IPF,IDA,2019-06-07,2024-05-29,0,1,0,LMC,0,0,1,30.0,3.4011973816621555,2019,6.064339493497604,0,4.97741273100616,1,0.0,1.0,0.0,1.0,0
P164293,Burkina Faso Higher Educ Support Project,Burkina Faso,BFA,AFW,EDU,C,IPF,IDA,2018-07-10,2025-03-31,1,1,0,LIC,0,0,1,70.0,4.248495242049359,2019,6.973305954825462,0,6.72416153319644,2,0.0,1.0,0.0,1.0,0
P164297,CHAD Skills Dev for Youth Employability,Chad,TCD,AFW,EDU,A,IPF,IDA,2019-06-21,2025-11-30,1,1,0,LIC,0,1,1,32.50000002,3.4812400899510765,2019,6.026009582477755,0,6.444900752908967,2,0.0,0.0,0.0,1.0,0
P164302,Governance and Service Delivery,Cote d'Ivoire,CIV,AFW,GOV,A,P4R,IDA,2019-04-05,2025-12-31,0,0,0,LMC,0,1,1,194.97536,5.27287319160542,2019,6.236824093086927,0,6.740588637919234,3,0.0,1.0,0.0,0.3333333333333333,0
P164330,GH Accra Resilient & Inte. Devt,Ghana,GHA,AFW,URS,A,IPF,IDA,2019-05-29,2027-12-31,0,0,0,LMC,0,1,1,350.0,5.857933154483459,2019,6.0889801505817935,0,8.591375770020534,1,0.0,1.0,0.0,1.0,0
P164336,LLRP,Ethiopia,ETH,AFE,AGR,C,IPF,IDA,2019-05-23,2025-10-10,1,1,0,Unknown,0,0,1,225.0,5.41610040220442,2019,6.105407255304586,0,6.38466803559206,2,0.0,1.0,0.0,1.0,0
P164345,Water Supply and Sanitation Program,Burkina Faso,BFA,AFW,WAT,A,P4R,IDA,2018-06-26,2026-06-30,1,1,0,LIC,0,1,1,300.0,5.703782474656201,2018,7.011635865845311,0,8.010951403148528,2,0.0,1.0,0.0,1.0,0
P164354,Mozambique - Malawi Reg. Interconnector,Malawi,MWI,AFE,EAE,A,IPF,IDA,2019-09-17,2026-07-01,0,1,0,LIC,0,1,1,57.0,4.04305126783455,2020,5.7850787132101305,0,6.787132101300479,4,0.0,0.0,0.5,1.0,0
P164412,GZ: Innovative Private Sector Develop'mt,West Bank and Gaza,PSE,MENAAP,FCI,C,IPF,SPF,2018-06-01,2025-05-15,1,0,0,LMC,0,0,0,22.0,3.091042453358316,2018,7.080082135523614,0,6.954140999315538,1,0.0,1.0,0.0,1.0,0
P164416,Skills for Jobs: Women and Youth Project,Burundi,BDI,AFE,EDU,A,IPF,IDA,2021-06-25,2026-10-30,1,1,0,LIC,1,1,1,72.6683822,4.285906382099189,2021,4.01368925393566,0,5.347022587268994,4,0.0,0.25,0.0,0.75,0
P164443,WEE-RDP,Afghanistan,AFG,MENAAP,AGR,A,IPF,IDA,2018-09-28,2026-06-30,1,1,0,LIC,0,1,1,25.0,3.2188758248682006,2019,6.754277891854894,0,7.753593429158111,2,0.0,1.0,0.0,1.0,0
P164448,National Food and Agriculture System,Myanmar,MMR,EAP,AGR,C,IPF,IDA,2020-06-26,2024-06-17,1,1,0,LMC,0,0,1,0.0,-2.3025850929940455,2020,5.0102669404517455,0,3.975359342915811,6,0.0,0.6666666666666666,0.0,1.0,0
P164451,Ghana Secondary Cities Support Program,Ghana,GHA,AFW,URS,A,P4R,IDA,2018-09-25,2025-12-31,0,0,0,LMC,0,1,1,245.0,5.501258210544727,2019,6.76249144421629,0,7.266255989048597,2,0.0,1.0,0.5,1.0,0
P164452,NI - Integrated Public Provision HCS,Nicaragua,NIC,LCR,HNP,C,IPF,IDA,2018-03-15,2025-02-28,0,0,0,LMC,0,0,1,60.0,4.0943445622221,2018,7.293634496919918,0,6.959616700889802,1,0.0,1.0,0.0,1.0,0
P164486,APPSA Angola & Lesotho,Angola,AGO,AFE,AGR,C,IPF,IBRD,2018-12-18,2025-06-30,0,1,0,LMC,0,0,0,50.0,3.912023005428146,2019,6.532511978097194,0,6.532511978097194,4,0.0,1.0,0.5,1.0,0
P164498,Rural Mobility and Connectivity,Niger,NER,AFW,TDD,A,IPF,IDA,2019-03-18,2026-03-31,1,1,0,LIC,0,1,1,50.0,3.912023005428146,2019,6.286105407255304,0,7.036276522929501,2,0.0,1.0,0.0,1.0,0
P164536,Integrated Growth Poles and Corridor 2.2,Madagascar,MDG,AFE,FCI,C,IPF,IDA,2018-09-18,2023-12-18,0,1,0,LIC,0,0,1,101.78773498999999,4.622889615423767,2019,6.781656399726215,0,5.248459958932238,1,0.0,1.0,0.0,1.0,0
P164543,Rural Mobility and Connectivity Project,Guinea,GIN,AFW,TDD,C,IPF,IDA,2018-12-10,2024-06-28,0,1,0,LMC,0,0,1,18.16934,2.8997355581380146,2019,6.55441478439425,0,5.549623545516769,1,0.0,1.0,0.0,1.0,0
P164546,First ACE Impact,Senegal,SEN,AFW,EDU,C,IPF,IDA,2019-03-27,2025-06-30,0,1,0,LMC,0,0,1,143.0,4.962844630259907,2019,6.261464750171116,0,6.261464750171116,16,0.0,0.375,0.9375,1.0,0
P164584,PIDC,Comoros,COM,AFE,FCI,C,IPF,IDA,2019-05-20,2024-07-31,1,1,1,LMC,0,0,1,25.0,3.2188758248682006,2019,6.113620807665982,0,5.19917864476386,2,0.0,1.0,0.0,1.0,0
P164696,Health Services Reinforcement Project,Burkina Faso,BFA,AFW,HNP,C,IPF,IDA,2018-07-06,2024-06-28,1,1,0,LIC,0,0,1,80.0,4.382026634673881,2019,6.98425735797399,0,5.979466119096509,2,0.0,1.0,0.0,1.0,0
P164704,KWSSIP,Pakistan,PAK,MENAAP,WAT,A,IPF,IBRD,2019-06-27,2026-06-30,0,0,0,LMC,0,1,0,40.0,3.6888794541139363,2019,6.009582477754963,0,7.008898015058179,1,0.0,0.0,1.0,1.0,0
P164748,Chad - Refugees and Host Communities,Chad,TCD,AFW,SPL,A,IPF,IDA,2018-09-12,2025-12-31,1,1,0,LIC,0,1,1,135.0,4.90527477843843,2019,6.798083504449007,0,7.301848049281314,7,0.0,0.8571428571428571,0.0,1.0,0
P164762,Afghanistan Land Administration System,Afghanistan,AFG,MENAAP,URS,A,IPF,IDA,2019-04-25,2026-06-30,1,1,0,LIC,0,1,1,17.862329589999998,2.882694003112508,2019,6.182067077344285,0,7.181382614647502,2,0.0,0.0,0.0,1.0,0
P164771,Investing in the Early Years in Malawi,Malawi,MWI,AFE,HNP,C,IPF,IDA,2018-12-19,2025-06-30,0,1,0,LIC,0,0,1,50.0,3.912023005428146,2019,6.529774127310062,0,6.529774127310062,4,0.0,1.0,0.25,0.75,0
P164785,PHCIP,Pakistan,PAK,MENAAP,SPL,A,IPF,IDA,2020-03-03,2026-06-30,0,0,0,LMC,0,1,1,200.0,5.298317366548036,2020,5.325119780971937,0,6.324435318275154,3,0.0,0.6666666666666666,0.3333333333333333,1.0,0
P164786,Financial Inclusion Support Project,Burkina Faso,BFA,AFW,FCI,A,IPF,IDA,2019-04-30,2026-04-30,1,1,0,LIC,0,1,1,100.0,4.605170185988092,2019,6.168377823408624,0,7.000684462696783,6,0.0,1.0,0.0,1.0,0
P164845,Rwanda Stunting Prevention and Reduction,Rwanda,RWA,AFE,HNP,A,IPF,IDA,2018-02-28,2025-12-31,0,1,0,LIC,0,1,1,95.0,4.553876891600541,2018,7.3347022587268995,0,7.838466803559206,3,0.0,1.0,0.3333333333333333,0.3333333333333333,0
P164847,SouthernAfrica Trade & Connectivity Proj,Malawi,MWI,AFE,FCI,A,IPF,IDA,2021-04-27,2027-06-30,0,1,0,LIC,0,1,1,260.57068624,5.562874172715256,2021,4.175222450376454,0,6.1738535249828885,4,0.0,1.0,0.5,1.0,0
P164901,Scaling-Up WASH Project,Lao People's Democratic Republic,LAO,EAP,WAT,A,IPF,IDA,2019-03-14,2026-03-31,0,1,0,LMC,0,1,1,25.0,3.2188758248682006,2019,6.297056810403833,0,7.047227926078029,2,0.0,1.0,0.0,1.0,0
P164920,Tanzania RISE,Tanzania,TZA,AFE,TDD,A,IPF,IDA,2021-05-27,2027-06-30,0,1,0,LMC,1,1,1,400.0,5.991464547107982,2021,4.093086926762491,0,6.091718001368926,2,1.0,0.0,0.0,1.0,1
P164932,Improving Results in Secondary Education,Liberia,LBR,AFW,EDU,C,IPF,IDA,2019-07-02,2025-06-30,0,1,0,LIC,0,0,1,47.0,3.8501476017100584,2020,5.9958932238193015,0,5.9958932238193015,1,0.0,1.0,0.0,1.0,0
P164941,Tongafish Pathways,Tonga,TON,EAP,ENV,C,IPF,IDA,2019-04-17,2025-04-30,0,0,1,UMC,0,0,1,10.0,2.302585092994046,2019,6.203969883641341,0,6.036960985626283,2,0.0,1.0,0.0,0.0,0
P164967,Agri. & Livestock Comp. Program,Senegal,SEN,AFW,AGR,A,P4R,IDA,2020-05-12,2025-12-31,0,1,0,LMC,0,1,1,150.0,5.0106352940962555,2020,5.13347022587269,0,5.637234770704997,2,0.0,1.0,0.0,0.5,0
P165034,Affordable Housing Finance Project,Kenya,KEN,AFE,FCI,C,IPF,IBRD,2019-04-30,2025-06-30,0,0,0,LMC,0,0,0,198.63013699,5.291444487278896,2019,6.168377823408624,0,6.168377823408624,3,0.0,0.0,0.0,1.0,0
P165055,Ceará Water Security and Governance,Brazil,BRA,LCR,WAT,A,IPF,IBRD,2019-08-08,2026-12-31,0,0,0,UMC,0,1,0,139.88,4.940784912195175,2020,5.894592744695414,0,7.397672826830938,1,0.0,1.0,0.0,1.0,0
P165128,Tanzania: BIG-Z Project,Tanzania,TZA,AFE,URS,A,IPF,IDA,2021-06-10,2027-12-31,0,1,0,LMC,0,1,1,150.0,5.0106352940962555,2021,4.054757015742642,0,6.5571526351813825,1,0.0,1.0,0.0,1.0,0
P165183,SEDAP,"Micronesia, Federated States of",FSM,EAP,EAE,A,IPF,IDA,2018-12-06,2026-06-30,1,0,1,LMC,0,1,1,30.0,3.4011973816621555,2019,6.565366187542779,0,7.564681724845996,2,1.0,0.0,0.0,1.0,1
P165253,Burundi EY&F (NKURIZA),Burundi,BDI,AFE,HNP,C,IPF,IDA,2019-09-05,2025-06-30,1,1,0,LIC,0,0,1,30.0,3.4011973816621555,2020,5.817932922655715,0,5.817932922655715,3,0.0,1.0,0.3333333333333333,1.0,0
P165313,CASA1000 Community Support Project,Tajikistan,TJK,ECA,SOC,C,IPF,IDA,2019-03-21,2025-08-29,0,0,0,LMC,0,0,1,34.0,3.5263605246161616,2019,6.277891854893908,0,6.442162902121835,1,0.0,1.0,0.0,1.0,0
P165344,Cam - Sustainable Landscape & Ecotourism,Cambodia,KHM,EAP,ENV,A,IPF,IDA,2019-05-30,2027-12-31,0,1,0,LMC,0,1,1,50.66,3.925136644573529,2019,6.0862422997946615,0,8.588637919233403,1,0.0,1.0,0.0,1.0,0
P165534,M-APUHC,Mali,MLI,AFW,HNP,C,IPF,IDA,2019-03-19,2024-06-30,1,1,0,LIC,0,0,1,50.0,3.912023005428146,2019,6.283367556468172,0,5.284052019164956,2,0.0,1.0,0.5,1.0,0
P165557,GALOP,Ghana,GHA,AFW,EDU,A,IPF,IDA,2019-10-29,2028-12-29,0,0,0,LMC,1,1,1,150.0,5.0106352940962555,2020,5.670088980150582,0,9.169062286105408,1,0.0,1.0,0.0,1.0,0
P165558,DJ: Support for Entrepreneurship,Djibouti,DJI,MENAAP,FCI,C,IPF,IDA,2018-06-08,2024-06-28,0,1,0,LMC,0,0,1,15.0,2.70805020110221,2018,7.060917180013689,0,6.056125941136208,7,0.2857142857142857,0.7142857142857143,0.0,1.0,1
P165581,Africa Fund for Science,Eastern and Southern Africa,,AFE,EDU,A,IPF,IDA,2018-07-05,2025-12-31,0,0,0,Unknown,0,1,1,15.0,2.70805020110221,2019,6.9869952087611225,0,7.490759753593429,2,0.0,0.5,0.0,0.5,0
P165649,Rwanda Housing Finance Project,Rwanda,RWA,AFE,FCI,C,IPF,IDA,2018-11-29,2025-10-31,0,1,0,LIC,0,0,1,150.0,5.0106352940962555,2019,6.584531143052704,0,6.921286789869952,2,0.0,0.5,0.0,1.0,0
P165651,Sustainable Energy Scale-Up,Belarus,BLR,ECA,EAE,C,IPF,IBRD,2019-10-30,2025-04-30,0,0,0,UMC,0,0,0,15.15356768,2.7182359946609025,2020,5.66735112936345,0,5.500342231348392,1,0.0,1.0,0.0,1.0,0
P165660,TanTIP,Tanzania,TZA,AFE,TDD,A,IPF,IDA,2022-05-24,2027-09-30,0,1,0,LMC,1,1,1,550.0,6.309918278226516,2022,3.1019849418206706,0,5.352498288843258,4,0.0,0.0,0.0,1.0,0
P165683,Paraiba Improving Water Security,Brazil,BRA,LCR,WAT,A,IPF,IBRD,2019-02-28,2026-06-30,0,0,0,UMC,0,1,0,126.886,4.843289045545256,2019,6.335386721423682,0,7.3347022587268995,1,0.0,1.0,0.0,1.0,0
P165695,Brazil -SABESP- SP Water Utility Project,Brazil,BRA,LCR,WAT,A,IPF,IBRD,2018-12-18,2026-06-16,0,0,0,UMC,0,1,0,250.0,5.521460917862246,2019,6.532511978097194,0,7.493497604380561,2,0.0,1.0,0.0,1.0,0
P165855,PRADAC,Central African Republic,CAF,AFW,AGR,A,IPF,IDA,2019-05-17,2025-12-30,1,1,0,LIC,0,1,1,25.0,3.2188758248682006,2019,6.121834360027378,0,6.622861054072553,7,0.0,1.0,0.0,1.0,0
P165870,HT Strengthening DRM and Climate Resilie,Haiti,HTI,LCR,URS,A,IPF,IDA,2019-05-16,2026-10-30,1,1,1,LMC,0,1,1,50.5,3.9219733362813143,2019,6.12457221081451,0,7.457905544147844,2,0.0,1.0,0.0,1.0,0
P165872,UWSSSP,Solomon Islands,SLB,EAP,WAT,A,IPF,IDA,2019-05-16,2027-06-30,1,1,1,LMC,0,1,1,30.0,3.4011973816621555,2019,6.12457221081451,0,8.123203285420944,1,0.0,1.0,0.0,1.0,0
P165873,SAFPROM,Samoa,WSM,EAP,AGR,C,IPF,IDA,2019-07-02,2025-06-30,0,0,1,UMC,0,0,1,15.98034175,2.7713593262170835,2020,5.9958932238193015,0,5.9958932238193015,2,0.0,1.0,0.0,1.0,0
P165945,Livestock Commercialization Project,Mongolia,MNG,EAP,AGR,A,IPF,IDA,2019-12-13,2026-03-31,0,0,0,UMC,0,1,1,30.0,3.4011973816621555,2020,5.546885694729637,0,6.297056810403833,2,0.0,0.0,0.0,1.0,0
P166013,COMPASS,Comoros,COM,AFE,HNP,A,IPF,IDA,2019-07-02,2026-06-30,1,1,1,LMC,0,1,1,35.0,3.5553480614894135,2020,5.9958932238193015,0,6.995208761122519,3,0.0,1.0,0.0,1.0,0
P166072,VIVA-Benue,Cameroon,CMR,AFW,AGR,A,IPF,IDA,2020-09-08,2027-06-30,1,0,0,LMC,0,1,1,200.0,5.298317366548036,2021,4.80766598220397,0,6.806297056810404,2,0.0,0.0,0.0,1.0,0
P166100,Harnessing the Demographic Dividend,Mozambique,MOZ,AFE,SPL,C,IPF,IDA,2020-02-14,2025-06-30,1,1,0,LIC,0,0,1,75.0,4.31748811353631,2020,5.374401095140315,0,5.374401095140315,4,0.5,0.5,0.0,1.0,1
P166107,Mozambique: Financial Inclusion,Mozambique,MOZ,AFE,FCI,C,IPF,IDA,2018-12-13,2024-06-30,1,1,0,LIC,0,0,1,31.558199010000003,3.4518334287600174,2019,6.546201232032854,0,5.546885694729637,1,0.0,1.0,0.0,1.0,0
P166165,HANSA Project,Lao People's Democratic Republic,LAO,EAP,HNP,C,IPF,IDA,2020-03-12,2024-06-30,0,1,0,LMC,0,0,1,21.82683045,3.0831399676246307,2020,5.300479123887748,0,4.301163586584531,3,0.0,1.0,0.0,1.0,0
P166187,SR Competitiveness & Diversification MST,Suriname,SUR,LCR,FCI,A,IPF,IBRD,2019-07-09,2026-12-31,0,0,1,UMC,0,1,0,23.0,3.1354942159291497,2020,5.976728268309377,0,7.479808350444901,1,0.0,0.0,0.0,1.0,0
P166193,KM Financial Inclusion IPF,Comoros,COM,AFE,FCI,C,IPF,IDA,2020-07-09,2025-06-30,1,1,1,LMC,1,0,1,14.998325529999999,2.7079385635376356,2021,4.974674880219028,0,4.974674880219028,1,0.0,1.0,1.0,1.0,0
P166211,EY Nutrition and Child Development,Benin,BEN,AFW,HNP,C,IPF,IDA,2019-02-21,2024-05-31,0,1,0,LMC,0,0,1,50.0,3.912023005428146,2019,6.354551676933607,0,5.2731006160164275,6,0.0,0.8333333333333334,0.3333333333333333,0.8333333333333334,0
P166220,DJ: Cash Transfer & Human Capital Proj,Djibouti,DJI,MENAAP,SPL,C,IPF,IDA,2019-05-15,2023-12-31,0,1,0,LMC,0,0,1,30.0,3.4011973816621555,2019,6.1273100616016425,0,4.629705681040384,2,0.0,1.0,0.0,1.0,0
P166222,PG Ag Commercialization & Diversificatio,Papua New Guinea,PNG,EAP,AGR,A,IPF,IDA,2020-04-22,2025-12-31,1,0,1,LMC,0,1,1,40.0,3.6888794541139363,2020,5.188227241615332,0,5.691991786447638,4,0.0,1.0,0.0,1.0,0
P166239,Inno.Dev and Effec in Acq of Ski (IDEAS),Nigeria,NGA,AFW,EDU,A,IPF,IDA,2020-02-18,2025-12-31,1,0,0,LMC,0,1,1,132.4178308,4.885962308151229,2020,5.363449691991787,0,5.867214236824093,2,0.0,1.0,0.0,1.0,0
P166279,JM REDI II Project MST,Jamaica,JAM,LCR,AGR,A,IPF,IBRD,2019-11-14,2027-05-31,0,0,1,UMC,0,1,0,40.0,3.6888794541139363,2020,5.626283367556468,0,7.542778918548939,2,1.0,0.0,0.0,1.0,1
P166305,Ferghana Valley Enterprise Development,Uzbekistan,UZB,ECA,AGR,A,IPF,IBRD,2019-03-21,2026-03-31,0,0,0,LMC,0,1,0,200.0,5.298317366548036,2019,6.277891854893908,0,7.028062970568104,7,0.2857142857142857,0.42857142857142855,0.0,1.0,1
P166308,Balochistan Human Capital Project,Pakistan,PAK,MENAAP,HNP,C,IPF,IDA,2020-06-23,2025-06-30,0,0,0,LMC,0,0,1,36.0,3.58351893845611,2020,5.018480492813142,0,5.018480492813142,2,0.0,1.0,0.0,0.5,0
P166309,KP HC Project,Pakistan,PAK,MENAAP,EDU,A,IPF,IDA,2020-06-23,2026-06-30,0,0,0,LMC,0,1,1,200.0,5.298317366548036,2020,5.018480492813142,0,6.017796030116359,1,0.0,1.0,0.0,1.0,0
P166328,DM Agriculture Resilience MST,Dominica,DMA,LCR,AGR,A,IPF,IDA,2018-04-13,2026-03-31,0,0,1,UMC,0,1,1,36.6,3.6000482404073204,2018,7.214236824093087,0,7.964407939767283,6,0.3333333333333333,0.3333333333333333,0.0,1.0,1
P166373,India TN Health System Reform Program,India,IND,SAR,HNP,C,P4R,IBRD,2019-03-19,2024-05-31,0,0,0,LMC,0,0,0,287.0,5.659482215759621,2019,6.283367556468172,0,5.201916495550993,1,0.0,1.0,0.0,1.0,0
P166420,UYEP II,Papua New Guinea,PNG,EAP,SOC,A,IPF,IDA,2020-04-22,2027-06-30,1,0,1,LMC,0,1,1,35.0,3.5553480614894135,2020,5.188227241615332,0,7.186858316221766,1,0.0,1.0,0.0,1.0,0
P166537,Dominica HRP,Dominica,DMA,LCR,URS,C,IPF,IDA,2018-04-13,2025-06-30,0,0,1,UMC,0,0,1,35.01085993,3.555658297075663,2018,7.214236824093087,0,7.214236824093087,2,0.0,1.0,0.0,1.0,0
P166538,Saint-Louis Emergency Recov & Resilience,Senegal,SEN,AFW,URS,A,IPF,IDA,2018-06-07,2026-06-30,0,1,0,LMC,0,1,1,80.0,4.382026634673881,2018,7.063655030800821,0,8.062970568104038,1,0.0,1.0,0.0,1.0,0
P166539,Gh-GETP-Economic Transformation Project,Ghana,GHA,AFW,FCI,A,IPF,IDA,2019-07-02,2026-06-30,0,0,0,LMC,0,1,1,200.0,5.298317366548036,2020,5.9958932238193015,0,6.995208761122519,6,0.3333333333333333,0.6666666666666666,0.0,1.0,1
P166685,UG-Electricity Access Scale-up Project,Uganda,UGA,AFE,EAE,A,IPF,IDA,2022-03-31,2027-06-30,0,1,0,LIC,1,1,1,568.0,6.342121418721152,2022,3.249828884325804,0,5.248459958932238,11,0.0,0.6363636363636364,0.0,1.0,0
P166695,GAMBIA FISCAL MANAGEMENT PROJECT,"Gambia, The",GMB,AFW,GOV,C,IPF,IDA,2020-06-04,2024-06-30,0,1,0,LIC,1,0,1,19.526775129999997,2.971786607342203,2020,5.070499657768652,0,4.071184120465435,1,0.0,0.0,0.0,1.0,0
P166697,Eswatini WSSAP,Eswatini,SWZ,AFE,WAT,A,IPF,IBRD,2019-10-10,2026-09-30,0,0,0,LMC,1,1,0,53.0,3.970291913552122,2020,5.722108145106092,0,6.973305954825462,3,0.0,1.0,0.0,1.0,0
P166730,GY Petroleum Resources Governance & Mngt,Guyana,GUY,LCR,EAE,A,IPF,IDA,2019-03-29,2025-12-31,0,0,1,HIC,0,1,1,20.0,2.995732273553991,2019,6.2559890485968515,0,6.759753593429158,1,0.0,0.0,0.0,0.0,0
P166732,Karachi Mobility Project,Pakistan,PAK,MENAAP,TDD,A,IPF,IBRD,2019-06-27,2025-12-31,0,0,0,LMC,0,1,0,382.0,5.945420608606575,2019,6.009582477754963,0,6.513347022587269,2,0.0,0.0,0.0,1.0,0
P166783,LC Health System Strengthening,St. Lucia,LCA,LCR,HNP,C,IPF,IDA,2018-09-28,2025-10-16,0,0,1,UMC,0,0,1,25.0,3.2188758248682006,2019,6.754277891854894,0,7.049965776865161,1,0.0,1.0,0.0,1.0,0
P166941,Accelerating Private Investment in Agric,Ukraine,UKR,ECA,AGR,C,P4R,IBRD,2019-05-24,2024-06-30,1,0,0,UMC,0,0,0,200.0,5.298317366548036,2019,6.102669404517454,0,5.103353867214237,2,0.0,1.0,0.0,1.0,0
P167000,EG: Transforming Egypt's Healthcare Sys,"Egypt, Arab Republic of",EGY,MENAAP,HNP,A,IPF,IBRD,2018-06-27,2025-12-31,0,0,0,LMC,0,1,0,530.0,6.272877006546167,2018,7.008898015058179,0,7.512662559890486,2,0.0,1.0,0.5,1.0,0
P167156,NG Child Health for Human Capital MPA,Nigeria,NGA,AFW,HNP,A,IPF,IDA,2020-02-18,2025-12-31,1,0,0,LMC,0,1,1,650.0,6.476972362889683,2020,5.363449691991787,0,5.867214236824093,3,0.0,1.0,0.0,0.6666666666666666,0
P167183,Nigeria ID4D Project,Nigeria,NGA,AFW,DDT,A,IPF,IDA,2020-02-18,2026-12-31,1,0,0,LMC,0,1,1,115.0,4.74493212836325,2020,5.363449691991787,0,6.86652977412731,2,0.0,1.0,0.0,0.0,0
P167184,PNG IMPACT Health,Papua New Guinea,PNG,EAP,HNP,A,IPF,IDA,2020-04-22,2026-06-30,1,0,1,LMC,0,1,1,30.0,3.4011973816621555,2020,5.188227241615332,0,6.187542778918549,1,0.0,1.0,0.0,0.0,0
P167328,MR-MWSSP,Mauritania,MRT,AFW,WAT,A,IPF,IDA,2020-03-30,2026-05-30,0,1,0,LMC,1,1,1,44.0,3.784189633918261,2020,5.25119780971937,0,6.165639972621492,2,0.0,1.0,0.0,1.0,0
P167380,TN: Innovative Startups and SMEs (iSMEs),Tunisia,TUN,MENAAP,FCI,A,IPF,IBRD,2019-06-14,2028-11-30,0,0,0,LMC,1,1,0,75.0,4.31748811353631,2019,6.04517453798768,0,9.464750171115675,9,0.2222222222222222,0.7777777777777778,0.0,1.0,1
P167416,Social Safety Net Project,Ecuador,ECU,LCR,SPL,A,IPF,IBRD,2019-04-03,2027-06-30,0,0,0,UMC,1,1,0,650.0,6.476972362889683,2019,6.242299794661191,0,8.240930869267626,2,0.0,1.0,0.0,0.5,0
P167428,RED-1,Kyrgyz Republic,KGZ,ECA,URS,A,IPF,IDA,2020-03-12,2028-11-17,0,0,0,LMC,1,1,1,68.5,4.22683374526818,2020,5.300479123887748,0,8.684462696783026,2,1.0,0.0,0.0,1.0,1
P167455,Projeto Ceara Sao Jose IV,Brazil,BRA,LCR,AGR,A,IPF,IBRD,2019-07-18,2027-09-30,0,0,0,UMC,0,1,0,100.0,4.605170185988092,2020,5.952087611225188,0,8.202600958247775,2,0.0,1.0,0.0,1.0,0
P167506,ASSET,Bangladesh,BGD,SAR,EDU,A,IPF,IDA,2021-05-20,2026-12-31,0,1,0,LMC,1,1,1,201.15285968999999,5.304065114998693,2021,4.112251882272417,0,5.61533196440794,2,0.0,0.0,0.0,1.0,0
P167512,Strengthening PHC in HT,Haiti,HTI,LCR,HNP,A,IPF,IDA,2019-05-16,2026-12-31,1,1,1,LMC,0,1,1,75.0,4.31748811353631,2019,6.12457221081451,0,7.627652292950034,3,0.0,1.0,0.0,1.0,0
P167543,Niger Smart Villages,Niger,NER,AFW,DDT,A,IPF,IDA,2020-07-08,2026-10-23,1,1,0,LIC,0,1,1,100.0,4.605170185988092,2021,4.97741273100616,0,6.291581108829569,7,0.0,0.7142857142857143,0.0,0.7142857142857143,0
P167581,Andhra Pradesh HSSP,India,IND,SAR,HNP,C,IPF,IBRD,2019-05-15,2025-03-31,0,0,0,LMC,0,0,0,294.89,5.686602405446348,2019,6.1273100616016425,0,5.878165639972622,1,1.0,0.0,1.0,1.0,1
P167598,Primary Health Care Quality Improvement,Kyrgyz Republic,KGZ,ECA,HNP,A,P4R,IDA,2019-06-07,2027-06-30,0,0,0,LMC,1,1,1,20.0,2.995732273553991,2019,6.064339493497604,0,8.062970568104038,3,0.0,1.0,0.0,0.3333333333333333,0
P167619,MA: Education Support Program,Morocco,MAR,MENAAP,EDU,A,P4R,IBRD,2019-06-20,2026-07-31,0,0,0,LMC,1,1,0,750.0,6.620073206530356,2019,6.028747433264887,0,7.112936344969199,2,0.0,0.5,0.0,0.5,0
P167678,GFM,Benin,BEN,AFW,ENV,A,IPF,IDA,2019-05-30,2026-11-30,0,1,0,LMC,0,1,1,90.1001026,4.500921303348383,2019,6.0862422997946615,0,7.5044490075290895,2,0.0,1.0,0.0,1.0,0
P167681,Youth Employability,Senegal,SEN,AFW,SPL,C,IPF,IDA,2018-11-21,2024-06-30,0,1,0,LMC,0,0,1,34.04588752,3.5277092476214276,2019,6.606433949349761,0,5.607118412046543,2,0.0,0.0,0.0,1.0,0
P167762,Emergency Multi-Sector Rohingya Project,Bangladesh,BGD,SAR,URS,A,IPF,IDA,2019-03-07,2025-12-31,0,1,0,LMC,0,1,1,261.40672969999997,5.56607754569423,2019,6.316221765913758,0,6.8199863107460645,3,0.0,1.0,0.0,1.0,0
P167790,Higher Education Project,Moldova,MDA,ECA,EDU,A,IPF,IDA,2020-03-05,2029-12-31,0,0,0,UMC,1,1,1,71.8,4.273884476054178,2020,5.319644079397673,0,9.82340862422998,1,0.0,1.0,0.0,1.0,0
P167794,One WASH CWA,Ethiopia,ETH,AFE,WAT,A,IPF,IDA,2019-06-13,2027-01-07,1,1,0,Unknown,0,1,1,300.0,5.703782474656201,2019,6.047912388774812,0,7.57015742642026,4,0.0,1.0,0.0,1.0,0
P167860,MWASIP,Malawi,MWI,AFE,WAT,A,IPF,IDA,2020-06-19,2026-07-31,0,1,0,LIC,1,1,1,107.88355935999999,4.681052491423949,2020,5.02943189596167,0,6.113620807665982,5,0.4,0.2,0.0,1.0,1
P167890,Health System Strengthening,"Congo, Republic of",COG,AFW,HNP,C,IPF,IDA,2021-06-02,2025-08-31,1,0,0,LMC,1,0,1,35.0298062,3.5561993047932923,2021,4.076659822039699,0,4.246406570841889,3,0.0,1.0,0.0,1.0,0
P167894,MA North-East Project,Morocco,MAR,MENAAP,TDD,A,IPF,IBRD,2022-06-23,2029-12-31,0,0,0,LMC,1,1,0,250.0,5.521460917862246,2022,3.0198494182067077,0,7.523613963039014,2,0.0,0.0,0.0,1.0,0
P167897,Sierra Leone Free Education Project,Sierra Leone,SLE,AFW,EDU,A,IPF,IDA,2020-06-29,2027-12-31,0,1,0,LIC,1,1,1,70.0,4.248495242049359,2020,5.002053388090349,0,7.5044490075290895,2,0.0,1.0,0.0,1.0,0
P167900,Tunisia Economic Corridor,Tunisia,TUN,MENAAP,TDD,A,IPF,IBRD,2024-03-14,2030-05-31,0,0,0,LMC,1,1,0,220.0,5.393627546352362,2024,1.2950034223134839,0,6.2121834360027375,2,0.0,1.0,0.0,1.0,0
P167901,Timor Leste Water & Sanitation Project,Timor-Leste,TLS,EAP,WAT,C,IPF,IDA,2020-04-22,2025-02-04,1,1,1,LMC,1,0,1,1.24263,0.21723010128214323,2020,5.188227241615332,0,4.788501026694045,4,0.0,1.0,0.0,1.0,0
P167945,Agriculture Resilience & Competitiveness,Burkina Faso,BFA,AFW,AGR,A,IPF,IDA,2019-08-30,2026-06-30,1,1,0,LIC,0,1,1,151.8596,5.022956409776614,2020,5.834360027378508,0,6.833675564681725,2,0.0,1.0,0.0,1.0,0
P167959,Strategic Purchasing in Health,Cote d'Ivoire,CIV,AFW,HNP,C,IPF,IDA,2019-03-22,2025-04-14,0,0,0,LMC,0,0,1,200.0,5.298317366548036,2019,6.275154004106776,0,6.064339493497604,4,0.0,1.0,0.0,0.5,0
P167996,PY Public Health Sector Strengthening,Paraguay,PRY,LCR,HNP,A,IPF,IBRD,2019-05-28,2026-06-30,0,0,0,UMC,0,1,0,115.0,4.74493212836325,2019,6.091718001368926,0,7.091033538672143,1,0.0,1.0,0.0,1.0,0
P168061,HUBEI SMART & SUSTAINABLE AGRICULTURE,China,CHN,EAP,AGR,A,IPF,IBRD,2020-05-21,2025-12-31,0,0,0,UMC,0,1,0,150.0,5.0106352940962555,2020,5.108829568788501,0,5.6125941136208075,1,0.0,1.0,0.0,1.0,0
P168115,Somalia SCALED-UP,"Somalia, Federal Republic of",SOM,AFE,FCI,A,IPF,IDA,2019-03-07,2026-06-30,1,1,0,LIC,0,1,1,68.0,4.219507705176107,2019,6.316221765913758,0,7.315537303216975,11,0.0,0.5454545454545454,0.0,1.0,0
P168132,AGRICULTURE COMPETITIVENESS PROJECT,Benin,BEN,AFW,AGR,A,IPF,IDA,2020-06-02,2030-04-30,0,1,0,LMC,1,1,1,310.0,5.736572297479192,2020,5.075975359342916,0,9.908281998631075,3,0.6666666666666666,0.3333333333333333,0.0,1.0,1
P168290,VN-DCIDP,Viet Nam,VNM,EAP,URS,A,IPF,IDA,2019-06-11,2026-12-31,0,0,0,LMC,0,1,1,194.36,5.269712109537703,2019,6.053388090349076,0,7.5564681724846,1,0.0,1.0,0.0,1.0,0
P168295,GZ: Early Childhood Development,West Bank and Gaza,PSE,MENAAP,EDU,A,IPF,SPF,2019-12-18,2026-01-31,1,0,0,LMC,1,1,0,9.0,2.1972245773362196,2020,5.533196440793977,0,6.121834360027378,1,0.0,1.0,0.0,1.0,0
P168308,CIV Urban Resilience and Solid Waste Mgt,Cote d'Ivoire,CIV,AFW,URS,A,IPF,IDA,2020-06-12,2026-10-31,0,0,0,LMC,1,1,1,315.0,5.752572638825633,2020,5.048596851471594,0,6.38466803559206,1,0.0,1.0,0.0,1.0,0
P168326,REDP,Tajikistan,TJK,ECA,FCI,A,IPF,IDA,2019-06-20,2025-12-31,0,0,0,LMC,1,1,1,30.0,3.4011973816621555,2019,6.028747433264887,0,6.532511978097194,2,1.0,0.0,0.0,1.0,1
P168385,COMRURAL II,Honduras,HND,LCR,AGR,A,IPF,IDA,2019-06-27,2026-03-31,0,0,0,LMC,0,1,1,75.0,4.31748811353631,2019,6.009582477754963,0,6.759753593429158,2,1.0,0.0,0.0,1.0,1
P168425,TN: Tunisia GovTech,Tunisia,TUN,MENAAP,DDT,A,IPF,IBRD,2019-06-14,2027-05-30,0,0,0,LMC,1,1,0,100.0,4.605170185988092,2019,6.04517453798768,0,7.958932238193018,2,0.0,0.0,0.0,1.0,0
P168549,Sint Maarten Enterprise Support Project,St Maarten,SXM,LCR,FCI,A,IPF,RETF,2019-04-04,2028-06-30,0,0,0,HIC,0,1,0,25.0,3.2188758248682006,2019,6.239561943874059,0,9.240246406570842,1,0.0,1.0,0.0,1.0,0
P168551,Rwanda Quality Basic Education,Rwanda,RWA,AFE,EDU,A,IPF,IDA,2019-07-30,2027-10-31,0,1,0,LIC,1,1,1,300.0,5.703782474656201,2020,5.919233401779603,0,8.254620123203285,1,0.0,1.0,0.0,1.0,0
P168564,Eswatini Health System Strengthening,Eswatini,SWZ,AFE,HNP,C,IPF,IBRD,2020-06-22,2025-09-30,0,0,0,LMC,1,0,0,20.0,2.995732273553991,2020,5.021218343600274,0,5.2731006160164275,10,0.5,0.5,0.5,0.6,1
P168577,FInES,Malawi,MWI,AFE,FCI,A,IPF,IDA,2020-08-25,2026-03-31,0,1,0,LIC,1,1,1,86.0,4.454347296253507,2021,4.84599589322382,0,5.596167008898015,4,1.0,0.0,0.0,1.0,1
P168608,Resilient Urban Sierra Leone Project,Sierra Leone,SLE,AFW,URS,A,IPF,IDA,2021-06-25,2028-07-31,0,1,0,LIC,1,1,1,50.0,3.912023005428146,2021,4.01368925393566,0,7.099247091033539,3,0.0,0.3333333333333333,0.6666666666666666,1.0,0
P168613,GN - NRM and Mining project,Guinea,GIN,AFW,ENV,A,IPF,IDA,2021-05-26,2027-09-30,0,1,0,LMC,1,1,1,65.0,4.174387269895637,2021,4.095824777549623,0,6.346338124572211,2,1.0,0.0,0.0,1.0,1
P168633,KSWMP,India,IND,SAR,URS,A,IPF,IBRD,2021-03-09,2027-06-30,0,0,0,LMC,0,1,0,72.56,4.2844138058068815,2021,4.309377138945927,0,6.308008213552362,3,0.0,1.0,0.3333333333333333,1.0,0
P168756,DRC Nutrition Project,"Congo, Democratic Republic of",COD,AFE,HNP,A,IPF,IDA,2019-05-28,2026-07-04,1,1,0,LIC,1,1,1,542.0,6.295266001439646,2019,6.091718001368926,0,7.101984941820671,7,0.0,1.0,0.2857142857142857,0.5714285714285714,0
P168772,VIVA Logone,Cameroon,CMR,AFW,WAT,A,IPF,IDA,2021-11-30,2029-06-30,1,0,0,LMC,0,1,1,200.0,5.298317366548036,2022,3.5811088295687883,0,7.581108829568788,2,0.0,1.0,0.0,1.0,0
P168777,Nafa Program Support Project,Guinea,GIN,AFW,SPL,A,IPF,IDA,2020-05-29,2026-12-31,0,1,0,LMC,1,1,1,200.0,5.298317366548036,2020,5.086926762491444,0,6.590006844626968,3,0.3333333333333333,0.6666666666666666,0.3333333333333333,1.0,1
P168779,Niger LIRE,Niger,NER,AFW,EDU,A,IPF,IDA,2020-04-06,2029-04-30,1,1,0,LIC,1,1,1,370.0,5.91350300563827,2020,5.232032854209446,0,9.065023956194388,2,0.0,0.5,0.0,1.0,0
P168812,PAFEEM,Mali,MLI,AFW,FCI,A,IPF,IDA,2021-03-17,2026-03-17,1,1,0,LIC,1,1,1,60.0,4.0943445622221,2021,4.287474332648871,0,4.999315537303217,4,0.0,1.0,0.0,1.0,0
P168943,BiH WSS Modernization Project,Bosnia and Herzegovina,BIH,ECA,WAT,A,IPF,IBRD,2021-11-24,2027-11-30,0,0,0,UMC,1,1,0,60.9,4.109233174715851,2022,3.597535934291581,0,6.015058179329227,4,0.0,1.0,0.0,1.0,0
P169021,National Agriculture Development Program,"Congo, Democratic Republic of",COD,AFE,AGR,A,IPF,IDA,2021-06-25,2027-12-31,1,1,0,LIC,1,1,1,295.62067442,5.689077127156062,2021,4.01368925393566,0,6.5160848733744015,3,0.0,1.0,0.0,1.0,0
P169064,Second ACE Impact,Nigeria,NGA,AFW,EDU,C,IPF,IDA,2019-11-26,2025-06-30,1,0,0,LMC,0,0,1,131.0,4.875197323201151,2020,5.593429158110883,0,5.593429158110883,10,0.0,0.0,1.0,1.0,0
P169071,Punjab Rural Sustainable WSS Project,Pakistan,PAK,MENAAP,WAT,A,IPF,IBRD,2021-06-18,2028-06-30,0,0,0,LMC,0,1,0,442.4,6.092214450208125,2021,4.032854209445585,0,7.0335386721423685,2,0.0,1.0,0.0,1.0,0
P169120,South Sudan RALP,South Sudan,SSD,AFE,AGR,A,IPF,IDA,2021-06-08,2026-08-23,1,1,0,LIC,1,1,1,92.5,4.52720864451838,2021,4.060232717316906,0,5.207392197125257,6,0.0,1.0,0.0,1.0,0
P169134,Mobility and Inclusion in Belo Horizonte,Brazil,BRA,LCR,TDD,A,IPF,IBRD,2020-03-24,2028-09-30,0,0,0,UMC,1,1,0,80.0,4.382026634673881,2020,5.2676249144421625,0,8.5201916495551,2,1.0,0.0,0.0,0.0,1
P169165,TZ-PSSN II,Tanzania,TZA,AFE,SPL,C,IPF,IDA,2019-09-12,2025-09-30,0,1,0,LMC,1,0,1,650.0,6.476972362889683,2020,5.798767967145791,0,6.050650239561944,3,0.0,0.3333333333333333,0.0,1.0,0
P169168,Tajikistan ECDP,Tajikistan,TJK,ECA,EDU,A,IPF,IDA,2020-04-30,2027-11-30,0,0,0,LMC,1,1,1,70.0,4.248495242049359,2020,5.166324435318275,0,7.58384668035592,6,0.3333333333333333,0.6666666666666666,0.0,1.0,1
P169198,SSRLP,Malawi,MWI,AFE,SPL,A,IPF,IDA,2019-12-10,2027-12-31,0,1,0,LIC,1,1,1,422.5,6.046189446797229,2020,5.555099247091033,0,8.057494866529774,3,0.0,1.0,0.0,0.3333333333333333,0
P169315,Burundi Integrated Community Development,Burundi,BDI,AFE,SOC,A,IPF,IDA,2020-02-28,2027-03-01,1,1,0,LIC,1,1,1,60.0,4.0943445622221,2020,5.336071184120465,0,7.003422313483915,6,0.0,0.8333333333333334,0.16666666666666666,1.0,0
P169342,BD Rural WASH for HCD Project,Bangladesh,BGD,SAR,WAT,A,IPF,IDA,2020-09-25,2026-12-31,0,1,0,LMC,1,1,1,200.0,5.298317366548036,2021,4.761122518822724,0,6.264202600958248,2,0.0,1.0,0.0,1.0,0
P169403,CSRRP,Indonesia,IDN,EAP,URS,C,IPF,IBRD,2019-06-19,2024-12-31,0,0,0,UMC,1,0,0,145.94540593000002,4.9832326197920365,2019,6.031485284052019,0,5.535934291581109,1,0.0,0.0,0.0,1.0,0
P169641,IFISH,Liberia,LBR,AFW,HNP,A,IPF,IDA,2020-05-21,2026-08-31,0,1,0,LIC,1,1,1,74.0,4.30406509320417,2020,5.108829568788501,0,6.277891854893908,4,0.0,1.0,0.0,0.25,0
P169677,Growing up Healthy Together,El Salvador,SLV,LCR,HNP,A,IPF,IBRD,2020-03-19,2026-06-30,0,0,0,UMC,1,1,0,250.0,5.521460917862246,2020,5.281314168377824,0,6.28062970568104,4,1.0,0.0,1.0,0.25,1
P169718,LURP,Liberia,LBR,AFW,URS,A,IPF,IDA,2022-05-17,2028-06-30,0,1,0,LIC,1,1,1,40.0,3.6888794541139363,2022,3.1211498973305956,0,6.121834360027378,2,0.0,1.0,0.0,1.0,0
P169758,Henan Green Agriculture Fund Project,China,CHN,EAP,AGR,A,IPF,IBRD,2020-03-26,2026-12-31,0,0,0,UMC,1,1,0,99.9251497,4.604421402719858,2020,5.262149212867898,0,6.765229295003422,1,0.0,1.0,0.0,1.0,0
P169779,Angola Social Protection,Angola,AGO,AFE,SPL,C,IPF,IBRD,2019-07-16,2025-04-30,0,1,0,LMC,1,0,0,320.0,5.768320995793772,2020,5.9575633127994525,0,5.790554414784395,1,0.0,1.0,0.0,1.0,0
P169866,Improving Health Quality and Efficieny,Colombia,COL,LCR,HNP,C,P4R,IBRD,2020-03-19,2024-12-31,0,0,0,UMC,0,0,0,150.0,5.0106352940962555,2020,5.281314168377824,0,4.785763175906913,2,1.0,0.0,1.0,0.5,1
P169901,DRY CORRIDOR HONDURAS,Honduras,HND,LCR,WAT,A,IPF,IDA,2020-06-12,2027-11-30,0,0,0,LMC,1,1,1,63.0,4.143134726391533,2020,5.048596851471594,0,7.4661190965092405,1,0.0,1.0,0.0,1.0,0
P169921,Edo BESST PforR,Nigeria,NGA,AFW,EDU,C,P4R,IDA,2020-08-25,2024-12-31,1,0,0,LMC,1,0,1,75.0,4.31748811353631,2021,4.84599589322382,0,4.350444900752909,2,0.0,0.0,0.0,0.0,0
P169970,A-WASH,Afghanistan,AFG,MENAAP,WAT,A,IPF,IDA,2020-12-11,2026-06-30,1,1,0,LIC,1,1,1,50.0,3.912023005428146,2021,4.550308008213553,0,5.549623545516769,5,0.0,0.6,0.0,1.0,0
P169983,Angola DPF3,Angola,AGO,AFE,MTI,C,DPL,IBRD,2022-03-25,2023-06-30,0,1,0,LMC,0,0,0,500.0,6.214608098422191,2022,3.266255989048597,0,1.264887063655031,1,0.0,1.0,0.0,1.0,0
P169996,Municipal Services Improvement Project,Türkiye,TUR,ECA,WAT,A,IPF,IBRD,2020-03-31,2026-12-31,0,0,0,UMC,1,1,0,148.8,5.002603122398992,2020,5.248459958932238,0,6.751540041067762,2,0.0,1.0,0.0,1.0,0
P170185,Innovation and Growth Entrepreneurship,Serbia,SRB,ECA,FCI,A,IPF,IBRD,2019-12-13,2027-09-30,0,0,0,UMC,1,1,0,74.7,4.3134800921387715,2020,5.546885694729637,0,7.797399041752224,6,0.3333333333333333,0.3333333333333333,0.0,1.0,1
P170215,REED,Nepal,NPL,SAR,AGR,A,IPF,IDA,2020-10-28,2026-04-15,0,1,0,LMC,1,1,1,37.3062986,3.61916217566475,2021,4.670773442847365,0,5.462012320328542,2,0.0,1.0,0.0,1.0,0
P170230,EDEIP,Pakistan,PAK,MENAAP,EAE,A,IPF,IBRD,2021-12-17,2027-12-31,0,0,0,LMC,1,1,0,250.0,5.521460917862246,2022,3.5345653661875427,0,6.036960985626283,8,0.0,0.25,0.0,0.75,0
P170267,Local Roads Connectivity Project,North Macedonia,MKD,ECA,TDD,A,IPF,IBRD,2019-12-18,2026-09-30,0,0,0,UMC,1,1,0,122.8,4.810557015713042,2020,5.533196440793977,0,6.784394250513347,2,1.0,0.0,0.0,1.0,1
P170278,Lesotho Nutrition and Health Project,Lesotho,LSO,AFE,HNP,A,IPF,IDA,2021-06-25,2026-06-30,0,1,0,LMC,1,1,1,22.0,3.091042453358316,2021,4.01368925393566,0,5.0130047912388775,1,0.0,1.0,0.0,1.0,0
P170409,Strategic Road and Trade Improvement,Nepal,NPL,SAR,TDD,A,IPF,IDA,2020-06-10,2029-01-15,0,1,0,LMC,1,1,1,501.635441,6.217873642723816,2020,5.054072553045859,0,8.59958932238193,4,0.0,0.0,0.0,1.0,0
P170425,Benin Youth Inclusion Project,Benin,BEN,AFW,SPL,A,IPF,IDA,2020-12-14,2027-06-30,0,1,0,LMC,1,1,1,101.3,4.618086411254637,2021,4.542094455852156,0,6.54072553045859,8,0.0,0.625,0.0,1.0,0
P170435,Tanzania Investing in People Project,Tanzania,TZA,AFE,HNP,A,P4R,IDA,2022-12-20,2027-12-31,0,1,0,LMC,1,1,1,285.0,5.652489180268651,2023,2.5270362765229293,0,5.02943189596167,2,0.5,0.5,1.0,0.5,1
P170466,UG Investing in Forests and PAs Project,Uganda,UGA,AFE,ENV,A,IPF,IDA,2020-04-23,2026-06-30,0,1,0,LIC,1,1,1,148.2,4.998562712861986,2020,5.1854893908282,0,6.184804928131417,6,0.3333333333333333,0.6666666666666666,0.0,1.0,1
P170469,TEGUCIGALPA: WATER SUPPLY STRENGTHENING,Honduras,HND,LCR,WAT,A,IPF,IDA,2019-06-27,2026-12-15,0,0,0,LMC,1,1,1,50.0,3.912023005428146,2019,6.009582477754963,0,7.468856947296373,1,0.0,1.0,0.0,1.0,0
P170480,Secondary Education Quality Improvement,Tanzania,TZA,AFE,EDU,A,IPF,IDA,2020-03-31,2026-07-31,0,1,0,LMC,1,1,1,535.0,6.282266746896006,2020,5.248459958932238,0,6.33264887063655,5,0.0,0.8,0.0,0.4,0
P170482,Communal Climate Action and Landscapes,Burkina Faso,BFA,AFW,ENV,A,IPF,IDA,2022-06-15,2028-06-30,1,1,0,LIC,1,1,1,113.0,4.727387818712341,2022,3.0417522245037647,0,6.0424366872005475,2,1.0,0.0,0.0,1.0,1
P170532,Rail Logistics Improvement Project,Türkiye,TUR,ECA,TDD,A,IPF,IBRD,2020-06-30,2027-12-31,0,0,0,UMC,1,1,0,350.0,5.857933154483459,2020,4.999315537303217,0,7.501711156741957,2,0.0,0.0,0.0,1.0,0
P170542,LFF,Kyrgyz Republic,KGZ,ECA,EDU,A,IPF,IDA,2020-03-31,2028-12-30,0,0,0,LMC,1,1,1,54.36,3.995628589282943,2020,5.248459958932238,0,8.750171115674195,2,0.0,1.0,0.0,1.0,0
P170561,Secondary Educ and Skills Development,Cameroon,CMR,AFW,EDU,A,IPF,IDA,2020-07-16,2026-12-31,1,0,0,LMC,1,1,1,125.0,4.8283137373023015,2021,4.955509924709103,0,6.458590006844627,4,0.0,0.5,0.0,1.0,0
P170645,CHIRAAG,India,IND,SAR,AGR,C,IPF,IBRD,2020-12-15,2025-03-26,0,0,0,LMC,1,0,0,2.209624,0.7928223653083271,2021,4.539356605065024,0,4.276522929500342,4,0.5,0.5,0.0,1.0,1
P170658,911 System,Peru,PER,LCR,DDT,A,IPF,IBRD,2020-04-07,2026-12-31,0,0,0,UMC,1,1,0,36.324,3.592478679827582,2020,5.229295003422314,0,6.7323750855578375,1,0.0,0.0,0.0,1.0,0
P170664,AGILE,Nigeria,NGA,AFW,EDU,A,IPF,IDA,2020-07-28,2028-07-31,1,0,0,LMC,1,1,1,1200.0,7.090076835776092,2021,4.922655715263518,0,8.008213552361397,3,0.0,1.0,0.0,0.6666666666666666,0
P170669,"JO: Jordan Youth, Technology, and Jobs",Jordan,JOR,MENAAP,FCI,A,IPF,IBRD,2020-03-20,2027-02-28,0,0,0,LMC,1,1,0,163.1,5.094363509626968,2020,5.278576317590692,0,6.9431895961670085,10,0.2,0.3,0.0,1.0,1
P170682,Sul Resiliente,Brazil,BRA,LCR,URS,A,IPF,IBRD,2020-03-24,2026-06-30,0,0,0,UMC,1,1,0,54.36205357,3.995666365795303,2020,5.2676249144421625,0,6.26694045174538,1,0.0,1.0,0.0,1.0,0
P170688,Private Investment & Jobs Project,Bangladesh,BGD,SAR,FCI,A,IPF,IDA,2020-06-19,2025-12-31,0,1,0,LMC,1,1,1,500.0,6.214608098422191,2020,5.02943189596167,0,5.533196440793977,2,1.0,0.0,0.0,1.0,1
P170734,SURWASH,Nigeria,NGA,AFW,WAT,A,P4R,IDA,2021-05-25,2027-06-30,1,0,0,LMC,1,1,1,700.0,6.551080335043404,2021,4.098562628336755,0,6.09719370294319,2,0.0,1.0,0.0,1.0,0
P170811,Punjab Municipal Services Improvement,India,IND,SAR,URS,A,IPF,IBRD,2021-03-31,2026-09-30,0,0,0,LMC,1,1,0,105.0,4.653960350157523,2021,4.249144421629021,0,5.500342231348392,1,0.0,1.0,0.0,1.0,0
P170868,Serbia Railway Sector Modernization,Serbia,SRB,ECA,TDD,A,IPF,IBRD,2021-03-17,2026-12-31,0,0,0,UMC,1,1,0,62.5,4.135166556742356,2021,4.287474332648871,0,5.790554414784395,1,0.0,0.0,0.0,1.0,0
P170891,Albania WSS Sector Modernization Program,Albania,ALB,ECA,WAT,A,P4R,IBRD,2022-05-12,2027-12-31,0,0,0,UMC,1,1,0,75.0,4.31748811353631,2022,3.134839151266256,0,5.637234770704997,1,0.0,1.0,0.0,1.0,0
P170922,SURP-II,"Somalia, Federal Republic of",SOM,AFE,URS,A,IPF,IDA,2019-12-09,2028-12-31,1,1,0,LIC,1,1,1,185.0,5.220355825078324,2020,5.557837097878165,0,9.062286105407255,2,0.0,1.0,0.0,1.0,0
P171040,MZ Cyclone Emergency Recovery Project,Mozambique,MOZ,AFE,URS,A,IPF,IDA,2019-09-30,2026-04-30,1,1,0,LIC,1,1,1,203.5,5.31566600488265,2020,5.749486652977413,0,6.581793292265571,5,0.0,0.8,0.0,1.0,0
P171056,Resilient livelihoods in the South,Madagascar,MDG,AFE,SOC,A,IPF,IDA,2020-12-10,2028-06-30,0,1,0,LIC,1,1,1,242.73535106,5.4919717595627064,2021,4.553045859000685,0,7.553730321697468,6,0.0,1.0,0.0,1.0,0
P171099,Digital Cabo Verde Project,Cabo Verde,CPV,AFW,DDT,A,IPF,IDA,2020-11-12,2028-10-31,0,0,1,UMC,1,1,1,40.0,3.6888794541139363,2021,4.629705681040384,0,7.967145790554415,6,0.0,0.8333333333333334,0.0,0.5,0
P171125,Social Safety Net System Project II,Mauritania,MRT,AFW,SPL,A,IPF,IDA,2020-03-10,2026-06-30,0,1,0,LMC,1,1,1,71.0,4.2626798770413155,2020,5.305954825462012,0,6.30527036276523,5,0.0,0.6,0.0,0.8,0
P171141,Kin Elenda,"Congo, Democratic Republic of",COD,AFE,URS,A,IPF,IDA,2021-03-30,2026-07-31,1,1,0,LIC,1,1,1,500.0,6.214608098422191,2021,4.251882272416153,0,5.336071184120465,2,0.0,0.0,0.0,1.0,0
P171144,Urban HNP Project,Bangladesh,BGD,SAR,HNP,A,IPF,IDA,2023-08-30,2028-12-31,0,1,0,LMC,1,1,1,200.0,5.298317366548036,2024,1.834360027378508,0,5.338809034907597,6,0.0,1.0,0.16666666666666666,1.0,0
P171158,CAR Human Capital (Maïngo) Project,Central African Republic,CAF,AFW,HNP,A,IPF,IDA,2021-06-23,2026-12-31,1,1,0,LIC,1,1,1,90.0,4.499809670330265,2021,4.0191649555099245,0,5.522245037645448,6,0.0,0.8333333333333334,0.0,1.0,0
P171189,TACTIC,Tanzania,TZA,AFE,URS,A,IPF,IDA,2022-06-13,2028-06-30,0,1,0,LMC,1,1,1,278.0,5.627621113690637,2022,3.047227926078029,0,6.047912388774812,1,0.0,1.0,0.0,1.0,0
P171266,Ag Resilience & Competitiveness Project,Bosnia and Herzegovina,BIH,ECA,AGR,A,IPF,IBRD,2022-04-07,2027-12-31,0,0,0,UMC,1,1,0,68.5,4.22683374526818,2022,3.2306639288158796,0,5.73305954825462,2,1.0,0.0,0.0,1.0,1
P171331,LASED III,Cambodia,KHM,EAP,AGR,A,IPF,IDA,2020-06-26,2026-12-31,0,1,0,LMC,1,1,1,93.0,4.532599493153256,2020,5.0102669404517455,0,6.513347022587269,3,0.0,1.0,0.0,0.6666666666666666,0
P171339,Connectivity in Refugee Hosting District,Uganda,UGA,AFE,TDD,A,IPF,IDA,2020-09-10,2025-12-31,0,1,0,LIC,1,1,1,130.8,4.873669439023098,2021,4.802190280629706,0,5.305954825462012,2,1.0,0.0,0.0,1.0,1
P171346,SNHCP,"Somalia, Federal Republic of",SOM,AFE,SPL,A,IPF,IDA,2019-08-08,2025-12-31,1,1,0,LIC,1,1,1,418.0,6.035481432524756,2020,5.894592744695414,0,6.398357289527721,1,0.0,1.0,1.0,1.0,0
P171361,KM Recovery and Resilience Project,Comoros,COM,AFE,URS,A,IPF,IDA,2019-12-18,2026-06-30,1,1,1,LMC,1,1,1,57.5,4.051784947803305,2020,5.533196440793977,0,6.532511978097194,6,0.0,0.3333333333333333,0.0,1.0,0
P171417,PRIDE,Pakistan,PAK,MENAAP,GOV,A,P4R,IBRD,2020-10-22,2026-06-30,0,0,0,LMC,1,1,0,286.0,5.655991810819852,2021,4.687200547570157,0,5.686516084873374,3,0.0,0.0,0.0,1.0,0
P171422,KWSSIP-2,Pakistan,PAK,MENAAP,WAT,A,IPF,IBRD,2024-12-12,2030-12-31,0,0,0,LMC,1,1,0,240.0,5.480638923341991,2025,0.5475701574264202,1,6.050650239561944,4,0.0,1.0,0.0,1.0,0
P171448,Long Term Export Finance Guarantee,Türkiye,TUR,ECA,FCI,C,IPF,IBRD,2020-06-12,2024-06-30,0,0,0,UMC,0,0,0,273.58,5.6115940836612985,2020,5.048596851471594,0,4.049281314168378,2,0.0,1.0,0.0,1.0,0
P171449,Maputo Urban Transformation Project,Mozambique,MOZ,AFE,URS,A,IPF,IDA,2020-12-10,2028-04-30,1,1,0,LIC,1,1,1,150.0,5.0106352940962555,2021,4.553045859000685,0,7.38672142368241,5,0.0,0.6,0.0,1.0,0
P171462,"Commercialization, De-Risk Ag Transfor",Rwanda,RWA,AFE,AGR,A,IPF,IDA,2022-04-15,2027-04-30,0,1,0,LIC,1,1,1,220.0,5.393627546352362,2022,3.2087611225188226,0,5.040383299110198,4,0.0,0.25,0.25,1.0,0
P171465,Grenada DPC with CAT-DDO,Grenada,GRD,LCR,URS,A,DPL,IDA,2020-01-21,2026-02-16,0,0,1,UMC,0,1,1,20.0,2.995732273553991,2020,5.4401095140314855,0,6.072553045859,2,0.0,1.0,0.0,1.0,0
P171528,Digital Caribbean Project,Dominica,DMA,LCR,DDT,A,IPF,IDA,2020-06-22,2028-05-22,0,0,1,UMC,1,1,1,99.567044,4.600831226302381,2020,5.021218343600274,0,7.915126625598905,28,0.8571428571428571,0.0,0.42857142857142855,1.0,1
P171607,UG: INVITE,Uganda,UGA,AFE,FCI,A,IPF,IDA,2021-12-20,2027-01-31,0,1,0,LIC,1,1,1,200.0,5.298317366548036,2022,3.5263518138261465,0,5.114305270362765,9,0.0,0.7777777777777778,0.0,1.0,0
P171611,Chad Local Development and Adaptation,Chad,TCD,AFW,ENV,C,IPF,IDA,2020-06-12,2025-10-31,1,1,0,LIC,1,0,1,50.0,3.912023005428146,2020,5.048596851471594,0,5.385352498288843,1,0.0,1.0,0.0,1.0,0
P171613,RCI Agri-Food Sector Development Project,Cote d'Ivoire,CIV,AFW,AGR,A,IPF,IDA,2021-06-03,2027-08-31,0,0,0,LMC,1,1,1,250.0,5.521460917862246,2021,4.073921971252567,0,6.242299794661191,1,0.0,1.0,0.0,1.0,0
P171648,Health and Gender Support Project,Bangladesh,BGD,SAR,HNP,C,IPF,IDA,2020-03-31,2024-12-31,0,1,0,LMC,1,0,1,150.0,5.0106352940962555,2020,5.248459958932238,0,4.7529089664613275,6,0.0,0.8333333333333334,0.0,1.0,0
P171658,Bamako Urban Resilience Project,Mali,MLI,AFW,URS,A,IPF,IDA,2022-11-30,2028-12-31,1,1,0,LIC,1,1,1,300.0,5.703782474656201,2023,2.5817932922655715,0,6.0862422997946615,2,1.0,0.0,0.0,1.0,1
P171664,Economic Linkages for Diversification,Mozambique,MOZ,AFE,FCI,A,IPF,IDA,2021-05-11,2027-09-30,1,1,0,LIC,1,1,1,100.0,4.605170185988092,2021,4.136892539356605,0,6.3874058863791925,2,1.0,0.0,0.0,1.0,1
P171700,Vinh Long Urban Resilience,Viet Nam,VNM,EAP,URS,A,IPF,IDA,2020-06-30,2025-12-31,0,0,0,LMC,1,1,1,80.6,4.389498649512583,2020,4.999315537303217,0,5.503080082135524,1,0.0,1.0,0.0,1.0,0
P171766,Formal Employment Creation Project,Türkiye,TUR,ECA,SPL,A,IPF,IBRD,2020-03-31,2026-12-31,0,0,0,UMC,1,1,0,346.93347341000003,5.84913304228683,2020,5.248459958932238,0,6.751540041067762,2,1.0,0.0,0.0,1.0,1
P171767,LAFIA-IYALI Girls Women Health Nutrition,Niger,NER,AFW,HNP,A,IPF,IDA,2021-09-23,2026-12-31,1,1,0,LIC,1,1,1,100.0,4.605170185988092,2022,3.7672826830937716,0,5.270362765229295,6,0.0,1.0,0.16666666666666666,1.0,0
P171778,WSS Services Improvement Project,Dominican Republic,DOM,LCR,WAT,A,IPF,IBRD,2021-05-27,2028-05-15,0,0,1,UMC,1,1,0,43.5,3.7727609380946383,2021,4.093086926762491,0,6.967830253251198,3,0.0,1.0,0.0,0.3333333333333333,0
P171793,ENHANCING NORTHEASTERN CONNECTIVITY,Niger,NER,AFW,TDD,A,IPF,IDA,2021-03-02,2031-09-26,1,1,0,LIC,1,1,1,265.0,5.579729825986222,2021,4.328542094455853,0,10.568104038329912,2,0.0,0.0,0.0,1.0,0
P171833,OECS Blue Economy,Grenada,GRD,LCR,ENV,A,IPF,IDA,2022-05-02,2028-07-31,0,0,1,UMC,1,1,1,88.6,4.484131857611035,2022,3.162217659137577,0,6.247775496235455,18,0.0,1.0,0.6666666666666666,1.0,0
P171886,SAFI,Afghanistan,AFG,MENAAP,FCI,A,IPF,IDA,2020-09-28,2026-06-30,1,1,0,LIC,1,1,1,100.0,4.605170185988092,2021,4.7529089664613275,0,5.752224503764545,5,0.0,0.4,0.0,0.6,0
P171924,RMI Education & Skills,Marshall Islands,MHL,EAP,EDU,A,IPF,IDA,2021-01-21,2026-01-05,1,0,1,UMC,1,1,1,10.0,2.302585092994046,2021,4.438056125941136,0,4.955509924709103,2,0.0,0.0,0.0,0.0,0
P171933,Ghana LRSSMP,Ghana,GHA,AFW,ENV,A,IPF,IDA,2021-08-30,2027-09-30,0,0,0,LMC,1,1,1,75.0,4.31748811353631,2022,3.8329911019849416,0,6.083504449007529,1,0.0,1.0,0.0,1.0,0
P171967,Regional Infrastructure Finance - Africa,Eastern and Southern Africa,,AFE,FCI,A,IPF,IDA,2020-06-30,2026-09-26,0,0,0,Unknown,1,1,1,425.0,6.052089168924417,2020,4.999315537303217,0,6.239561943874059,3,0.0,1.0,0.0,1.0,0
P171976,Digital Haiti,Haiti,HTI,LCR,DDT,A,IPF,IDA,2020-10-09,2026-10-15,1,1,1,LMC,1,1,1,56.49999999,4.034240637975404,2021,4.722792607802875,0,6.015058179329227,1,0.0,0.0,0.0,1.0,0
P171997,"Liberia Investment, Finance and Trade",Liberia,LBR,AFW,FCI,A,IPF,IDA,2022-02-09,2027-04-30,0,1,0,LIC,1,1,1,40.0,3.6888794541139363,2022,3.3867214236824092,0,5.218343600273785,8,0.0,0.875,0.0,1.0,0
P172012,LSMFP,Liberia,LBR,AFW,ENV,A,IPF,IDA,2021-09-22,2026-09-30,0,1,0,LIC,1,1,1,40.0,3.6888794541139363,2022,3.7700205338809036,0,5.021218343600274,3,0.6666666666666666,0.3333333333333333,0.0,1.0,1
P172024,HEAL Croatia Project,Croatia,HRV,ECA,FCI,C,IPF,IBRD,2021-05-14,2025-06-30,0,0,0,HIC,1,0,0,121.05,4.796203683384068,2021,4.128678986995209,0,4.128678986995209,1,0.0,1.0,0.0,1.0,0
P172031,Improving Healthcare Services in Somalia,"Somalia, Federal Republic of",SOM,AFE,HNP,A,IPF,IDA,2021-06-28,2026-06-30,1,1,0,LIC,1,1,1,75.0,4.31748811353631,2021,4.005475701574264,0,5.004791238877481,9,0.8888888888888888,0.0,0.8888888888888888,0.7777777777777778,1
P172284,Ethiopia Human Capital Operation,Ethiopia,ETH,AFE,EDU,A,P4R,IDA,2023-06-16,2028-07-07,1,1,0,Unknown,1,1,1,400.0,5.991464547107982,2023,2.0396988364134154,0,5.059548254620124,1,0.0,1.0,1.0,1.0,0
P172350,Digital Governance and Economy Project,Mozambique,MOZ,AFE,GOV,A,IPF,IDA,2021-09-23,2027-02-28,1,1,0,LIC,1,1,1,145.79999999,4.982235819505971,2022,3.7672826830937716,0,5.431895961670089,2,0.0,0.0,0.0,1.0,0
P172422,Senegal Land Project,Senegal,SEN,AFW,URS,A,IPF,IDA,2021-06-15,2026-07-24,0,1,0,LMC,1,1,1,80.0,4.382026634673881,2021,4.041067761806982,0,5.106091718001369,6,0.3333333333333333,0.0,0.0,1.0,1
P172425,CVJET,Cote d'Ivoire,CIV,AFW,FCI,A,IPF,IDA,2021-06-23,2027-04-30,0,0,0,LMC,1,1,1,193.480625,5.265177378257607,2021,4.0191649555099245,0,5.8507871321013,9,0.2222222222222222,0.7777777777777778,0.0,1.0,1
P172426,EG: Support'g Universal Health Insurance,"Egypt, Arab Republic of",EGY,MENAAP,HNP,A,IPF,IBRD,2020-06-16,2026-09-30,0,0,0,LMC,1,1,0,400.0,5.991464547107982,2020,5.037645448323066,0,6.288843258042436,3,0.0,1.0,0.0,1.0,0
P172434,Somalia Education Project,"Somalia, Federal Republic of",SOM,AFE,EDU,A,IPF,IDA,2021-06-16,2026-06-30,1,1,0,LIC,1,1,1,40.0,3.6888794541139363,2021,4.03832991101985,0,5.037645448323066,4,0.0,0.5,0.0,1.0,0
P172479,SEASN Project,Ethiopia,ETH,AFE,SPL,A,IPF,IDA,2020-11-25,2026-06-30,1,1,0,Unknown,1,1,1,1100.0,7.003065458786462,2021,4.594113620807666,0,5.593429158110883,2,0.0,1.0,0.0,1.0,0
P172504,HSPSP,Chad,TCD,AFW,HNP,A,IPF,IDA,2021-08-06,2026-12-31,1,1,0,LIC,1,1,1,240.0,5.480638923341991,2022,3.898699520876112,0,5.401779603011636,3,0.0,0.6666666666666666,0.0,0.3333333333333333,0
P172524,Digital Senegal Project,Senegal,SEN,AFW,DDT,A,IPF,IDA,2023-02-09,2028-05-31,0,1,0,LMC,1,1,1,150.0,5.0106352940962555,2023,2.3874058863791925,0,5.305954825462012,2,0.0,0.0,0.0,1.0,0
P172562,Turkey Integrated Landscape Project,Türkiye,TUR,ECA,ENV,A,IPF,IBRD,2021-06-09,2028-05-31,0,0,0,UMC,1,1,0,135.0,4.90527477843843,2021,4.057494866529774,0,6.976043805612594,3,0.0,1.0,0.0,1.0,0
P172592,BELIZE-CRESAP,Belize,BLZ,LCR,AGR,A,IPF,IBRD,2022-03-14,2027-03-31,0,0,1,UMC,1,1,0,25.0,3.2188758248682006,2022,3.29637234770705,0,5.045859000684462,2,0.0,1.0,0.0,1.0,0
P172605,Salvador Social Project II,Brazil,BRA,LCR,SPL,A,IPF,IBRD,2020-09-22,2025-12-30,0,0,0,UMC,1,1,0,125.0,4.8283137373023015,2021,4.769336071184121,0,5.270362765229295,1,0.0,1.0,0.0,0.0,0
P172615,NHSP,Pakistan,PAK,MENAAP,HNP,A,P4R,IDA,2022-06-07,2026-12-31,0,0,0,LMC,1,1,1,258.0,5.552959584921617,2022,3.0636550308008212,0,4.566735112936345,1,0.0,1.0,0.0,1.0,0
P172627,Skills Development Project II,Malawi,MWI,AFE,EDU,A,IPF,IDA,2021-06-03,2026-06-30,0,1,0,LIC,1,1,1,100.0,4.605170185988092,2021,4.073921971252567,0,5.073237508555784,8,0.0,0.375,0.0,0.625,0
P172689,BUENOS AIRES WATER SUPPLY AND SANITATION,Argentina,ARG,LCR,WAT,A,P4R,IBRD,2021-02-25,2026-05-26,0,0,0,UMC,0,1,0,300.0,5.703782474656201,2021,4.342231348391513,0,5.245722108145106,4,0.0,1.0,0.5,1.0,0
P172774,Lao PDR Priority Skills for Growth,Lao People's Democratic Republic,LAO,EAP,EDU,A,IPF,IDA,2022-03-01,2027-06-30,0,1,0,LMC,1,1,1,46.0,3.828641396489095,2022,3.3319644079397674,0,5.330595482546201,1,0.0,1.0,0.0,1.0,0
P172788,Maldives ARISE,Maldives,MDV,SAR,EAE,A,IPF,IDA,2020-12-11,2026-01-31,0,0,1,UMC,1,1,1,12.4,2.517696472610991,2021,4.550308008213553,0,5.138945927446954,2,1.0,0.0,0.0,1.0,1
P172800,CIV: Youth Employment and Skills Dvpt,Cote d'Ivoire,CIV,AFW,EDU,A,IPF,IDA,2022-01-31,2026-12-31,0,0,0,LMC,1,1,1,150.0,5.0106352940962555,2022,3.4113620807665983,0,4.914442162902122,2,1.0,0.0,1.0,1.0,1
P172809,MA: COVID-19 Cash Trans Emergency Respns,Morocco,MAR,MENAAP,SPL,A,IPF,IBRD,2020-12-03,2026-06-30,0,0,0,LMC,1,1,0,750.0,6.620073206530356,2021,4.572210814510609,0,5.5715263518138265,6,0.16666666666666666,0.8333333333333334,0.16666666666666666,0.8333333333333334,1
P172817,BEST,Bangladesh,BGD,SAR,ENV,A,IPF,IDA,2022-12-01,2028-12-31,0,1,0,LMC,1,1,1,184.7433085,5.218967339957224,2023,2.5790554414784395,0,6.083504449007529,1,0.0,1.0,0.0,1.0,0
P172834,Sindh Early Learning Enhancement,Pakistan,PAK,MENAAP,EDU,A,IPF,IDA,2021-07-29,2026-04-30,0,0,0,LMC,1,1,1,100.0,4.605170185988092,2022,3.920602327173169,0,4.7529089664613275,1,0.0,1.0,0.0,1.0,0
P172899,Access to Finance Project,Ecuador,ECU,LCR,FCI,A,IPF,IBRD,2020-07-01,2027-12-31,0,0,0,UMC,1,1,0,560.0,6.327936783729195,2021,4.996577686516085,0,7.498973305954825,4,0.0,0.75,0.0,1.0,0
P172926,Morocco Blue Economy Program,Morocco,MAR,MENAAP,ENV,A,P4R,IBRD,2022-05-23,2027-07-31,0,0,0,LMC,0,1,0,350.0,5.857933154483459,2022,3.1047227926078027,0,5.188227241615332,4,0.0,0.0,0.0,1.0,0
P172940,Benin Health System Enhancement Program,Benin,BEN,AFW,HNP,A,P4R,IDA,2022-04-27,2027-06-30,0,1,0,LMC,0,1,1,187.0,5.231108616854587,2022,3.1759069130732374,0,5.174537987679671,1,0.0,1.0,0.0,0.0,0
P172945,Pakistan PULSE,Pakistan,PAK,MENAAP,URS,A,IPF,IDA,2022-03-10,2027-06-30,0,0,0,LMC,1,1,1,150.0,5.0106352940962555,2022,3.3073237508555784,0,5.305954825462012,4,0.5,0.0,0.25,0.5,1
P172988,BTRP,Burundi,BDI,AFE,TDD,A,IPF,IDA,2022-09-30,2027-12-31,1,1,0,LIC,1,1,1,125.0,4.8283137373023015,2023,2.74880219028063,0,5.25119780971937,4,0.5,0.5,0.0,1.0,1
P173025,Resilient Cities Project,Türkiye,TUR,ECA,URS,A,IPF,IBRD,2022-09-27,2028-10-31,0,0,0,UMC,1,1,0,512.148,6.238613645768993,2023,2.757015742642026,0,6.094455852156058,6,0.0,0.6666666666666666,0.0,1.0,0
P173065,Locally-Led Climate Action (FLLoCA),Kenya,KEN,AFE,OTHER,A,P4R,IDA,2021-10-26,2026-12-31,0,0,0,LMC,1,1,1,150.0,5.0106352940962555,2022,3.676933607118412,0,5.1800136892539355,1,0.0,1.0,0.0,1.0,0
P173070,Gambia Agricultural Value Chain Project,"Gambia, The",GMB,AFW,AGR,A,IPF,IDA,2021-11-24,2028-12-31,0,1,0,LIC,1,1,1,108.0,4.68213122712422,2022,3.597535934291581,0,7.101984941820671,4,0.0,1.0,0.0,1.0,0
P173076,Water Security and Sanitation Project,Moldova,MDA,ECA,WAT,A,IPF,IDA,2022-01-31,2027-01-31,0,0,0,UMC,1,1,1,50.0,3.912023005428146,2022,3.4113620807665983,0,4.999315537303217,7,0.2857142857142857,0.7142857142857143,0.0,1.0,1
P173125,Urban Water Supply Strengthening Project,Honduras,HND,LCR,WAT,A,IPF,IDA,2020-06-22,2027-03-31,0,0,0,LMC,1,1,1,45.0,3.8066624897703196,2020,5.021218343600274,0,6.770704996577686,2,0.0,1.0,0.0,1.0,0
P173151,Eswatini Human Capital Project,Eswatini,SWZ,AFE,EDU,A,IPF,IBRD,2022-05-02,2027-06-30,0,0,0,LMC,1,1,0,27.35,3.3087165288679903,2022,3.162217659137577,0,5.160848733744011,2,0.0,1.0,0.0,1.0,0
P173168,Ghana Primary Health Care PforR,Ghana,GHA,AFW,HNP,A,P4R,IDA,2022-06-10,2026-06-30,0,0,0,LMC,1,1,1,150.0,5.0106352940962555,2022,3.055441478439425,0,4.054757015742642,3,0.0,1.0,0.3333333333333333,1.0,0
P173197,PRAPS II,Chad,TCD,AFW,AGR,A,IPF,IDA,2021-03-30,2027-12-31,1,1,0,LIC,1,1,1,517.0,6.248042874508429,2021,4.251882272416153,0,6.754277891854894,46,0.0,0.4782608695652174,0.391304347826087,1.0,0
P173233,Indonesia 3rd Financial Sector ReformDPF,Indonesia,IDN,EAP,FCI,C,DPL,IBRD,2023-03-28,2024-06-30,0,0,0,UMC,0,0,0,1000.0,6.907755278982137,2023,2.2587268993839835,0,1.2594113620807665,1,1.0,0.0,0.0,0.0,1
P173240,Digital Cameroon,Cameroon,CMR,AFW,DDT,A,IPF,IDA,2021-09-28,2027-03-31,1,0,0,LMC,1,1,1,100.0,4.605170185988092,2022,3.753593429158111,0,5.503080082135524,4,0.5,0.5,0.0,1.0,1
P173278,Affordable and Resilient Settlements,Vanuatu,VUT,EAP,URS,A,IPF,IDA,2022-03-17,2027-06-30,0,0,1,LMC,1,1,1,25.0,3.2188758248682006,2022,3.2881587953456535,0,5.286789869952088,1,0.0,1.0,0.0,1.0,0
P173283,"IP, Afro and Montubio Devt Project",Ecuador,ECU,LCR,ENV,A,IPF,IBRD,2020-09-25,2026-12-31,0,0,0,UMC,1,1,0,40.0,3.6888794541139363,2021,4.761122518822724,0,6.264202600958248,2,0.0,1.0,0.0,1.0,0
P173287,Gambia Essential Health Services,"Gambia, The",GMB,AFW,HNP,A,IPF,IDA,2020-10-09,2025-12-31,0,1,0,LIC,1,1,1,119.5,4.783316371371566,2021,4.722792607802875,0,5.2265571526351815,8,0.0,0.75,0.125,0.5,0
P173315,Somalia Crisis Recovery Project,"Somalia, Federal Republic of",SOM,AFE,URS,A,IPF,IDA,2020-05-15,2026-05-29,1,1,0,LIC,1,1,1,187.5,5.233778845410465,2020,5.125256673511293,0,6.036960985626283,1,0.0,1.0,0.0,1.0,0
P173368,H-EQIP 2,Cambodia,KHM,EAP,HNP,A,IPF,IDA,2022-03-10,2027-12-31,0,1,0,LMC,1,1,1,55.0,4.007333185232471,2022,3.3073237508555784,0,5.809719370294319,3,0.0,1.0,0.0,1.0,0
P173373,Digital Rwanda,Rwanda,RWA,AFE,DDT,A,IPF,IDA,2021-11-30,2026-12-31,0,1,0,LIC,1,1,1,79.95762322,4.3814967845781085,2022,3.5811088295687883,0,5.084188911704312,5,0.0,1.0,0.0,1.0,0
P173391,LAUTRA,Indonesia,IDN,EAP,ENV,A,IPF,IBRD,2023-03-23,2028-03-31,0,0,0,UMC,1,1,0,200.0,5.298317366548036,2023,2.272416153319644,0,5.023956194387406,2,0.0,1.0,0.0,1.0,0
P173399,ASPIRE,Pakistan,PAK,MENAAP,EDU,A,P4R,IDA,2020-07-31,2028-06-30,0,0,0,LMC,1,1,1,233.0,5.4510384535657,2021,4.914442162902122,0,7.915126625598905,1,0.0,1.0,0.0,1.0,0
P173407,LEAP,Lao People's Democratic Republic,LAO,EAP,EDU,A,IPF,IDA,2021-03-18,2029-05-31,0,1,0,LMC,1,1,1,47.4,3.858622228701031,2021,4.284736481861739,0,8.202600958247775,1,0.0,1.0,0.0,0.0,0
P173506,AGREE,"Congo, Democratic Republic of",COD,AFE,EAE,A,IPF,IDA,2022-03-31,2029-09-30,1,1,0,LIC,1,1,1,600.0,6.396929655216146,2022,3.249828884325804,0,7.501711156741957,5,0.0,0.6,0.2,1.0,0
P173518,Rural and Small Towns Water Security,Mozambique,MOZ,AFE,WAT,A,IPF,IDA,2021-12-14,2027-06-30,1,1,0,LIC,1,1,1,150.0,5.0106352940962555,2022,3.542778918548939,0,5.541409993155373,7,0.0,0.42857142857142855,0.0,1.0,0
P173521,SFS Project,Sudan,SDN,AFE,SPL,C,IPF,IDA,2020-10-08,2024-06-30,1,1,0,LIC,1,0,1,410.0,6.016157159698354,2021,4.725530458590007,0,3.7262149212867897,3,0.0,1.0,0.0,1.0,0
P173582,RY: Social Protection & COVID19 Response,"Yemen, Republic of",YEM,MENAAP,SPL,A,IPF,IDA,2020-12-17,2026-12-31,1,1,0,LIC,1,1,1,860.9,6.757978353663909,2021,4.5338809034907595,0,6.036960985626283,8,0.375,0.625,0.0,1.0,1
P173589,MEGHALAYA HSSP,India,IND,SAR,HNP,A,IPF,IBRD,2021-09-30,2027-03-31,0,0,0,LMC,1,1,0,40.0,3.6888794541139363,2022,3.7481177275838466,0,5.49760438056126,3,0.0,0.0,0.0,1.0,0
P173620,WBalkans Trade & Transport Fac. Phase 2,Montenegro,MNE,ECA,TDD,A,IPF,IBRD,2022-12-23,2028-04-30,0,0,0,UMC,1,1,0,15.0,2.70805020110221,2023,2.518822724161533,0,5.352498288843258,5,0.6,0.0,0.0,1.0,1
P173640,Social Protection and Resilience Project,Mozambique,MOZ,AFE,SPL,A,IPF,IDA,2021-12-16,2026-12-31,1,1,0,LIC,1,1,1,121.8617807,4.802887457383862,2022,3.5373032169746748,0,5.040383299110198,3,0.0,1.0,0.0,0.0,0
P173663,PAHP,Pakistan,PAK,MENAAP,URS,A,P4R,IDA,2022-03-10,2027-06-30,0,0,0,LMC,1,1,1,200.0,5.298317366548036,2022,3.3073237508555784,0,5.305954825462012,2,0.0,0.0,0.0,1.0,0
P173704,GOAL,India,IND,SAR,EDU,A,P4R,IBRD,2021-03-24,2027-09-30,0,0,0,LMC,0,1,0,750.0,6.620073206530356,2021,4.268309377138946,0,6.5188227241615335,1,0.0,1.0,0.0,1.0,0
P173716,Binh Duong Water Environment Improvement,Viet Nam,VNM,EAP,WAT,A,IPF,IBRD,2024-01-12,2029-10-31,0,0,0,LMC,1,1,0,230.763,5.441391209824204,2024,1.4647501711156743,0,5.801505817932923,2,0.0,1.0,0.0,1.0,0
P173731,Somalia RCRF III,"Somalia, Federal Republic of",SOM,AFE,GOV,A,IPF,IDA,2020-06-11,2026-12-31,1,1,0,LIC,1,1,1,195.0,5.272999558563747,2020,5.0513347022587265,0,6.55441478439425,3,0.0,0.3333333333333333,0.0,0.3333333333333333,0
P173734,CREWSP,Kyrgyz Republic,KGZ,ECA,WAT,A,IPF,IDA,2022-04-15,2028-12-31,0,0,0,LMC,1,1,1,100.0,4.605170185988092,2022,3.2087611225188226,0,6.713210130047912,4,0.0,1.0,0.0,1.0,0
P173746,Emerging Infectious Disease PPR,China,CHN,EAP,HNP,A,IPF,IBRD,2020-06-18,2027-12-31,0,0,0,UMC,1,1,0,281.0,5.638354669333745,2020,5.032169746748802,0,7.534565366187543,1,0.0,1.0,0.0,1.0,0
P173749,Benin Electricity Access Scale-up (BEAS),Benin,BEN,AFW,EAE,A,IPF,IDA,2021-06-14,2026-12-31,0,1,0,LMC,1,1,1,200.0,5.298317366548036,2021,4.043805612594114,0,5.546885694729637,6,0.0,1.0,0.0,1.0,0
P173750,Ethiopia COVID-19 Emergency Response,Ethiopia,ETH,AFE,HNP,A,IPF,IDA,2020-04-02,2025-12-31,1,1,0,Unknown,1,1,1,573.89982351,6.352454857586826,2020,5.242984257357974,0,5.746748802190281,1,1.0,0.0,1.0,1.0,1
P173765,Tajikistan Emergency COVID-19 Project,Tajikistan,TJK,ECA,HNP,C,IPF,IDA,2020-04-02,2024-05-31,0,0,0,LMC,1,0,1,57.5,4.051784947803305,2020,5.242984257357974,0,4.161533196440794,1,0.0,1.0,0.0,1.0,0
P173783,STP COVID-19 Emergency Response Project,Sao Tome and Principe,STP,AFE,HNP,C,IPF,IDA,2020-04-02,2025-06-30,1,0,1,LMC,1,0,1,7.0,1.9459101490553132,2020,5.242984257357974,0,5.242984257357974,1,1.0,0.0,1.0,1.0,1
P173788,Ghana COVID-19 Response Project,Ghana,GHA,AFW,HNP,A,IPF,IDA,2020-04-02,2025-12-16,0,0,0,LMC,1,1,1,425.54362964,6.0533674801011355,2020,5.242984257357974,0,5.705681040383299,2,0.0,1.0,0.0,1.0,0
P173806,Malawi COVID-19 Emergency Response,Malawi,MWI,AFE,HNP,A,IPF,IDA,2020-04-14,2025-12-31,0,1,0,LIC,1,1,1,86.9,4.464758032271346,2020,5.210130047912389,0,5.713894592744696,2,0.5,0.5,1.0,1.0,1
P173813,CIV Covid-19 SPRP,Cote d'Ivoire,CIV,AFW,HNP,C,IPF,IDA,2020-05-02,2024-12-31,0,0,0,LMC,1,0,1,192.81237655,5.2617175738401825,2020,5.160848733744011,0,4.6652977412731005,1,0.0,1.0,0.0,1.0,0
P173820,KENYA COVID-19 EMERGENCY RESPONSE PROJEC,Kenya,KEN,AFE,HNP,A,IPF,IDA,2020-04-02,2025-12-30,0,0,0,LMC,1,1,1,185.14520709,5.221140420392097,2020,5.242984257357974,0,5.7440109514031485,4,0.5,0.0,0.5,1.0,1
P173825,DRC  - COVID-19 Project,"Congo, Democratic Republic of",COD,AFE,HNP,C,IPF,IDA,2020-04-02,2024-06-30,1,1,0,LIC,1,0,1,247.2,5.510197725583535,2020,5.242984257357974,0,4.243668720054757,2,0.5,0.0,0.5,1.0,1
P173830,Sahel Recovery and Stabilization Project,Niger,NER,AFW,SOC,A,IPF,IDA,2021-06-15,2026-12-31,1,1,0,LIC,1,1,1,352.5,5.8650506222523235,2021,4.041067761806982,0,5.544147843942505,6,0.0,1.0,1.0,1.0,0
P173838,Senegal COVID-19 Project,Senegal,SEN,AFW,HNP,A,IPF,IDA,2020-04-02,2025-12-31,0,1,0,LMC,1,1,1,154.0,5.0369526024136295,2020,5.242984257357974,0,5.746748802190281,1,0.0,1.0,0.0,1.0,0
P173845,Burundi COVID19 Project,Burundi,BDI,AFE,HNP,A,IPF,IDA,2020-04-10,2025-12-31,1,1,0,LIC,1,1,1,64.99910272,4.174373465492664,2020,5.221081451060917,0,5.724845995893224,1,1.0,0.0,1.0,1.0,1
P173846,Niger COVID-19 Emergency Response,Niger,NER,AFW,HNP,C,IPF,IDA,2020-04-13,2024-12-31,1,1,0,LIC,1,0,1,68.65,4.229021132213981,2020,5.212867898699521,0,4.717316906228611,4,0.25,0.0,0.25,1.0,1
P173855,wanda COVID-19 Emergency Response,Rwanda,RWA,AFE,HNP,C,IPF,IDA,2020-04-07,2025-06-30,0,1,0,LIC,1,0,1,76.24999836,4.334017393979324,2020,5.229295003422314,0,5.229295003422314,6,0.16666666666666666,0.6666666666666666,0.16666666666666666,0.8333333333333334,1
P173857,CV: COVID-19 Emergency Response Project,Cabo Verde,CPV,AFW,HNP,A,IPF,IDA,2020-04-02,2025-12-31,0,0,1,UMC,1,1,1,14.97456774,2.706353278142494,2020,5.242984257357974,0,5.746748802190281,1,0.0,1.0,0.0,1.0,0
P173858,Burkina Faso COVID-19 Project,Burkina Faso,BFA,AFW,HNP,C,IPF,IDA,2020-04-28,2024-09-30,1,1,0,LIC,1,0,1,69.45,4.240607069200353,2020,5.171800136892539,0,4.424366872005476,5,0.0,1.0,0.0,1.0,0
P173867,Sri Lanka COVID-19 ERHSP,Sri Lanka,LKA,SAR,HNP,C,IPF,IBRD,2020-04-02,2023-12-31,0,0,0,LMC,1,0,0,396.363646,5.982332087856636,2020,5.242984257357974,0,3.7453798767967146,1,0.0,1.0,0.0,0.0,0
P173883,Eswatini COVID-19 ERP,Eswatini,SWZ,AFE,HNP,C,IPF,IBRD,2020-04-20,2024-09-30,0,0,0,LMC,1,0,0,11.0,2.3978952727983707,2020,5.193702943189596,0,4.446269678302532,3,0.3333333333333333,0.0,0.3333333333333333,1.0,1
P173939,Lesotho COVID19 FTCF Project,Lesotho,LSO,AFE,HNP,C,IPF,IDA,2020-05-09,2024-12-31,0,1,0,LMC,1,0,1,26.4157892,3.2739619071338177,2020,5.1416837782340865,0,4.646132785763176,2,1.0,0.0,0.5,1.0,1
P173958,Mizoram HSSP,India,IND,SAR,HNP,A,IPF,IBRD,2021-03-31,2026-03-31,0,0,0,LMC,1,1,0,32.0,3.4657359027997265,2021,4.249144421629021,0,4.999315537303217,1,0.0,1.0,0.0,1.0,0
P173974,JO: Emergency CT COVID 19 Response Prj,Jordan,JOR,MENAAP,SPL,A,IPF,IBRD,2020-06-25,2026-12-31,0,0,0,LMC,1,1,0,990.0,6.897704943128636,2020,5.0130047912388775,0,6.5160848733744015,7,0.5714285714285714,0.42857142857142855,0.0,0.8571428571428571,1
P173975,Georgia Relief and Recovery for MSMEs,Georgia,GEO,ECA,FCI,A,IPF,IBRD,2021-05-11,2027-06-30,0,0,0,UMC,1,1,0,102.9,4.633757642840004,2021,4.136892539356605,0,6.135523613963039,2,0.0,1.0,0.0,0.5,0
P174002,Sustainable Rural Economy Program,Mozambique,MOZ,AFE,AGR,A,IPF,IDA,2021-06-09,2026-06-30,1,1,0,LIC,1,1,1,200.0,5.298317366548036,2021,4.057494866529774,0,5.0568104038329915,2,0.0,1.0,0.0,1.0,0
P174005,MA: Financial and Digital Inclusion DPF3,Morocco,MAR,MENAAP,FCI,C,DPL,IBRD,2023-03-31,2024-12-31,0,0,0,LMC,0,0,0,450.0,6.1092475827643655,2023,2.2505133470225873,0,1.754962354551677,6,0.16666666666666666,0.6666666666666666,0.3333333333333333,0.8333333333333334,1
P174028,Emergency Support for MSMEs,Kyrgyz Republic,KGZ,ECA,FCI,A,IPF,IDA,2020-07-30,2027-06-30,0,0,0,LMC,1,1,1,100.0,4.605170185988092,2021,4.917180013689254,0,6.915811088295688,8,0.0,1.0,0.0,1.0,0
P174034,Accelerating Electricity Access Project,Niger,NER,AFW,EAE,A,IPF,IDA,2021-12-10,2027-05-31,1,1,0,LIC,1,1,1,310.0,5.736572297479192,2022,3.5537303216974676,0,5.470225872689938,2,0.0,1.0,0.0,1.0,0
P174041,Uganda COVID-19 Response Project,Uganda,UGA,AFE,HNP,C,IPF,IDA,2020-07-15,2025-06-30,0,1,0,LIC,1,0,1,176.8,5.175019150203543,2021,4.958247775496235,0,4.958247775496235,3,0.0,0.3333333333333333,0.3333333333333333,1.0,0
P174065,SNLRP,"Somalia, Federal Republic of",SOM,AFE,SPL,C,IPF,IDA,2020-06-29,2024-03-31,1,1,0,LIC,1,0,1,115.0,4.74493212836325,2020,5.002053388090349,0,3.753593429158111,1,0.0,1.0,1.0,1.0,0
P174066,Beneficiary FIRST,Philippines,PHL,EAP,SPL,A,IPF,IBRD,2020-09-28,2026-06-30,0,0,0,LMC,1,1,0,600.0,6.396929655216146,2021,4.7529089664613275,0,5.752224503764545,3,0.3333333333333333,0.6666666666666666,0.6666666666666666,1.0,1
P174078,GZ: SPJ Emergency Response COVID,West Bank and Gaza,PSE,MENAAP,SPL,A,IPF,SPF,2020-07-27,2025-12-31,1,0,0,LMC,1,1,0,49.38715608,3.899690392007871,2021,4.9253935660506505,0,5.429158110882957,1,0.0,1.0,0.0,1.0,0
P174085,RAISE,Bangladesh,BGD,SAR,SPL,A,IPF,IDA,2021-03-15,2026-06-30,0,1,0,LMC,1,1,1,200.0,5.298317366548036,2021,4.292950034223135,0,5.292265571526352,6,0.0,0.3333333333333333,0.0,1.0,0
P174111,HT ASPIRE,Haiti,HTI,LCR,SPL,A,IPF,IDA,2021-03-09,2029-02-28,1,1,1,LMC,1,1,1,100.0,4.605170185988092,2021,4.309377138945927,0,7.975359342915811,3,0.0,1.0,0.6666666666666666,1.0,0
P174112,Emergency Firm Support Project,Türkiye,TUR,ECA,FCI,C,IPF,IBRD,2020-08-28,2025-06-30,0,0,0,UMC,1,0,0,500.0,6.214608098422191,2021,4.837782340862423,0,4.837782340862423,5,0.0,1.0,0.0,1.0,0
P174114,NG-CARES,Nigeria,NGA,AFW,SPL,A,P4R,IDA,2020-12-14,2028-06-30,1,0,0,LMC,1,1,1,1250.0,7.1308988302963465,2021,4.542094455852156,0,7.542778918548939,13,0.15384615384615385,0.6923076923076923,0.0,0.9230769230769231,1
P174116,MERESP,Mongolia,MNG,EAP,SPL,A,IPF,IDA,2020-06-19,2026-12-31,0,0,0,UMC,1,1,1,20.0,2.995732273553991,2020,5.02943189596167,0,6.532511978097194,4,0.0,1.0,0.0,1.0,0
P174135,UZBEKISTAN RESILAND CA+,Uzbekistan,UZB,ECA,ENV,A,IPF,IDA,2022-06-07,2028-09-15,0,0,0,LMC,1,1,1,142.0,4.955827057601261,2022,3.0636550308008212,0,6.275154004106776,3,0.0,1.0,0.0,1.0,0
P174137,FISHCORE,Philippines,PHL,EAP,ENV,A,IPF,IBRD,2023-05-30,2029-12-31,0,0,0,LMC,1,1,0,176.02,5.170597624945666,2023,2.086242299794661,0,6.590006844626968,2,1.0,0.0,0.0,1.0,1
P174169,MSME A2F Emergency and Recovery Project,Lao People's Democratic Republic,LAO,EAP,FCI,A,IPF,IDA,2020-10-22,2025-11-28,0,1,0,LMC,1,1,1,40.0,3.6888794541139363,2021,4.687200547570157,0,5.100616016427105,3,0.0,1.0,0.0,1.0,0
P174170,RY: Yemen Desert Locust Response Proj,"Yemen, Republic of",YEM,MENAAP,AGR,C,IPF,IDA,2020-06-17,2024-12-27,1,1,0,LIC,1,0,1,25.0,3.2188758248682006,2020,5.034907597535934,0,4.528405201916495,4,0.0,1.0,0.0,1.0,0
P174178,SP & Youth Productive Inclusion Project,"Congo, Republic of",COG,AFW,SPL,A,IPF,IDA,2020-06-24,2027-06-30,1,0,0,LMC,1,1,1,133.0,4.890349128221754,2020,5.01574264202601,0,7.014373716632443,3,0.6666666666666666,0.0,0.3333333333333333,1.0,1
P174185,Zambia COVID Emergency Response Project,Zambia,ZMB,AFE,HNP,C,IPF,IDA,2020-10-20,2024-12-31,0,1,0,LMC,1,0,1,34.0,3.5263605246161616,2021,4.692676249144422,0,4.1971252566735116,1,0.0,1.0,1.0,1.0,0
P174266,Togo UHC Project,Togo,TGO,AFW,HNP,A,IPF,IDA,2021-03-11,2026-04-30,0,1,0,LIC,1,1,1,70.0,4.248495242049359,2021,4.303901437371663,0,5.136208076659822,5,0.0,1.0,0.2,1.0,0
P174275,STP Recovery and Resilience 3rd DPO,Sao Tome and Principe,STP,AFE,MTI,C,DPL,IDA,2023-08-29,2024-12-31,1,0,1,LMC,0,0,1,15.0,2.70805020110221,2024,1.83709787816564,0,1.3415468856947297,1,0.0,1.0,0.0,0.0,0
P174300,Djibouti Corridor,Djibouti,DJI,MENAAP,TDD,A,IPF,IDA,2021-12-16,2031-12-31,0,1,0,LMC,1,1,1,160.0,5.075173815233827,2022,3.5373032169746748,0,10.039698836413416,4,0.5,0.5,0.0,1.0,1
P174329,MERP Project,Malawi,MWI,AFE,EDU,A,IPF,IDA,2021-08-27,2026-07-31,0,1,0,LIC,1,1,1,93.5,4.537961436294641,2022,3.8412046543463383,0,4.9253935660506505,2,0.0,0.0,0.0,0.0,0
P174336,Guinea-Bissau Emergency Food Security,Guinea-Bissau,GNB,AFW,AGR,C,IPF,IDA,2020-09-30,2024-06-30,1,1,1,LIC,1,0,1,15.0,2.70805020110221,2021,4.747433264887063,0,3.7481177275838466,2,0.0,1.0,0.0,1.0,0
P174352,Sudan COVID-19 Response Project,Sudan,SDN,AFE,HNP,C,IPF,RETF,2020-09-30,2023-12-31,1,1,0,LIC,1,0,0,29.90035605,3.3978703883524966,2021,4.747433264887063,0,3.249828884325804,1,1.0,0.0,1.0,1.0,1
P174379,Regional Connectivity & Development Proj,Azerbaijan,AZE,ECA,TDD,A,IPF,IBRD,2021-05-20,2026-03-31,0,0,0,UMC,1,1,0,65.0,4.174387269895637,2021,4.112251882272417,0,4.862422997946612,2,0.0,0.0,0.0,1.0,0
P174399,HCRRP,Bhutan,BTN,SAR,SPL,A,P4R,IDA,2022-02-03,2029-06-30,0,0,0,LMC,1,1,1,66.215855,4.192919935777629,2022,3.403148528405202,0,7.403148528405202,1,0.0,0.0,0.0,1.0,0
P174402,PK: Digital Economy Project,Pakistan,PAK,MENAAP,DDT,A,IPF,IDA,2024-03-22,2028-07-31,0,0,0,LMC,1,1,1,78.0,4.356708826689592,2024,1.273100616016427,0,4.358658453114305,2,0.0,1.0,0.5,1.0,0
P174414,Niger water security platform project,Niger,NER,AFW,WAT,A,IPF,IDA,2021-09-30,2028-12-29,1,1,0,LIC,1,1,1,400.0,5.991464547107982,2022,3.7481177275838466,0,7.2470910335386725,3,0.0,1.0,0.0,1.0,0
P174417,REALISE Project,Liberia,LBR,AFW,SPL,A,IPF,IDA,2021-03-12,2026-12-31,0,1,0,LIC,1,1,1,30.0,3.4011973816621555,2021,4.301163586584531,0,5.804243668720055,5,0.4,0.6,0.0,1.0,1
P174434,Tonga Safe and Resilient Schools Project,Tonga,TON,EAP,URS,A,IPF,IDA,2021-12-10,2029-09-30,0,0,1,UMC,1,1,1,40.0,3.6888794541139363,2022,3.5537303216974676,0,7.8056125941136205,1,1.0,0.0,0.0,1.0,1
P174461,Digital Djibouti,Djibouti,DJI,MENAAP,DDT,A,IPF,IDA,2021-12-02,2027-06-30,0,1,0,LMC,1,1,1,10.0,2.302585092994046,2022,3.575633127994524,0,5.574264202600959,4,0.0,1.0,0.0,1.0,0
P174477,Madagascar National Water Project,Madagascar,MDG,AFE,WAT,A,IPF,IDA,2022-05-25,2027-09-30,0,1,0,LIC,1,1,1,220.0,5.393627546352362,2022,3.0992470910335386,0,5.349760438056126,2,0.0,1.0,0.0,1.0,0
P174484,PK Crisis-Resilient Social Protection,Pakistan,PAK,MENAAP,SPL,A,P4R,IDA,2021-03-25,2027-06-30,0,0,0,LMC,1,1,1,1000.0,6.907755278982137,2021,4.265571526351814,0,6.264202600958248,2,0.0,1.0,0.0,1.0,0
P174495,Chad Energy Access Scale Up Project,Chad,TCD,AFW,EAE,A,IPF,IDA,2022-03-24,2027-06-30,1,1,0,LIC,1,1,1,295.0,5.68697535633982,2022,3.268993839835729,0,5.2676249144421625,2,0.0,0.0,0.0,1.0,0
P174546,ELRP Phase 3,South Sudan,SSD,AFE,AGR,C,IPF,IDA,2021-06-08,2025-06-30,1,1,0,LIC,1,0,1,53.7,3.983413001514819,2021,4.060232717316906,0,4.060232717316906,4,0.0,1.0,0.0,1.0,0
P174576,SESAP,Guinea-Bissau,GNB,AFW,EAE,A,IPF,IDA,2024-05-28,2030-06-30,1,1,1,LIC,1,1,1,35.0,3.5553480614894135,2024,1.0896646132785763,0,6.0889801505817935,2,0.0,1.0,0.0,1.0,0
P174595,Albania Bridge Rehabilitation,Albania,ALB,ECA,TDD,A,IPF,IBRD,2023-03-16,2029-07-31,0,0,0,UMC,1,1,0,55.0,4.007333185232471,2023,2.291581108829569,0,6.376454483230664,4,0.5,0.0,0.0,1.0,1
P174604,BiH Firm Recovery and Support Project,Bosnia and Herzegovina,BIH,ECA,FCI,C,IPF,IBRD,2020-12-11,2024-12-31,0,0,0,UMC,1,0,0,47.12794286,3.852866091775942,2021,4.550308008213553,0,4.054757015742642,3,0.0,1.0,0.0,1.0,0
P174620,CAR- Public Sector Digital Governance,Central African Republic,CAF,AFW,DDT,A,IPF,IDA,2022-05-05,2026-12-31,1,1,0,LIC,1,1,1,41.4,3.7232808808312687,2022,3.154004106776181,0,4.657084188911704,2,0.0,0.0,0.0,1.0,0
P174637,Child Nutrition and Social Protection,Papua New Guinea,PNG,EAP,SPL,A,IPF,IDA,2022-06-14,2027-12-31,1,0,1,LMC,1,1,1,80.0,4.382026634673881,2022,3.0444900752908968,0,5.546885694729637,1,0.0,1.0,0.0,1.0,0
P174639,MZ MPA N1,Mozambique,MOZ,AFE,TDD,A,IPF,IDA,2022-08-23,2028-11-30,1,1,0,LIC,1,1,1,400.0,5.991464547107982,2023,2.8528405201916494,0,6.272416153319644,2,0.0,0.0,0.0,1.0,0
P174684,Madagascar Economic Transformation,Madagascar,MDG,AFE,FCI,A,IPF,IDA,2021-06-18,2028-01-31,0,1,0,LIC,1,1,1,200.87775125,5.302696520292446,2021,4.032854209445585,0,6.620123203285421,6,0.3333333333333333,0.3333333333333333,0.0,1.0,1
P174732,Shimla WASSIP,India,IND,SAR,WAT,A,P4R,IBRD,2021-11-05,2026-12-31,0,0,0,LMC,0,1,0,160.0,5.075173815233827,2022,3.649555099247091,0,5.152635181382615,2,0.0,1.0,0.0,1.0,0
P174757,Senegal Jobs & Economic Recovery,Senegal,SEN,AFW,FCI,A,P4R,IDA,2021-05-21,2027-12-31,0,1,0,LMC,0,1,1,190.0,5.247024072160486,2021,4.1095140314852845,0,6.611909650924025,6,0.0,1.0,0.0,0.8333333333333334,0
P174798,FSPP,India,IND,SAR,ENV,A,IPF,IBRD,2022-06-17,2027-06-30,0,0,0,LMC,1,1,0,150.0,5.0106352940962555,2022,3.0362765229295,0,5.034907597535934,5,0.8,0.2,0.0,0.8,1
P174867,HoA - Groundwater for Resilience,"Somalia, Federal Republic of",SOM,AFE,WAT,A,IPF,IDA,2022-06-01,2028-12-31,1,1,0,LIC,1,1,1,385.0,5.953243334287785,2022,3.080082135523614,0,6.584531143052704,6,0.0,1.0,1.0,1.0,0
P174903,Preparedness & HSS,Madagascar,MDG,AFE,HNP,A,IPF,IDA,2022-03-29,2026-06-30,0,1,0,LIC,1,1,1,93.504364,4.538008109002245,2022,3.2553045859000687,0,4.254620123203286,4,0.25,0.75,0.0,1.0,1
P174915,Türkiye Water Circularity and Efficiency,Türkiye,TUR,ECA,WAT,A,IPF,IBRD,2023-05-23,2030-12-31,0,0,0,UMC,1,1,0,434.5965,6.07441801440748,2023,2.105407255304586,0,7.60848733744011,4,0.0,1.0,0.0,1.0,0
P175011,Agriculture climate-smart project,Türkiye,TUR,ECA,AGR,A,IPF,IBRD,2022-03-30,2028-03-31,0,0,0,UMC,1,1,0,341.27,5.832673952840392,2022,3.252566735112936,0,6.0041067761806985,2,0.0,1.0,0.0,1.0,0
P175017,Kenya SAFER Project,Kenya,KEN,AFE,FCI,A,IPF,IDA,2021-12-08,2026-12-31,0,0,0,LMC,1,1,1,100.0,4.605170185988092,2022,3.5592060232717317,0,5.062286105407256,7,0.0,0.5714285714285714,0.0,1.0,0
P175036,RY: Restoring Educt'n & Learn'g Emer Prj,"Yemen, Republic of",YEM,MENAAP,EDU,C,IPF,IDA,2020-12-17,2025-06-30,1,1,0,LIC,1,0,1,100.0,4.605170185988092,2021,4.5338809034907595,0,4.5338809034907595,4,0.5,0.5,0.0,1.0,1
P175043,Northern Gulf of Guinea Regional Project,Cote d'Ivoire,CIV,AFW,SOC,A,IPF,IDA,2022-03-31,2027-12-31,0,0,0,LMC,1,1,1,506.0,6.226536669287466,2022,3.249828884325804,0,5.752224503764545,8,1.0,0.0,0.5,1.0,1
P175110,Phase 2 of Improving Nutrition Outcomes,Madagascar,MDG,AFE,HNP,A,IPF,IDA,2022-06-27,2026-12-31,0,1,0,LIC,1,1,1,85.0,4.442651256490317,2022,3.0088980150581794,0,4.511978097193703,2,0.0,1.0,0.0,0.5,0
P175137,RISE Project,"Egypt, Arab Republic of",EGY,MENAAP,TDD,A,IPF,IBRD,2021-03-05,2027-09-30,0,0,0,LMC,1,1,0,440.0,6.0867747269123065,2021,4.3203285420944555,0,6.570841889117043,2,0.0,0.0,0.0,0.0,0
P175143,Innovation Program for Smart Growth,Argentina,ARG,LCR,FCI,A,IPF,IBRD,2022-07-21,2028-08-30,0,0,0,UMC,1,1,0,170.0,5.135798437050262,2023,2.943189596167009,0,6.11088295687885,5,0.0,0.2,0.0,1.0,0
P175167,Ethiopia PforR  SPHCS,Ethiopia,ETH,AFE,HNP,A,P4R,IDA,2022-12-13,2026-06-30,1,1,0,Unknown,1,1,1,370.0000305,5.913503088070699,2023,2.546201232032854,0,3.5455167693360714,2,0.0,1.0,0.5,0.5,0
P175191,BiH Health Sectors DPL,Bosnia and Herzegovina,BIH,ECA,MTI,C,DPL,IBRD,2023-03-20,2024-03-31,0,0,0,UMC,0,0,0,100.0,4.605170185988092,2023,2.2806297056810405,0,1.0321697467488022,1,0.0,1.0,0.0,1.0,0
P175218,ID for Inclusion and Transformation,Indonesia,IDN,EAP,SPL,A,IPF,IBRD,2023-05-12,2027-12-31,0,0,0,UMC,1,1,0,250.0,5.521460917862246,2023,2.135523613963039,0,4.63791923340178,2,0.0,1.0,0.0,1.0,0
P175261,Punjab BFAIR,India,IND,SAR,GOV,A,P4R,IBRD,2022-09-19,2027-06-30,0,0,0,LMC,0,1,0,150.0,5.0106352940962555,2023,2.7789185489390826,0,4.777549623545517,3,0.0,0.6666666666666666,0.3333333333333333,1.0,0
P175263,Rural Economic Transformation Project,Liberia,LBR,AFW,AGR,A,IPF,IDA,2021-06-04,2029-06-30,0,1,0,LIC,1,1,1,161.0,5.081404364984463,2021,4.071184120465435,0,8.071184120465434,3,0.0,1.0,0.0,1.0,0
P175273,AFIRR Project,Rwanda,RWA,AFE,FCI,A,IPF,IDA,2021-06-14,2028-08-31,0,1,0,LIC,1,1,1,170.0,5.135798437050262,2021,4.043805612594114,0,7.214236824093087,3,0.0,1.0,0.0,1.0,0
P175295,ProEnergia+,Mozambique,MOZ,AFE,EAE,A,IPF,IDA,2021-12-14,2027-11-30,1,1,0,LIC,1,1,1,300.0,5.703782474656201,2022,3.542778918548939,0,5.960301163586585,2,0.0,0.5,0.0,1.0,0
P175298,HCP for Northern MZ,Mozambique,MOZ,AFE,HNP,A,IPF,IDA,2021-12-21,2026-12-31,1,1,0,LIC,1,1,1,95.8384324,4.562663777805993,2022,3.5236139630390144,0,5.026694045174538,2,0.0,1.0,0.5,1.0,0
P175320,Asuncion Riverfront Urban Resilience,Paraguay,PRY,LCR,URS,A,IPF,IBRD,2022-11-15,2028-12-29,0,0,0,UMC,1,1,0,105.0,4.653960350157523,2023,2.622861054072553,0,6.121834360027378,2,0.0,0.0,0.0,1.0,0
P175322,Maputo Metropolitan Area Urban Mobility,Mozambique,MOZ,AFE,TDD,A,IPF,IDA,2022-08-23,2027-12-31,1,1,0,LIC,1,1,1,250.0,5.521460917862246,2023,2.8528405201916494,0,5.3552361396303905,2,0.0,1.0,0.0,1.0,0
P175325,Casamance Economic Development Project,Senegal,SEN,AFW,SOC,A,IPF,IDA,2022-02-25,2027-06-30,0,1,0,LMC,1,1,1,45.0,3.8066624897703196,2022,3.3429158110882957,0,5.341546885694729,3,0.6666666666666666,0.0,0.0,1.0,1
P175327,Cash for Jobs Project,Burundi,BDI,AFE,SPL,A,IPF,IDA,2021-12-14,2029-12-31,1,1,0,LIC,1,1,1,279.0,5.631211781821365,2022,3.542778918548939,0,8.046543463381246,7,0.2857142857142857,0.7142857142857143,0.0,1.0,1
P175356,SWIM Tajikistan,Tajikistan,TJK,ECA,WAT,A,IPF,IDA,2022-06-23,2027-06-25,0,0,0,LMC,1,1,1,30.0,3.4011973816621555,2022,3.0198494182067077,0,5.004791238877481,2,1.0,0.0,0.0,1.0,1
P175363,Safety Nets and Economic Inclusion,Cameroon,CMR,AFW,SPL,A,IPF,IDA,2022-03-09,2028-03-30,1,0,0,LMC,1,1,1,198.6,5.291292751611072,2022,3.3100616016427105,0,6.05886379192334,1,0.0,1.0,0.0,1.0,0
P175455,Georgia Human Capital Program,Georgia,GEO,ECA,EDU,A,P4R,IBRD,2022-03-22,2028-12-31,0,0,0,UMC,0,1,0,400.0,5.991464547107982,2022,3.274469541409993,0,6.778918548939083,1,0.0,1.0,1.0,0.0,0
P175483,DJ: Djbouti Skills Dev'mt for Employment,Djibouti,DJI,MENAAP,EDU,A,IPF,IDA,2022-03-23,2027-12-31,0,1,0,LMC,1,1,1,15.0,2.70805020110221,2022,3.271731690622861,0,5.774127310061601,12,0.16666666666666666,0.3333333333333333,0.0,0.8333333333333334,1
P175493,Multisectoral Nutrition Project,Philippines,PHL,EAP,HNP,A,IPF,IBRD,2022-06-22,2027-06-30,0,0,0,LMC,1,1,0,178.1,5.182345190295616,2022,3.02258726899384,0,5.021218343600274,3,1.0,0.0,1.0,0.6666666666666666,1
P175594,Productive Social Safety Nets System,Cote d'Ivoire,CIV,AFW,SPL,A,P4R,IDA,2022-05-19,2026-12-31,0,0,0,LMC,1,1,1,200.0,5.298317366548036,2022,3.1156741957563314,0,4.618754277891855,1,0.0,1.0,0.0,0.0,0
P175629,GRAIL,Georgia,GEO,ECA,WAT,A,IPF,IBRD,2023-03-24,2029-09-30,0,0,0,UMC,1,1,0,75.0,4.31748811353631,2023,2.269678302532512,0,6.521560574948666,7,0.2857142857142857,0.7142857142857143,0.0,1.0,1
P175672,Innovation for Resilient Food Systems,Bolivia,BOL,LCR,AGR,A,IPF,IBRD,2022-08-05,2027-11-30,0,0,0,LMC,1,1,0,300.0,5.703782474656201,2023,2.9021218343600275,0,5.319644079397673,2,0.0,0.0,0.0,1.0,0
P175676,India PHSPP,India,IND,SAR,HNP,A,P4R,IBRD,2022-06-28,2027-12-31,0,0,0,LMC,0,1,0,500.0,6.214608098422191,2022,3.0061601642710474,0,5.508555783709788,3,0.0,0.0,0.0,0.3333333333333333,0
P175720,Resilience Improvement Project,Grenada,GRD,LCR,URS,A,IPF,IDA,2022-05-17,2027-05-31,0,0,1,UMC,1,1,1,15.0,2.70805020110221,2022,3.1211498973305956,0,5.037645448323066,1,0.0,0.0,0.0,1.0,0
P175723,Mato Grosso Produtivo,Brazil,BRA,LCR,AGR,A,IPF,IBRD,2024-02-05,2030-05-15,0,0,0,UMC,1,1,0,80.0,4.382026634673881,2024,1.3990417522245038,0,6.272416153319644,2,0.0,1.0,0.0,1.0,0
P175728,G-ACRP,India,IND,SAR,URS,A,IPF,IBRD,2022-11-22,2028-12-31,0,0,0,LMC,1,1,0,280.0,5.634789603169249,2023,2.6036960985626285,0,6.108145106091718,1,0.0,1.0,0.0,1.0,0
P175768,Vocational Education & Entrepreneurship,Benin,BEN,AFW,EDU,A,IPF,IDA,2021-12-14,2027-03-31,0,1,0,LMC,1,1,1,300.0,5.703782474656201,2022,3.542778918548939,0,5.292265571526352,2,1.0,0.0,0.0,1.0,1
P175783,Competitiveness and Financial Inclusion,Lesotho,LSO,AFE,FCI,A,IPF,IDA,2022-06-24,2028-07-31,0,1,0,LMC,1,1,1,45.0,3.8066624897703196,2022,3.0171115674195756,0,6.102669404517454,4,0.0,1.0,0.0,1.0,0
P175791,RY: YIUSEP II,"Yemen, Republic of",YEM,MENAAP,URS,A,IPF,IDA,2021-06-07,2026-06-30,1,1,0,LIC,1,1,1,189.5,5.244389024522481,2021,4.0629705681040384,0,5.062286105407256,2,0.0,1.0,0.0,1.0,0
P175803,CHAD  Improving Learning Outcomes Proj,Chad,TCD,AFW,EDU,A,IPF,IDA,2022-04-15,2027-10-29,1,1,0,LIC,1,1,1,144.11858069,4.970636437718715,2022,3.2087611225188226,0,5.538672142368241,4,0.25,0.25,0.0,1.0,1
P175820,RELI Project,Bangladesh,BGD,SAR,AGR,A,IPF,IDA,2021-05-20,2026-05-28,0,1,0,LMC,1,1,1,300.0,5.703782474656201,2021,4.112251882272417,0,5.021218343600274,2,1.0,0.0,0.0,1.0,1
P175828,CVHCP,Cabo Verde,CPV,AFW,EDU,A,IPF,IDA,2022-04-11,2028-03-31,0,0,1,UMC,1,1,1,28.0,3.332204510175204,2022,3.2197125256673513,0,5.971252566735113,6,0.0,0.5,0.0,1.0,0
P175830,Stormwater Management and CCA 2,Senegal,SEN,AFW,URS,A,IPF,IDA,2021-05-28,2029-07-31,0,1,0,LMC,1,1,1,290.0,5.66988092298052,2021,4.090349075975359,0,8.175222450376454,1,0.0,0.0,0.0,1.0,0
P175834,STAR-EST,"Congo, Democratic Republic of",COD,AFE,SOC,A,IPF,IDA,2022-12-20,2027-12-31,1,1,0,LIC,1,1,1,250.0,5.521460917862246,2023,2.5270362765229293,0,5.02943189596167,3,0.0,1.0,0.0,1.0,0
P175840,COVID-19 vaccin,Comoros,COM,AFE,HNP,A,IPF,IDA,2021-06-29,2025-12-31,1,1,1,LMC,1,1,1,34.912323549999996,3.5528398771947924,2021,4.002737850787132,0,4.506502395619439,1,1.0,0.0,1.0,0.0,1
P175846,PROLOG,Cameroon,CMR,AFW,SOC,A,IPF,IDA,2022-09-28,2027-09-30,1,0,0,LMC,1,1,1,300.0,5.703782474656201,2023,2.754277891854894,0,5.004791238877481,2,1.0,0.0,0.0,1.0,1
P175884,COVID-19 Response Project,Mozambique,MOZ,AFE,HNP,C,IPF,IDA,2021-06-03,2024-06-30,1,1,0,LIC,1,0,1,156.61345911,5.053780725649016,2021,4.073921971252567,0,3.07460643394935,5,0.2,0.8,0.4,0.8,1
P175895,Emergency COVID-19 Vaccine,Ukraine,UKR,ECA,HNP,C,IPF,IBRD,2021-05-10,2025-03-31,1,0,0,UMC,1,0,0,331.39174,5.803301180119378,2021,4.139630390143737,0,3.890485968514716,5,0.0,0.4,0.0,1.0,0
P175915,SENRM,Senegal,SEN,AFW,ENV,A,IPF,IDA,2022-07-05,2028-07-31,0,1,0,LMC,1,1,1,100.0,4.605170185988092,2023,2.9869952087611225,0,6.072553045859,4,1.0,0.0,0.0,1.0,1
P175952,SRASP,Tajikistan,TJK,ECA,AGR,A,IPF,IDA,2021-06-18,2027-06-30,0,0,0,LMC,1,1,1,108.0,4.68213122712422,2021,4.032854209445585,0,6.031485284052019,1,1.0,0.0,0.0,1.0,1
P175982,FIP 2,Cote d'Ivoire,CIV,AFW,ENV,A,IPF,IDA,2022-06-30,2029-02-28,0,0,0,LMC,1,1,1,140.0,4.941642422609304,2022,3.0006844626967832,0,6.666666666666667,6,0.0,0.6666666666666666,0.0,0.3333333333333333,0
P176013,LB: Bldg Beirut Businesses Back & Better,Lebanon,LBN,MENAAP,FCI,C,IPF,RETF,2021-07-28,2025-09-30,1,0,0,LMC,1,0,0,28.0,3.332204510175204,2022,3.923340177960301,0,4.175222450376454,2,0.0,1.0,0.0,1.0,0
P176017,Second Rural Enterprise Development Proj,Uzbekistan,UZB,ECA,AGR,A,IPF,IBRD,2022-03-22,2027-12-15,0,0,0,LMC,1,1,0,200.0,5.298317366548036,2022,3.274469541409993,0,5.73305954825462,6,0.3333333333333333,0.5,0.0,1.0,1
P176025,WSRP,West Bank and Gaza,PSE,MENAAP,WAT,A,IPF,SPF,2023-02-28,2028-11-30,1,0,0,LMC,1,1,0,51.0,3.9318256327243257,2023,2.3353867214236823,0,5.754962354551677,1,0.0,1.0,1.0,1.0,0
P176032,Himachal Power Sector Development Prog,India,IND,SAR,EAE,A,P4R,IBRD,2023-06-27,2028-03-31,0,0,0,LMC,0,1,0,200.0,5.298317366548036,2023,2.0095824777549622,0,4.761122518822724,2,1.0,0.0,0.0,1.0,1
P176040,Air Quality Improvement Project,Bosnia and Herzegovina,BIH,ECA,EAE,A,IPF,IBRD,2023-05-30,2029-06-30,0,0,0,UMC,1,1,0,50.0,3.912023005428146,2023,2.086242299794661,0,6.0862422997946615,4,0.0,0.5,0.0,1.0,0
P176069,Capital Markets,Serbia,SRB,ECA,FCI,A,IPF,IBRD,2023-03-16,2028-08-31,0,0,0,UMC,1,1,0,30.0,3.4011973816621555,2023,2.291581108829569,0,5.462012320328542,1,0.0,1.0,0.0,1.0,0
P176105,Strengthening Pedagogy and Governance,Uruguay,URY,LCR,EDU,A,IPF,IBRD,2022-01-19,2027-06-30,0,0,0,HIC,1,1,0,40.0,3.6888794541139363,2022,3.4442162902121836,0,5.4428473648186175,1,0.0,1.0,0.0,1.0,0
P176108,Kiribati Digital Government,Kiribati,KIR,EAP,DDT,A,IPF,IDA,2022-05-25,2027-03-31,1,1,1,LMC,1,1,1,12.0,2.4849066497880004,2022,3.0992470910335386,0,4.848733744010952,2,0.0,1.0,0.0,1.0,0
P176126,Ghana Digital Acceleration Project,Ghana,GHA,AFW,DDT,A,IPF,IDA,2022-04-28,2027-06-30,0,0,0,LMC,1,1,1,200.0,5.298317366548036,2022,3.1731690622861053,0,5.171800136892539,2,0.0,1.0,0.0,1.0,0
P176129,RY: Food Security Response & Resilience,"Yemen, Republic of",YEM,MENAAP,AGR,A,IPF,IDA,2021-05-11,2026-12-31,1,1,0,LIC,1,1,1,250.0,5.521460917862246,2021,4.136892539356605,0,5.639972621492129,13,0.0,0.9230769230769231,0.07692307692307693,1.0,0
P176141,COVID-19 & EHS,Zimbabwe,ZWE,AFE,HNP,C,IPF,RETF,2022-03-03,2025-11-15,1,0,0,LMC,1,0,0,21.575,3.0715352369694915,2022,3.326488706365503,0,3.704312114989733,3,0.6666666666666666,0.3333333333333333,1.0,1.0,1
P176148,Cabo Verde DPF with a Cat DDO 2023,Cabo Verde,CPV,AFW,MTI,A,DPL,IDA,2022-11-17,2026-02-15,0,0,1,UMC,0,1,1,52.5,3.960813169597578,2023,2.617385352498289,0,3.247091033538672,1,0.0,1.0,0.0,0.0,0
P176157,Northern Crisis Recovery Project (NCRP),Mozambique,MOZ,AFE,URS,A,IPF,IDA,2021-04-27,2026-04-30,1,1,0,LIC,1,1,1,200.0,5.298317366548036,2021,4.175222450376454,0,5.007529089664613,4,0.0,0.5,0.0,1.0,0
P176163,CARE4BlueSea,Albania,ALB,ECA,ENV,A,IPF,IBRD,2023-12-01,2030-03-29,0,0,0,UMC,1,1,0,80.0,4.382026634673881,2024,1.5797399041752225,0,6.324435318275154,2,0.0,1.0,0.0,1.0,0
P176164,ICDP,Sri Lanka,LKA,SAR,TDD,A,IPF,IBRD,2021-09-30,2026-10-31,0,0,0,LMC,1,1,0,500.0,6.214608098422191,2022,3.7481177275838466,0,5.084188911704312,3,0.0,1.0,0.0,0.0,0
P176208,TCRTP2,Tonga,TON,EAP,TDD,A,IPF,IDA,2021-12-10,2029-06-30,0,0,1,UMC,1,1,1,38.0,3.6375861597263857,2022,3.5537303216974676,0,7.553730321697468,2,0.0,0.0,0.0,1.0,0
P176214,Emergency Health Service Delivery,Zambia,ZMB,AFE,GOV,C,IPF,IDA,2021-12-20,2024-06-30,0,1,0,LMC,1,0,1,155.0,5.043425116919247,2022,3.5263518138261465,0,2.5270362765229293,2,0.0,1.0,0.0,1.0,0
P176232,Uruguay Agroecology Project,Uruguay,URY,LCR,AGR,A,IPF,IBRD,2021-11-30,2026-11-30,0,0,0,HIC,1,1,0,35.5,3.56953269648137,2022,3.5811088295687883,0,4.999315537303217,6,0.3333333333333333,0.6666666666666666,0.0,1.0,1
P176274,CAR Investment and Bus. Comp. for Employ,Central African Republic,CAF,AFW,FCI,A,IPF,IDA,2022-05-05,2027-03-29,1,1,0,LIC,1,1,1,30.0,3.4011973816621555,2022,3.154004106776181,0,4.898015058179329,4,0.0,1.0,0.0,1.0,0
P176297,Peru Innovation II,Peru,PER,LCR,FCI,A,IPF,IBRD,2022-02-17,2027-12-30,0,0,0,UMC,1,1,0,100.0,4.605170185988092,2022,3.3648186173853527,0,5.864476386036961,1,0.0,1.0,0.0,1.0,0
P176303,Ethiopia Roads4FooD,Ethiopia,ETH,AFE,TDD,A,P4R,IDA,2024-03-29,2029-03-31,1,1,0,Unknown,1,1,1,300.0,5.703782474656201,2024,1.2539356605065024,0,5.004791238877481,4,0.0,0.5,0.0,0.5,0
P176306,Kiribati HSSP,Kiribati,KIR,EAP,HNP,A,IPF,IDA,2022-04-04,2027-03-31,1,1,1,LMC,1,1,1,28.0,3.332204510175204,2022,3.238877481177276,0,4.988364134154689,1,0.0,1.0,0.0,1.0,0
P176317,PH: Digital Infrastructure Project,Philippines,PHL,EAP,DDT,A,IPF,IBRD,2024-10-10,2028-12-31,0,0,0,LMC,1,1,0,287.238,5.660311140399327,2025,0.7200547570157426,1,4.224503764544832,2,0.0,0.0,0.0,1.0,0
P176352,TN: COVID-19 SP Emergency Response,Tunisia,TUN,MENAAP,SPL,A,IPF,IBRD,2021-03-31,2026-03-31,0,0,0,LMC,1,1,0,700.0,6.551080335043404,2021,4.249144421629021,0,4.999315537303217,3,0.6666666666666666,0.3333333333333333,0.3333333333333333,0.6666666666666666,1
P176374,PARTNER-Agriculture Sector Modernization,Bangladesh,BGD,SAR,AGR,A,P4R,IDA,2023-04-27,2028-12-31,0,1,0,LMC,0,1,1,500.0,6.214608098422191,2023,2.1765913757700206,0,5.68104038329911,2,1.0,0.0,0.0,1.0,1
P176375,Turkiye DE P4R,Türkiye,TUR,ECA,EAE,A,P4R,IBRD,2024-03-28,2029-03-30,0,0,0,UMC,0,1,0,664.4,6.49888437773914,2024,1.2566735112936345,0,5.004791238877481,1,0.0,0.0,0.0,1.0,0
P176383,Public Sector Strengthening Project II,Guinea-Bissau,GNB,AFW,GOV,A,IPF,IDA,2022-12-08,2028-04-30,1,1,1,LIC,1,1,1,15.08670491,2.713813886443481,2023,2.5598904859685145,0,5.393566050650239,1,0.0,0.0,0.0,1.0,0
P176396,Digital Burundi,Burundi,BDI,AFE,DDT,A,IPF,IDA,2022-06-22,2028-08-30,1,1,0,LIC,1,1,1,92.0,4.5217885770490405,2022,3.02258726899384,0,6.190280629705681,2,0.0,1.0,0.0,1.0,0
P176404,RIGHTS: Tamil Nadu Disability Project,India,IND,SAR,SPL,A,IPF,IBRD,2022-06-14,2028-06-30,0,0,0,LMC,1,1,0,162.0,5.087596335232384,2022,3.0444900752908968,0,6.04517453798768,3,0.0,1.0,0.0,1.0,0
P176429,CWSIP,Bangladesh,BGD,SAR,WAT,A,IPF,IDA,2024-12-19,2030-12-31,0,1,0,LMC,1,1,1,280.0,5.634789603169249,2025,0.5284052019164955,1,6.031485284052019,3,0.0,1.0,0.0,1.0,0
P176459,Digital Mozambique,Mozambique,MOZ,AFE,DDT,A,IPF,IDA,2022-07-15,2028-07-31,1,1,0,LIC,1,1,1,200.0,5.298317366548036,2023,2.9596167008898013,0,6.04517453798768,4,0.25,0.75,0.0,1.0,1
P176478,South Tarawa Sanitation Project,Kiribati,KIR,EAP,WAT,A,IPF,IDA,2022-05-25,2028-05-31,1,1,1,LMC,1,1,1,19.49,2.9699015135194693,2022,3.0992470910335386,0,6.017796030116359,1,0.0,1.0,0.0,1.0,0
P176480,South Sudan Emergency COVID-19 Project,South Sudan,SSD,AFE,HNP,C,IPF,IDA,2021-06-28,2025-07-31,1,1,0,LIC,1,0,1,330.0,5.799092654460526,2021,4.005475701574264,0,4.090349075975359,4,0.25,0.75,0.25,1.0,1
P176517,Horn of Africa - DRIVE,"Somalia, Federal Republic of",SOM,AFE,FCI,A,IPF,IDA,2022-06-21,2027-09-30,1,1,0,LIC,1,1,1,327.5,5.791488055075306,2022,3.025325119780972,0,5.27583846680356,3,0.0,0.0,1.0,1.0,0
P176532,RESHAPE,Honduras,HND,LCR,HNP,A,IPF,IDA,2022-06-16,2028-11-30,0,0,0,LMC,1,1,1,60.0,4.0943445622221,2022,3.0390143737166326,0,6.458590006844627,3,0.0,1.0,0.0,1.0,0
P176549,ACCESS – Bangladesh Phase 1 Project,Bangladesh,BGD,SAR,TDD,A,IPF,IDA,2022-06-28,2028-06-30,0,1,0,LMC,1,1,1,753.45096,6.624663933002313,2022,3.0061601642710474,0,6.006844626967831,2,0.0,0.0,0.0,1.0,0
P176570,RY: Yemen Emergency Human Capital Proj,"Yemen, Republic of",YEM,MENAAP,HNP,A,IPF,IDA,2021-06-30,2026-12-31,1,1,0,LIC,1,1,1,592.0,6.3835066348840055,2021,4.0,0,5.503080082135524,9,0.0,0.8888888888888888,0.1111111111111111,1.0,0
P176575,Shire Valley Transformation Program - 2,Malawi,MWI,AFE,WAT,A,IPF,IDA,2022-06-21,2028-09-30,0,1,0,LIC,1,1,1,134.0,4.897839799950911,2022,3.025325119780972,0,6.277891854893908,6,0.0,0.6666666666666666,0.0,1.0,0
P176581,National Housing Program Project,Dominican Republic,DOM,LCR,URS,A,IPF,IBRD,2022-05-31,2026-06-30,0,0,1,UMC,1,1,0,100.0,4.605170185988092,2022,3.082819986310746,0,4.082135523613963,3,0.0,1.0,0.0,1.0,0
P176589,Water Sector Governance & Infra Project,Nepal,NPL,SAR,WAT,A,IPF,IDA,2022-06-02,2028-07-15,0,1,0,LMC,1,1,1,70.05551793000001,4.249288040986929,2022,3.077344284736482,0,6.119096509240246,4,0.0,1.0,0.0,1.0,0
P176608,TEFWER,Türkiye,TUR,ECA,URS,A,IPF,IBRD,2022-06-29,2026-09-30,0,0,0,UMC,1,1,0,449.253,6.107586203437699,2022,3.0034223134839153,0,4.254620123203286,1,0.0,1.0,0.0,1.0,0
P176615,CaWSIP,Cambodia,KHM,EAP,WAT,A,IPF,IDA,2024-06-21,2030-06-30,0,1,0,LMC,1,1,1,145.0,4.976733742420574,2024,1.0239561943874058,0,6.023271731690623,1,0.0,1.0,0.0,1.0,0
P176619,Jordan Water Sector Efficiency Project,Jordan,JOR,MENAAP,WAT,A,IPF,IBRD,2023-06-15,2028-12-31,0,0,0,LMC,1,1,0,200.0,5.298317366548036,2023,2.0424366872005475,0,5.546885694729637,3,0.0,0.3333333333333333,0.0,1.0,0
P176620,Senegal Energy Access Scale Up Project,Senegal,SEN,AFW,EAE,A,IPF,IDA,2022-03-08,2027-06-30,0,1,0,LMC,1,1,1,155.87,5.0490223265009595,2022,3.3127994524298425,0,5.3114305270362765,4,0.0,1.0,0.0,1.0,0
P176623,DIST,Tanzania,TZA,AFE,TDD,A,IPF,IDA,2025-03-24,2030-03-28,0,1,0,LMC,1,1,1,200.0,5.298317366548036,2025,0.2683093771389459,1,5.0102669404517455,2,0.0,1.0,0.0,1.0,0
P176630,Angola COVID-19 SPRP,Angola,AGO,AFE,HNP,C,IPF,IBRD,2021-07-29,2025-05-30,0,1,0,LMC,1,0,0,150.0,5.0106352940962555,2022,3.920602327173169,0,3.8357289527720737,1,1.0,0.0,1.0,0.0,1
P176631,Smart II Project,Mongolia,MNG,EAP,DDT,A,IPF,IDA,2022-06-06,2027-07-30,0,0,0,UMC,1,1,1,40.7,3.7062280924485496,2022,3.0663928815879533,0,5.147159479808351,4,0.5,0.0,0.0,1.0,1
P176633,YELEN SIRA,Mali,MLI,AFW,EAE,A,IPF,IDA,2023-06-23,2028-11-30,1,1,0,LIC,1,1,1,157.0,5.056245805348308,2023,2.020533880903491,0,5.4401095140314855,2,0.0,1.0,0.0,1.0,0
P176653,Building Resilient and Inclusive Cities,Benin,BEN,AFW,URS,A,P4R,IDA,2022-09-29,2028-06-30,0,1,0,LMC,1,1,1,200.0,5.298317366548036,2023,2.751540041067762,0,5.752224503764545,1,0.0,1.0,0.0,1.0,0
P176680,Benin Social Safety Nets Program,Benin,BEN,AFW,SPL,A,P4R,IDA,2023-03-24,2027-12-31,0,1,0,LMC,0,1,1,100.0,4.605170185988092,2023,2.269678302532512,0,4.772073921971253,1,0.0,1.0,0.0,1.0,0
P176687,Dili Water Supply Project,Timor-Leste,TLS,EAP,WAT,C,IPF,IDA,2022-05-25,2025-02-04,1,1,1,LMC,1,0,1,6.65134,1.8948183381280057,2022,3.0992470910335386,0,2.6995208761122518,1,0.0,1.0,0.0,1.0,0
P176693,SWEDD+,Chad,TCD,AFW,HNP,A,IPF,IDA,2023-09-29,2030-06-30,1,1,0,LIC,1,1,1,445.0,6.09807428216624,2024,1.7522245037645447,0,6.751540041067762,32,0.0,1.0,0.6875,0.875,0
P176702,Kiribati Resilience and Adaptation,Kiribati,KIR,EAP,URS,A,IPF,IDA,2022-05-13,2028-08-31,1,1,1,LMC,1,1,1,20.0,2.995732273553991,2022,3.132101300479124,0,6.3025325119780975,1,0.0,1.0,0.0,1.0,0
P176747,Growth Opportunities for Women (GROW),Uganda,UGA,AFE,SOC,A,IPF,IDA,2022-06-17,2027-12-31,0,1,0,LIC,1,1,1,217.0,5.37989735354046,2022,3.0362765229295,0,5.538672142368241,8,0.0,1.0,0.0,1.0,0
P176754,CAR Emergency Food Crisis Response,Central African Republic,CAF,AFW,AGR,A,IPF,IDA,2021-06-29,2026-09-30,1,1,0,LIC,1,1,1,99.9681,4.6048511350967685,2021,4.002737850787132,0,5.253935660506502,1,0.0,1.0,0.0,1.0,0
P176769,IDEA,Togo,TGO,AFW,EAE,A,IPF,IDA,2024-05-23,2029-12-31,0,1,0,LIC,1,1,1,200.0,5.298317366548036,2024,1.103353867214237,0,5.607118412046543,1,1.0,0.0,0.0,1.0,1
P176772,DJ: Affordable Housing Finance,Djibouti,DJI,MENAAP,FCI,A,IPF,IDA,2022-12-21,2027-12-31,0,1,0,LMC,1,1,1,15.0,2.70805020110221,2023,2.524298425735797,0,5.026694045174538,6,0.0,1.0,0.0,1.0,0
P176780,KP-RIISP,Pakistan,PAK,MENAAP,ENV,A,IPF,IDA,2023-06-13,2029-06-30,0,0,0,LMC,1,1,1,200.0,5.298317366548036,2023,2.0479123887748116,0,6.047912388774812,1,0.0,1.0,0.0,1.0,0
P176786,PRIAT,Pakistan,PAK,MENAAP,AGR,A,IPF,IDA,2022-07-15,2027-06-30,0,0,0,LMC,1,1,1,200.0,5.298317366548036,2023,2.9596167008898013,0,4.958247775496235,3,0.0,0.3333333333333333,0.0,1.0,0
P176803,PSMP4,Armenia,ARM,ECA,GOV,A,IPF,IBRD,2022-03-03,2028-03-31,0,0,0,UMC,1,1,0,29.9,3.3978584803966405,2022,3.326488706365503,0,6.078028747433265,1,0.0,0.0,0.0,1.0,0
P176841,COVID-19 vaccine,Madagascar,MDG,AFE,HNP,C,IPF,IDA,2021-06-24,2025-06-30,0,1,0,LIC,1,0,1,107.97057,4.681858689989348,2021,4.016427104722792,0,4.016427104722792,1,1.0,0.0,1.0,1.0,1
P176867,PEELP,Kenya,KEN,AFE,EDU,A,P4R,IDA,2022-03-31,2026-12-31,0,0,0,LMC,1,1,1,200.0,5.298317366548036,2022,3.249828884325804,0,4.7529089664613275,2,0.0,1.0,0.0,1.0,0
P176883,Togo Public Sector for Service Delivery,Togo,TGO,AFW,GOV,A,P4R,IDA,2024-05-23,2030-06-30,0,1,0,LIC,1,1,1,75.0,4.31748811353631,2024,1.103353867214237,0,6.102669404517454,1,0.0,0.0,0.0,1.0,0
P176885,RUMI,Rwanda,RWA,AFE,TDD,A,IPF,IDA,2025-06-25,2030-06-30,0,1,0,LIC,1,1,1,100.0,4.605170185988092,2025,0.013689253935660506,1,5.0130047912388775,2,0.0,0.0,0.0,1.0,0
P176895,Second Employment Support Project,Bosnia and Herzegovina,BIH,ECA,SPL,A,IPF,IBRD,2022-07-19,2027-08-31,0,0,0,UMC,1,1,0,43.2,3.765840495250065,2023,2.948665297741273,0,5.117043121149897,2,1.0,0.0,0.0,1.0,1
P176898,Rajo Kaaba,"Somalia, Federal Republic of",SOM,AFE,EDU,A,IPF,IDA,2022-06-27,2027-06-30,1,1,0,LIC,1,1,1,25.0,3.2188758248682006,2022,3.0088980150581794,0,5.007529089664613,6,0.16666666666666666,0.8333333333333334,0.0,1.0,1
P176900,Women's Social and Economic Empowerment,South Sudan,SSD,AFE,SOC,A,IPF,IDA,2022-05-24,2026-12-31,1,1,0,LIC,1,1,1,55.44053275,4.015310964323212,2022,3.1019849418206706,0,4.605065023956194,7,0.2857142857142857,0.5714285714285714,0.0,1.0,1
P176902,Togo Urban Water Security (TUWS),Togo,TGO,AFW,WAT,A,IPF,IDA,2023-03-29,2029-03-30,0,1,0,LIC,1,1,1,75.07887874,4.318539277403276,2023,2.2559890485968515,0,6.0041067761806985,2,0.0,0.5,0.0,1.0,0
P176905,AR-CIAF,Argentina,ARG,LCR,AGR,A,IPF,IBRD,2021-12-09,2027-06-15,0,0,0,UMC,1,1,0,326.089705,5.787172512226397,2022,3.5564681724845997,0,5.514031485284052,18,0.1111111111111111,0.3333333333333333,0.0,1.0,1
P176924,The Gambia Public Admin. Modernization,"Gambia, The",GMB,AFW,GOV,A,P4R,IDA,2024-11-27,2029-11-30,0,1,0,LIC,1,1,1,47.7,3.8649313978942956,2025,0.5886379192334018,1,5.007529089664613,1,0.0,1.0,0.0,1.0,0
P176932,DTfA/ WARDIP,Guinea,GIN,AFW,DDT,A,IPF,IDA,2023-11-30,2028-12-29,0,1,0,LMC,1,1,1,266.5,5.585374243605899,2024,1.5824777549623545,0,5.08145106091718,16,0.5,0.5,0.5,1.0,1
P176935,NASSP-SU,Nigeria,NGA,AFW,SPL,A,IPF,IDA,2021-12-16,2025-12-31,1,0,0,LMC,1,1,1,800.0,6.684611727667927,2022,3.5373032169746748,0,4.041067761806982,2,0.0,1.0,0.0,1.0,0
P176943,SVG Volcanic Eruption Emergency Project,St. Vincent and the Grenadines,VCT,LCR,URS,A,IPF,IDA,2021-11-30,2026-12-30,0,0,1,UMC,1,1,1,40.0,3.6888794541139363,2022,3.5811088295687883,0,5.08145106091718,6,0.0,0.6666666666666666,0.0,1.0,0
P176956,Somalia COVID-19 Vaccination project,"Somalia, Federal Republic of",SOM,AFE,HNP,A,IPF,IDA,2021-09-28,2025-12-31,1,1,0,LIC,1,1,1,65.0,4.174387269895637,2022,3.753593429158111,0,4.257357973990418,4,0.5,0.5,0.5,0.5,1
P176981,Resilient Tourism and Blue Economy,Cabo Verde,CPV,AFW,FCI,A,IPF,IDA,2022-05-31,2028-06-30,0,0,1,UMC,1,1,1,70.0,4.248495242049359,2022,3.082819986310746,0,6.083504449007529,3,0.0,1.0,0.0,1.0,0
P177003,CAR Health Service and System SENI-Plus,Central African Republic,CAF,AFW,HNP,A,IPF,IDA,2022-06-03,2027-09-30,1,1,0,LIC,1,1,1,98.0,4.584967478670572,2022,3.07460643394935,0,5.325119780971937,7,0.2857142857142857,0.7142857142857143,0.0,1.0,1
P177004,RECLIMA,Angola,AGO,AFE,WAT,A,IPF,IBRD,2022-03-30,2028-12-31,0,1,0,LMC,1,1,0,300.0,5.703782474656201,2022,3.252566735112936,0,6.757015742642026,3,0.0,1.0,0.0,1.0,0
P177005,Burkina Faso EST Project,Burkina Faso,BFA,AFW,FCI,A,IPF,IDA,2023-05-08,2029-06-30,1,1,0,LIC,1,1,1,160.0,5.075173815233827,2023,2.1464750171115674,0,6.146475017111568,5,0.4,0.2,0.0,1.0,1
P177031,Sierra Leone Land Admin Project (SLLAP),Sierra Leone,SLE,AFW,URS,A,IPF,IDA,2022-06-02,2028-07-31,0,1,0,LIC,1,1,1,41.1,3.716008121502189,2022,3.077344284736482,0,6.16290212183436,4,0.0,0.5,0.0,1.0,0
P177040,MV: Digital Maldives,Maldives,MDV,SAR,DDT,A,IPF,IDA,2022-06-02,2027-06-30,0,0,1,UMC,1,1,1,10.0,2.302585092994046,2022,3.077344284736482,0,5.075975359342916,2,0.0,1.0,0.0,1.0,0
P177041,RESILAND MALI,Mali,MLI,AFW,ENV,A,IPF,IDA,2023-05-25,2030-10-29,1,1,0,LIC,1,1,1,150.0,5.0106352940962555,2023,2.099931553730322,0,7.430527036276523,3,0.0,0.6666666666666666,0.0,1.0,0
P177043,RESILAND Niger,Niger,NER,AFW,ENV,A,IPF,IDA,2022-09-01,2028-10-31,1,1,0,LIC,1,1,1,150.0,5.0106352940962555,2023,2.8281998631074607,0,6.165639972621492,2,0.0,1.0,0.0,1.0,0
P177044,N’Djamena Urban Resilience Project,Chad,TCD,AFW,URS,A,IPF,IDA,2023-03-31,2029-08-31,1,1,0,LIC,1,1,1,200.0,5.298317366548036,2023,2.2505133470225873,0,6.420260095824777,1,0.0,0.0,0.0,1.0,0
P177053,Lifeline Connectivity Project,"Yemen, Republic of",YEM,MENAAP,TDD,A,IPF,IDA,2021-12-21,2025-11-30,1,1,0,LIC,1,1,1,50.0,3.912023005428146,2022,3.5236139630390144,0,3.9425051334702257,2,0.0,0.0,0.0,1.0,0
P177062,Cote d'Ivoire Secondary Cities Project,Cote d'Ivoire,CIV,AFW,URS,A,IPF,IDA,2023-03-30,2029-05-31,0,0,0,LMC,1,1,1,300.0,5.703782474656201,2023,2.2532511978097194,0,6.1711156741957565,1,0.0,1.0,0.0,1.0,0
P177069,KP Rural Accessibility Project (KPRAP),Pakistan,PAK,MENAAP,TDD,A,IPF,IDA,2022-06-09,2027-06-30,0,0,0,LMC,1,1,1,378.0,5.934894195619588,2022,3.058179329226557,0,5.0568104038329915,2,0.0,1.0,0.0,1.0,0
P177077,Digital Sierra Leone,Sierra Leone,SLE,AFW,DDT,A,IPF,IDA,2022-07-22,2027-09-30,0,1,0,LIC,1,1,1,50.0,3.912023005428146,2023,2.940451745379877,0,5.190965092402464,4,0.0,0.5,0.0,1.0,0
P177095,PAGL Guinea 2,Guinea,GIN,AFW,SOC,A,IPF,IDA,2023-03-23,2028-06-30,0,1,0,LMC,1,1,1,81.0,4.394449154672439,2023,2.272416153319644,0,5.2731006160164275,1,0.0,1.0,0.0,1.0,0
P177118,PASEA,Cote d'Ivoire,CIV,AFW,WAT,A,IPF,IDA,2024-05-24,2030-03-29,0,0,0,LMC,1,1,1,250.0,5.521460917862246,2024,1.1006160164271048,0,5.845311430527036,4,0.0,1.0,0.0,1.0,0
P177163,Resitchad,Chad,TCD,AFW,URS,A,IPF,IDA,2023-06-14,2028-06-29,1,1,0,LIC,1,1,1,140.0,4.941642422609304,2023,2.0451745379876796,0,5.04312114989733,2,0.0,1.0,0.0,1.0,0
P177179,Tourism Sector Development,"Gambia, The",GMB,AFW,FCI,A,IPF,IDA,2022-06-09,2027-06-30,0,1,0,LIC,1,1,1,68.0,4.219507705176107,2022,3.058179329226557,0,5.0568104038329915,1,0.0,1.0,0.0,1.0,0
P177210,HT RUTAP,Haiti,HTI,LCR,TDD,A,IPF,IDA,2022-05-26,2028-05-31,1,1,1,LMC,1,1,1,120.0,4.787491742782046,2022,3.0965092402464065,0,6.015058179329227,2,0.0,0.0,0.0,1.0,0
P177325,WSIP-1,Tajikistan,TJK,ECA,WAT,A,IPF,IDA,2022-06-23,2027-11-30,0,0,0,LMC,1,1,1,45.0,3.8066624897703196,2022,3.0198494182067077,0,5.437371663244353,3,0.0,1.0,0.6666666666666666,1.0,0
P177329,RMI Multisectoral ECD - II,Marshall Islands,MHL,EAP,HNP,A,IPF,IDA,2022-06-06,2026-12-31,1,0,1,UMC,1,1,1,27.0,3.295836866004329,2022,3.0663928815879533,0,4.569472963723477,3,0.0,1.0,0.3333333333333333,1.0,0
P177407,Kyrgyz RESILAND,Kyrgyz Republic,KGZ,ECA,ENV,A,IPF,IDA,2024-02-27,2029-06-29,0,0,0,LMC,1,1,1,45.0,3.8066624897703196,2024,1.3388090349075976,0,5.336071184120465,2,1.0,0.0,0.0,1.0,1
P177450,Ecosystem and Biodiversity Conservation,China,CHN,EAP,ENV,A,IPF,IBRD,2025-06-24,2031-05-31,0,0,0,UMC,1,1,0,100.0,4.605170185988092,2025,0.01642710472279261,1,5.932922655715264,2,1.0,0.0,0.0,1.0,1
P177467,AQIP,Kyrgyz Republic,KGZ,ECA,ENV,A,IPF,IDA,2023-11-29,2030-12-31,0,0,0,LMC,1,1,1,50.0,3.912023005428146,2024,1.5852156057494866,0,7.08829568788501,5,0.8,0.2,0.0,1.0,1
P177492,Social Protection Transformation Project,Rwanda,RWA,AFE,SPL,A,IPF,IDA,2022-09-22,2026-12-31,0,1,0,LIC,1,1,1,100.0,4.605170185988092,2023,2.7707049965776864,0,4.27378507871321,2,0.0,1.0,0.0,0.0,0
P177533,Chile Green Hydrogen Facility,Chile,CHL,LCR,EAE,A,IPF,IBRD,2023-06-28,2028-06-30,0,0,0,HIC,1,1,0,150.0,5.0106352940962555,2023,2.00684462696783,0,5.007529089664613,2,1.0,0.0,0.0,1.0,1
P177627,Barwaaqo,"Somalia, Federal Republic of",SOM,AFE,WAT,A,IPF,IDA,2022-12-09,2028-02-29,1,1,0,LIC,1,1,1,70.0,4.248495242049359,2023,2.5571526351813825,0,5.223819301848049,1,0.0,1.0,0.0,1.0,0
P177663,SNSOP,South Sudan,SSD,AFE,SPL,A,IPF,IDA,2022-06-06,2027-06-30,1,1,0,LIC,1,1,1,199.0,5.293304824724492,2022,3.0663928815879533,0,5.065023956194388,5,0.0,1.0,0.0,1.0,0
P177671,AHSSOH,India,IND,SAR,AGR,A,P4R,IBRD,2023-05-10,2027-11-30,0,0,0,LMC,0,1,0,82.0,4.406719247264253,2023,2.1409993155373033,0,4.558521560574949,8,0.5,0.0,0.0,1.0,1
P177688,Burundi PRETE,Burundi,BDI,AFE,FCI,A,IPF,IDA,2023-12-01,2028-12-29,1,1,0,LIC,1,1,1,100.0,4.605170185988092,2024,1.5797399041752225,0,5.078713210130048,9,0.2222222222222222,0.4444444444444444,0.0,1.0,1
P177722,Financial and Private Sector Development,Tajikistan,TJK,ECA,FCI,A,IPF,IDA,2023-07-10,2028-09-30,0,0,0,LMC,1,1,1,50.0,3.912023005428146,2024,1.9739904175222451,0,5.2265571526351815,1,0.0,1.0,0.0,0.0,0
P177741,Guyana Human Capital Project,Guyana,GUY,LCR,EDU,A,IPF,IDA,2022-06-10,2027-06-30,0,0,1,HIC,1,1,1,46.29,3.8349259550431793,2022,3.055441478439425,0,5.054072553045859,2,0.0,1.0,0.0,1.0,0
P177782,Cameroon Emergency Food Crisis Project,Cameroon,CMR,AFW,AGR,A,IPF,IDA,2022-05-02,2025-12-31,1,0,0,LMC,1,1,1,100.0,4.605170185988092,2022,3.162217659137577,0,3.6659822039698837,2,0.0,1.0,0.0,1.0,0
P177786,ProClimat Congo,"Congo, Republic of",COG,AFW,ENV,A,IPF,IBRD,2023-03-23,2028-05-31,1,0,0,LMC,1,1,0,120.0,4.787491742782046,2023,2.272416153319644,0,5.190965092402464,2,1.0,0.0,0.0,1.0,1
P177800,PRSEB,Cote d'Ivoire,CIV,AFW,EDU,A,P4R,IDA,2022-12-20,2028-05-31,0,0,0,LMC,1,1,1,350.0,5.857933154483459,2023,2.5270362765229293,0,5.44558521560575,2,0.0,0.0,0.0,1.0,0
P177814,Pathways to Sustainable Livelihoods,Lesotho,LSO,AFE,SPL,A,IPF,IDA,2022-06-23,2027-06-30,0,1,0,LMC,1,1,1,26.5,3.2771447329921766,2022,3.0198494182067077,0,5.018480492813142,6,0.16666666666666666,0.8333333333333334,0.16666666666666666,1.0,1
P177823,Water Sector Modernization Program,Dominican Republic,DOM,LCR,WAT,A,P4R,IBRD,2023-03-24,2027-12-31,0,0,1,UMC,1,1,0,250.0,5.521460917862246,2023,2.269678302532512,0,4.772073921971253,4,0.0,1.0,0.5,1.0,0
P177825,LSDP,Uzbekistan,UZB,ECA,AGR,A,IPF,IBRD,2023-04-20,2028-12-31,0,0,0,LMC,1,1,0,240.0,5.480638923341991,2023,2.195756331279945,0,5.700205338809035,3,0.0,1.0,0.0,1.0,0
P177875,Local Governance for Basic Services Prog,Burkina Faso,BFA,AFW,GOV,A,P4R,IDA,2023-05-08,2029-12-31,1,1,0,LIC,0,1,1,150.0,5.0106352940962555,2023,2.1464750171115674,0,6.650239561943874,2,0.0,0.0,0.0,1.0,0
P177895,MSME CP,Moldova,MDA,ECA,FCI,A,IPF,IBRD,2022-06-27,2027-08-02,0,0,0,UMC,1,1,0,50.0,3.912023005428146,2022,3.0088980150581794,0,5.0978781656399725,1,0.0,1.0,0.0,1.0,0
P177902,ACCESS – Nepal Phase 1 Project,Nepal,NPL,SAR,TDD,A,IPF,IDA,2022-06-28,2028-07-15,0,1,0,LMC,1,1,1,275.0,5.616771097666572,2022,3.0061601642710474,0,6.047912388774812,2,0.0,0.0,0.0,0.0,0
P177932,CATLDP,"Egypt, Arab Republic of",EGY,MENAAP,TDD,A,IPF,IBRD,2022-09-29,2029-09-28,0,0,0,LMC,1,1,0,400.0,5.991464547107982,2023,2.751540041067762,0,6.997946611909651,4,0.5,0.0,0.0,1.0,1
P177947,Sierra Leone Second Financial Inclusion,Sierra Leone,SLE,AFW,FCI,A,IPF,IDA,2023-06-02,2028-09-25,0,1,0,LIC,1,1,1,40.0,3.6888794541139363,2023,2.078028747433265,0,5.316906228610541,1,0.0,1.0,0.0,1.0,0
P177959,Private Sector Employment and Skills,Jordan,JOR,MENAAP,EDU,A,IPF,IBRD,2021-12-17,2028-07-31,0,0,0,LMC,1,1,0,112.0,4.718498871295094,2022,3.5345653661875427,0,6.620123203285421,2,1.0,0.0,0.0,1.0,1
P178018,SPRRP,Sao Tome and Principe,STP,AFE,SPL,A,IPF,IDA,2022-05-02,2028-06-30,1,0,1,LMC,1,1,1,18.0,2.8903717578961645,2022,3.162217659137577,0,6.16290212183436,1,0.0,1.0,0.0,0.0,0
P178033,Djibouti Health System Strengthening,Djibouti,DJI,MENAAP,HNP,A,IPF,IDA,2022-05-26,2027-05-31,0,1,0,LMC,1,1,1,19.5,2.970414465569701,2022,3.0965092402464065,0,5.0130047912388775,3,0.0,1.0,0.3333333333333333,1.0,0
P178035,Diversifica+,Angola,AGO,AFE,FCI,A,IPF,IBRD,2023-05-31,2029-12-31,0,1,0,LMC,1,1,0,300.0,5.703782474656201,2023,2.083504449007529,0,6.587268993839836,3,0.0,0.0,0.0,1.0,0
P178040,AO Strengthening Subnational Governance,Angola,AGO,AFE,GOV,A,IPF,IBRD,2022-12-21,2027-04-30,0,1,0,LMC,1,1,0,250.0,5.521460917862246,2023,2.524298425735797,0,4.355920602327173,1,0.0,0.0,0.0,1.0,0
P178077,EARN,Bangladesh,BGD,SAR,EDU,A,IPF,IDA,2023-06-29,2028-12-31,0,1,0,LMC,1,1,1,300.0,5.703782474656201,2023,2.004106776180698,0,5.508555783709788,3,0.0,0.3333333333333333,0.0,1.0,0
P178120,Resilient Agri-food Clusters Development,Kyrgyz Republic,KGZ,ECA,AGR,A,IPF,IDA,2024-04-08,2029-12-31,0,0,0,LMC,1,1,1,30.0,3.4011973816621555,2024,1.2265571526351813,0,5.730321697467488,8,0.25,0.375,0.0,1.0,1
P178132,FSRP Phase 2,Sierra Leone,SLE,AFW,AGR,A,IPF,IDA,2022-07-29,2028-09-30,0,1,0,LIC,1,1,1,490.0,6.194405391104672,2023,2.921286789869952,0,6.1738535249828885,37,0.16216216216216217,0.5135135135135135,0.43243243243243246,1.0,1
P178143,Regional Sustainable Fishery Development,"Yemen, Republic of",YEM,MENAAP,ENV,A,IPF,IDA,2022-06-03,2026-07-31,1,1,0,LIC,1,1,1,45.0,3.8066624897703196,2022,3.07460643394935,0,4.158795345653662,2,0.0,1.0,0.0,1.0,0
P178146,India's EHSDP,India,IND,SAR,HNP,A,P4R,IBRD,2022-06-28,2027-06-30,0,0,0,LMC,0,1,0,500.0,6.214608098422191,2022,3.0061601642710474,0,5.004791238877481,1,0.0,0.0,0.0,1.0,0
P178157,ZIQUE,Tanzania,TZA,AFE,EDU,A,IPF,IDA,2022-12-22,2029-01-31,0,1,0,LMC,1,1,1,50.0,3.912023005428146,2023,2.521560574948665,0,6.11088295687885,1,0.0,1.0,0.0,1.0,0
P178176,TRANSFORME DRC,"Congo, Democratic Republic of",COD,AFE,FCI,A,IPF,IDA,2022-05-02,2027-09-30,1,1,0,LIC,1,1,1,300.0,5.703782474656201,2022,3.162217659137577,0,5.412731006160164,10,0.4,0.6,0.0,1.0,1
P178188,EPARRDD,Haiti,HTI,LCR,WAT,A,IPF,IDA,2023-05-17,2029-06-29,1,1,1,LMC,1,1,1,80.0,4.382026634673881,2023,2.1218343600273784,0,6.119096509240246,2,0.0,1.0,0.0,1.0,0
P178207,Far North Cameroon Connectivity,Cameroon,CMR,AFW,TDD,A,IPF,IDA,2023-06-20,2029-06-30,1,0,0,LMC,1,1,1,330.0,5.799092654460526,2023,2.028747433264887,0,6.028747433264887,1,0.0,1.0,0.0,1.0,0
P178215,JO: Jordan - Support for InDF,Jordan,JOR,MENAAP,FCI,A,IPF,IBRD,2022-05-12,2026-12-31,0,0,0,LMC,1,1,0,85.0,4.442651256490317,2022,3.134839151266256,0,4.63791923340178,7,0.0,1.0,0.0,1.0,0
P178237,FSM PROPER,"Micronesia, Federated States of",FSM,EAP,ENV,A,IPF,IDA,2024-10-15,2030-09-30,1,0,1,LMC,1,1,1,56.0,4.02535169073515,2025,0.7063655030800822,1,5.9575633127994525,2,0.0,1.0,0.0,1.0,0
P178252,SRESTHA Gujarat Program,India,IND,SAR,HNP,A,P4R,IBRD,2022-09-21,2028-03-31,0,0,0,LMC,0,1,0,350.0,5.857933154483459,2023,2.7734428473648185,0,5.5249828884325805,1,0.0,1.0,1.0,0.0,0
P178253,UP-AGREES,India,IND,SAR,AGR,A,IPF,IBRD,2024-12-12,2030-09-30,0,0,0,LMC,1,1,0,325.101777,5.7841382933053795,2025,0.5475701574264202,1,5.798767967145791,3,0.0,0.3333333333333333,0.0,1.0,0
P178254,KERA,India,IND,SAR,AGR,A,IPF,IBRD,2024-10-31,2029-11-30,0,0,0,LMC,1,1,0,200.0,5.298317366548036,2025,0.6625598904859685,1,5.08145106091718,2,1.0,0.0,0.0,1.0,1
P178274,Green Finance Project,Türkiye,TUR,ECA,FCI,A,IPF,IBRD,2023-11-09,2029-12-31,0,0,0,UMC,1,1,0,155.0,5.043425116919247,2024,1.6399726214921286,0,6.143737166324435,3,0.0,1.0,0.0,1.0,0
P178280,Emergency Food Security Project,Afghanistan,AFG,MENAAP,AGR,A,IPF,RETF,2022-06-02,2027-12-31,1,1,0,LIC,1,1,0,95.0,4.553876891600541,2022,3.077344284736482,0,5.579739904175223,4,0.0,1.0,0.0,1.0,0
P178347,RY EEAP-II,"Yemen, Republic of",YEM,MENAAP,EAE,A,IPF,IDA,2022-06-30,2026-09-30,1,1,0,LIC,1,1,1,100.0,4.605170185988092,2022,3.0006844626967832,0,4.251882272416153,6,0.0,0.8333333333333334,0.16666666666666666,1.0,0
P178380,Support to SMEs for Economic Recovery,Tunisia,TUN,MENAAP,FCI,A,IPF,IBRD,2023-02-06,2028-05-31,0,0,0,LMC,1,1,0,120.0,4.787491742782046,2023,2.3956194387405887,0,5.314168377823409,1,1.0,0.0,0.0,1.0,1
P178389,PASEA,"Congo, Democratic Republic of",COD,AFE,WAT,A,IPF,IDA,2023-06-09,2029-06-30,1,1,0,LIC,1,1,1,400.0,5.991464547107982,2023,2.0588637919233403,0,6.05886379192334,8,0.0,0.25,0.375,1.0,0
P178410,Punjab Family Planning Program,Pakistan,PAK,MENAAP,HNP,A,P4R,IDA,2023-07-12,2027-06-30,0,0,0,LMC,1,1,1,100.0,4.605170185988092,2024,1.9685147159479808,0,3.9671457905544147,1,0.0,1.0,0.0,1.0,0
P178417,Cambodia WASAC,Cambodia,KHM,EAP,WAT,A,IPF,IDA,2023-11-21,2029-12-28,0,1,0,LMC,1,1,1,163.0,5.093750200806762,2024,1.6071184120465434,0,6.102669404517454,4,0.0,1.0,0.0,1.0,0
P178418,TRESP,India,IND,SAR,AGR,A,IPF,IBRD,2023-06-26,2029-06-30,0,0,0,LMC,1,1,0,140.0,4.941642422609304,2023,2.0123203285420943,0,6.012320328542095,1,0.0,1.0,0.0,1.0,0
P178481,Second Recovery and Resilience DPC,Bangladesh,BGD,SAR,MTI,C,DPL,IDA,2024-06-21,2025-06-30,0,1,0,LMC,0,0,1,500.0,6.214608098422191,2024,1.0239561943874058,0,1.0239561943874058,3,0.0,0.3333333333333333,0.0,0.6666666666666666,0
P178497,HISWACA - SOP 1,Benin,BEN,AFW,OTHER,A,IPF,IDA,2023-05-11,2028-12-15,0,1,0,LMC,1,1,1,464.0,6.139884552226255,2023,2.138261464750171,0,5.598904859685147,24,0.0,0.3333333333333333,0.0,1.0,0
P178530,Sindh Health and Population Project,Pakistan,PAK,MENAAP,HNP,A,IPF,IDA,2022-12-19,2027-06-30,0,0,0,LMC,1,1,1,200.0,5.298317366548036,2023,2.529774127310062,0,4.528405201916495,2,0.0,1.0,0.0,1.0,0
P178531,Finance for Growth (F4G3),Nepal,NPL,SAR,FCI,C,DPL,IDA,2024-05-06,2025-04-25,0,1,0,LMC,0,0,1,80.0,4.382026634673881,2024,1.1498973305954825,0,0.9691991786447639,3,0.3333333333333333,0.0,0.0,1.0,1
P178544,RMI PROPER,Marshall Islands,MHL,EAP,ENV,A,IPF,IDA,2023-05-10,2029-09-30,1,0,1,UMC,1,1,1,18.0,2.8903717578961645,2023,2.1409993155373033,0,6.392881587953457,2,0.0,0.0,0.0,1.0,0
P178545,CLEAR,Lao People's Democratic Republic,LAO,EAP,SOC,A,IPF,IDA,2023-06-15,2027-12-31,0,1,0,LMC,1,1,1,45.0,3.8066624897703196,2023,2.0424366872005475,0,4.544832306639288,5,0.8,0.2,0.0,1.0,1
P178557,AMFRI Integrated Sustainable Mobility,Brazil,BRA,LCR,TDD,A,IPF,IBRD,2024-04-12,2031-11-30,0,0,0,UMC,1,1,0,90.0,4.499809670330265,2024,1.215605749486653,0,7.6331279945242985,2,0.0,0.0,0.0,1.0,0
P178570,Electricity Reform DPL 2,Dominican Republic,DOM,LCR,EAE,C,DPL,IBRD,2023-05-26,2024-06-28,0,0,1,UMC,0,0,0,400.0,5.991464547107982,2023,2.0971937029431897,0,1.0924024640657084,1,0.0,1.0,0.0,0.0,0
P178573,RIMGL,Guatemala,GTM,LCR,TDD,A,IPF,IBRD,2025-06-30,2032-12-31,0,0,0,UMC,1,1,0,400.0,5.991464547107982,2025,0.0,1,7.5044490075290895,1,0.0,0.0,0.0,1.0,0
P178581,Assam Resilient Rural Bridges,India,IND,SAR,TDD,A,P4R,IBRD,2024-03-01,2030-06-28,0,0,0,LMC,1,1,0,452.0,6.113682179832232,2024,1.3305954825462012,0,6.324435318275154,2,0.0,0.0,0.0,0.0,0
P178582,JM SPIRO,Jamaica,JAM,LCR,SPL,A,IPF,IBRD,2024-03-14,2030-01-31,0,0,1,UMC,1,1,0,20.0,2.995732273553991,2024,1.2950034223134839,0,5.883641341546886,1,0.0,0.0,0.0,1.0,0
P178609,ARG: support Data infrastructure,Argentina,ARG,LCR,DDT,A,IPF,IBRD,2022-12-06,2028-01-31,0,0,0,UMC,1,1,0,130.0,4.867534450455582,2023,2.565366187542779,0,5.152635181382615,3,0.0,0.0,0.0,1.0,0
P178633,Africa CDC Support Program,Eastern and Southern Africa,,AFE,HNP,A,IPF,IDA,2022-07-21,2027-07-31,0,0,0,Unknown,1,1,1,100.0,4.605170185988092,2023,2.943189596167009,0,5.026694045174538,5,0.0,0.0,0.0,1.0,0
P178635,Bhutan Green and Resilient Growth DPC-2,Bhutan,BTN,SAR,MTI,C,DPL,IDA,2023-08-22,2024-06-30,0,0,0,LMC,0,0,1,50.0,3.912023005428146,2024,1.8562628336755647,0,0.8569472963723477,2,0.0,0.0,0.0,0.0,0
P178642,FOREST,"Congo, Democratic Republic of",COD,AFE,ENV,A,IPF,IDA,2023-06-02,2030-06-30,1,1,0,LIC,1,1,1,290.0,5.66988092298052,2023,2.078028747433265,0,7.077344284736482,4,0.0,1.0,0.0,1.0,0
P178653,Urban Water Security Program,Mozambique,MOZ,AFE,WAT,A,P4R,IDA,2023-09-28,2029-09-30,1,1,0,LIC,0,1,1,5.4965132599999995,1.704113938478154,2024,1.754962354551677,0,6.006844626967831,1,0.0,1.0,0.0,1.0,0
P178654,Building Skills in South Sudan,South Sudan,SSD,AFE,EDU,A,IPF,IDA,2023-05-15,2028-06-30,1,1,0,LIC,1,1,1,89.0,4.48863636973214,2023,2.127310061601643,0,5.127994524298426,11,0.0,0.2727272727272727,0.0,1.0,0
P178658,Access to Finance & Econ. Opportunities,Mozambique,MOZ,AFE,FCI,A,IPF,IDA,2023-03-30,2029-12-31,1,1,0,LIC,1,1,1,300.0,5.703782474656201,2023,2.2532511978097194,0,6.757015742642026,7,0.2857142857142857,0.2857142857142857,0.0,1.0,1
P178673,Senegal PISEA,Senegal,SEN,AFW,WAT,A,IPF,IDA,2024-06-21,2031-06-30,0,1,0,LMC,1,1,1,200.0,5.298317366548036,2024,1.0239561943874058,0,7.02258726899384,1,0.0,1.0,0.0,1.0,0
P178694,Fiji Tourism Development in Vanua Levu,Fiji,FJI,EAP,TDD,A,IPF,IDA,2023-06-23,2029-06-30,0,0,1,UMC,1,1,1,61.5,4.119037174812473,2023,2.020533880903491,0,6.020533880903491,4,0.5,0.5,0.0,1.0,1
P178699,E KPENGBA,Central African Republic,CAF,AFW,SOC,A,IPF,IDA,2023-09-06,2028-08-31,1,1,0,LIC,1,1,1,90.0,4.499809670330265,2024,1.8151950718685832,0,4.985626283367557,2,1.0,0.0,0.0,1.0,1
P178701,Digital and Energy Connectivity,Madagascar,MDG,AFE,EAE,A,IPF,IDA,2023-03-30,2028-03-31,0,1,0,LIC,1,1,1,375.61960469,5.9285769416322385,2023,2.2532511978097194,0,5.004791238877481,1,0.0,1.0,0.0,1.0,0
P178715,Climate Resilience and Agriculture Dev't,Albania,ALB,ECA,AGR,A,IPF,IBRD,2023-03-16,2028-09-30,0,0,0,UMC,1,1,0,70.0,4.248495242049359,2023,2.291581108829569,0,5.544147843942505,2,0.0,1.0,0.0,1.0,0
P178720,ESTRIP,El Salvador,SLV,LCR,TDD,A,IPF,IBRD,2023-10-30,2029-12-28,0,0,0,UMC,1,1,0,270.0,5.598421958998375,2024,1.6673511293634498,0,6.16290212183436,2,0.0,0.0,0.0,1.0,0
P178734,Water Sector Resilience Project,El Salvador,SLV,LCR,WAT,A,IPF,IBRD,2023-04-27,2029-11-30,0,0,0,UMC,1,1,0,100.0,4.605170185988092,2023,2.1765913757700206,0,6.595482546201232,2,0.0,1.0,0.0,1.0,0
P178758,Education Emergency Response (EERA),Afghanistan,AFG,MENAAP,EDU,A,IPF,IDA,2022-09-08,2026-12-31,1,1,0,LIC,1,1,1,70.0,4.248495242049359,2023,2.809034907597536,0,4.312114989733059,1,0.0,1.0,0.0,1.0,0
P178763,Climate operation,Morocco,MAR,MENAAP,ENV,A,P4R,IBRD,2023-06-09,2028-06-30,0,0,0,LMC,0,1,0,350.0,5.857933154483459,2023,2.0588637919233403,0,5.059548254620124,1,0.0,1.0,0.0,1.0,0
P178775,Afghanistan Health Emergency Response,Afghanistan,AFG,MENAAP,HNP,A,IPF,IDA,2022-05-24,2027-05-31,1,1,0,LIC,1,1,1,160.0,5.075173815233827,2022,3.1019849418206706,0,5.018480492813142,6,0.3333333333333333,0.3333333333333333,0.0,1.0,1
P178813,PAMOJA,Tanzania,TZA,AFE,SOC,A,IPF,IDA,2024-03-05,2029-02-28,0,1,0,LMC,1,1,1,100.0,4.605170185988092,2024,1.319644079397673,0,4.985626283367557,5,0.0,0.8,0.0,1.0,0
P178819,Financing Framework for Rogun,Tajikistan,TJK,ECA,EAE,A,IPF,IDA,2023-01-12,2027-12-31,0,0,0,LMC,1,1,1,21.0,3.044522437723423,2023,2.4640657084188913,0,4.9664613278576315,2,1.0,0.0,0.0,1.0,1
P178831,Millati Solim Project,Tajikistan,TJK,ECA,HNP,A,IPF,IDA,2023-10-24,2028-12-31,0,0,0,LMC,1,1,1,40.0,3.6888794541139363,2024,1.6837782340862424,0,5.188227241615332,1,0.0,0.0,0.0,1.0,0
P178835,Togo ASTRE,Togo,TGO,AFW,SPL,A,P4R,IDA,2023-06-23,2028-12-29,0,1,0,LIC,0,1,1,100.0,4.605170185988092,2023,2.020533880903491,0,5.519507186858316,8,0.0,1.0,0.0,1.0,0
P178836,PAFAD,Djibouti,DJI,MENAAP,AGR,A,IPF,IDA,2023-12-11,2028-12-31,0,1,0,LMC,1,1,1,15.0,2.70805020110221,2024,1.5523613963039014,0,5.0568104038329915,1,0.0,0.0,0.0,1.0,0
P178861,Resilient Water Management & Irrigation,Bolivia,BOL,LCR,WAT,A,IPF,IBRD,2024-02-20,2030-01-30,0,0,0,LMC,1,1,0,150.0,5.0106352940962555,2024,1.3579739904175223,0,5.943874058863792,1,0.0,1.0,1.0,1.0,0
P178878,TJ SPE project,Tajikistan,TJK,ECA,SPL,A,IPF,IDA,2023-03-24,2027-06-30,0,0,0,LMC,1,1,1,35.0,3.5553480614894135,2023,2.269678302532512,0,4.268309377138946,2,0.0,0.0,0.0,1.0,0
P178888,Brazil Climate Finance Project,Brazil,BRA,LCR,FCI,A,IPF,IBRD,2022-12-22,2028-04-30,0,0,0,UMC,1,1,0,500.0,6.214608098422191,2023,2.521560574948665,0,5.3552361396303905,5,0.4,0.6,0.0,1.0,1
P178891,SS - Energy Sector ASSIST Project,South Sudan,SSD,AFE,EAE,A,IPF,IDA,2023-04-25,2028-04-30,1,1,0,LIC,1,1,1,50.0,3.912023005428146,2023,2.1820670773442847,0,5.01574264202601,2,0.0,1.0,0.0,1.0,0
P178910,Morocco Higher Education,Morocco,MAR,MENAAP,EDU,A,P4R,IBRD,2023-12-14,2029-04-30,0,0,0,LMC,1,1,0,300.0,5.703782474656201,2024,1.5441478439425051,0,5.377138945927447,1,0.0,1.0,0.0,1.0,0
P178954,Water and Sanitation Project,Malawi,MWI,AFE,WAT,A,IPF,IDA,2023-03-23,2029-03-31,0,1,0,LIC,1,1,1,145.0,4.976733742420574,2023,2.272416153319644,0,6.023271731690623,2,0.0,1.0,0.0,1.0,0
P178957,Lao HANSA2,Lao People's Democratic Republic,LAO,EAP,HNP,A,IPF,IDA,2024-02-21,2029-06-30,0,1,0,LMC,1,1,1,39.0,3.6635616461296463,2024,1.3552361396303902,0,5.3552361396303905,2,0.5,0.5,0.5,0.5,1
P178973,Social Protection Project,Sri Lanka,LKA,SAR,SPL,A,IPF,IDA,2023-06-28,2027-09-30,0,0,0,LMC,1,1,1,200.0,5.298317366548036,2023,2.00684462696783,0,4.257357973990418,5,0.0,0.6,0.0,1.0,0
P178986,Africa GRIHD-Facility,Eastern and Southern Africa,,AFE,FCI,A,IPF,IDA,2025-04-01,2030-07-03,0,0,0,Unknown,1,1,1,95.0,4.553876891600541,2025,0.2464065708418891,1,5.253935660506502,3,0.0,0.0,0.0,1.0,0
P178992,DJI  - SPE Crisis Response Project,Djibouti,DJI,MENAAP,SPL,C,IPF,IDA,2022-06-27,2025-09-30,0,1,0,LMC,1,0,1,30.0,3.4011973816621555,2022,3.0088980150581794,0,3.260780287474333,3,0.0,1.0,0.3333333333333333,1.0,0
P178996,SMART,Bangladesh,BGD,SAR,ENV,A,IPF,IDA,2023-04-27,2028-12-31,0,1,0,LMC,1,1,1,250.0,5.521460917862246,2023,2.1765913757700206,0,5.68104038329911,7,0.2857142857142857,0.0,0.0,1.0,1
P179010,Tun - Emergency Food Security Response,Tunisia,TUN,MENAAP,AGR,A,IPF,IBRD,2022-06-28,2026-12-31,0,0,0,LMC,1,1,0,430.0,6.063785208687608,2022,3.0061601642710474,0,4.509240246406571,2,0.0,0.0,0.0,1.0,0
P179012,Kenya WASH Program,Kenya,KEN,AFE,WAT,A,P4R,IDA,2023-12-20,2030-06-30,0,0,0,LMC,1,1,1,250.0,5.521460917862246,2024,1.5277207392197125,0,6.52703627652293,2,0.0,1.0,0.0,1.0,0
P179017,PEAG,Guinea,GIN,AFW,WAT,A,IPF,IDA,2025-04-04,2031-09-30,0,1,0,LMC,1,1,1,200.0,5.298317366548036,2025,0.23819301848049282,1,6.48870636550308,3,0.0,1.0,0.0,1.0,0
P179024,Strengthening SP system in Kyrgyz Rep.,Kyrgyz Republic,KGZ,ECA,SPL,A,IPF,IDA,2022-09-06,2027-04-30,0,0,0,LMC,1,1,1,30.0,3.4011973816621555,2023,2.8145106091718,0,4.646132785763176,3,0.0,0.6666666666666666,0.3333333333333333,1.0,0
P179039,Karnataka Rural Water Supply Program,India,IND,SAR,WAT,A,P4R,IBRD,2023-03-28,2028-06-01,0,0,0,LMC,0,1,0,363.0,5.8944028342648505,2023,2.2587268993839835,0,5.1800136892539355,2,0.0,1.0,0.0,0.0,0
P179067,SXM: WASTEWATER MANAGEMENT PROJECT,St Maarten,SXM,LCR,WAT,A,IPF,RETF,2024-08-08,2028-06-30,0,0,0,HIC,1,1,0,10.0,2.302585092994046,2025,0.892539356605065,1,3.893223819301848,2,0.0,1.0,0.0,1.0,0
P179086,MDA Emergency Response DPO2,Moldova,MDA,ECA,MTI,C,DPL,IBRD,2023-05-25,2024-05-24,0,0,0,UMC,0,0,0,100.0,4.605170185988092,2023,2.099931553730322,0,0.999315537303217,2,0.0,1.0,0.0,1.0,0
P179095,Shock responsive social protection,Zambia,ZMB,AFE,SPL,A,IPF,IDA,2022-06-28,2025-12-31,0,1,0,LMC,1,1,1,355.0,5.872117789475416,2022,3.0061601642710474,0,3.509924709103354,1,0.0,1.0,1.0,1.0,0
P179108,Digital Uzbekistan,Uzbekistan,UZB,ECA,DDT,A,IPF,IDA,2023-11-27,2030-01-31,0,0,0,LMC,1,1,1,50.0,3.912023005428146,2024,1.5906913073237507,0,6.179329226557153,4,0.5,0.0,0.0,1.0,1
P179117,CH Water PforR,Chile,CHL,LCR,WAT,A,P4R,IBRD,2024-06-10,2028-12-31,0,0,0,HIC,0,1,0,250.0,5.521460917862246,2024,1.054072553045859,0,4.558521560574949,2,0.0,1.0,0.0,1.0,0
P179138,Digital Togo,Togo,TGO,AFW,DDT,A,IPF,IDA,2024-12-18,2030-01-31,0,1,0,LIC,1,1,1,100.0,4.605170185988092,2025,0.5311430527036276,1,5.119780971937029,6,0.3333333333333333,0.6666666666666666,0.0,1.0,1
P179189,Tamil Nadu Resilient Urban Dev. Program,India,IND,SAR,URS,A,P4R,IBRD,2023-12-21,2030-12-31,0,0,0,LMC,1,1,0,300.0,5.703782474656201,2024,1.5249828884325805,0,7.028062970568104,1,0.0,1.0,0.0,1.0,0
P179210,OECS- Skills and Innovation Project,Grenada,GRD,LCR,EDU,A,IPF,IDA,2024-01-11,2030-01-08,0,0,1,UMC,1,1,1,36.0,3.58351893845611,2024,1.4674880219028064,0,5.993155373032169,2,0.0,1.0,1.0,1.0,0
P179211,Ndoye Project,Central African Republic,CAF,AFW,SPL,A,IPF,IDA,2024-05-23,2030-06-30,1,1,0,LIC,1,1,1,52.0,3.9512437185814275,2024,1.103353867214237,0,6.102669404517454,10,0.0,1.0,0.0,1.0,0
P179217,Land Management Infrastructure,Türkiye,TUR,ECA,URS,A,IPF,IBRD,2023-05-23,2028-12-31,0,0,0,UMC,1,1,0,85.44,4.447814375211885,2023,2.105407255304586,0,5.6098562628336754,2,0.0,0.0,0.0,0.0,0
P179227,BWSPIP,Pakistan,PAK,MENAAP,WAT,A,IPF,IDA,2025-06-24,2031-12-31,0,0,0,LMC,1,1,1,94.0,4.543294782270004,2025,0.01642710472279261,1,6.5188227241615335,3,0.6666666666666666,0.3333333333333333,0.0,1.0,1
P179238,ProAGRI,Chad,TCD,AFW,AGR,A,IPF,IDA,2024-04-25,2030-07-31,1,1,0,LIC,1,1,1,150.0,5.0106352940962555,2024,1.1800136892539357,0,6.264202600958248,4,0.0,1.0,0.0,1.0,0
P179242,TransFORM (SWIOFish5),Maldives,MDV,SAR,ENV,A,IPF,IDA,2023-05-16,2030-12-31,0,0,1,UMC,1,1,1,64.8,4.1713056033582285,2023,2.1245722108145104,0,7.627652292950034,2,1.0,0.0,0.0,1.0,1
P179255,Türkiye Green Industry Project,Türkiye,TUR,ECA,FCI,A,IPF,IBRD,2023-06-02,2029-06-30,0,0,0,UMC,1,1,0,450.0,6.1092475827643655,2023,2.078028747433265,0,6.078028747433265,4,0.0,1.0,0.0,1.0,0
P179276,LAMP,Niger,NER,AFW,AGR,A,IPF,IDA,2024-06-28,2029-09-28,1,1,0,LIC,1,1,1,350.0,5.857933154483459,2024,1.0047912388774811,0,5.25119780971937,4,0.0,1.0,0.0,1.0,0
P179284,CRRCIP,Lao People's Democratic Republic,LAO,EAP,TDD,A,IPF,IDA,2024-09-30,2030-08-30,0,1,0,LMC,1,1,1,56.0,4.02535169073515,2025,0.7474332648870636,1,5.9137577002053385,2,0.0,0.0,0.0,1.0,0
P179286,MCGP,Maldives,MDV,SAR,FCI,A,IPF,IDA,2023-05-12,2028-06-30,0,0,1,UMC,1,1,1,15.0,2.70805020110221,2023,2.135523613963039,0,5.136208076659822,12,0.0,0.6666666666666666,0.0,1.0,0
P179291,Shock responsive social protection,Comoros,COM,AFE,SPL,A,IPF,IDA,2022-12-22,2027-06-30,1,1,1,LMC,1,1,1,30.0,3.4011973816621555,2023,2.521560574948665,0,4.520191649555099,2,0.0,0.5,0.0,1.0,0
P179293,EAGER,Mozambique,MOZ,AFE,SPL,A,IPF,IDA,2023-09-28,2029-06-30,1,1,0,LIC,1,1,1,784.0,6.664409020350408,2024,1.754962354551677,0,5.754962354551677,8,0.0,1.0,0.625,1.0,0
P179294,Togo's Sustainable and Inclusive DPF1,Togo,TGO,AFW,MTI,C,DPL,IDA,2023-09-06,2024-10-20,0,1,0,LIC,0,0,1,150.0,5.0106352940962555,2024,1.8151950718685832,0,1.1225188227241616,2,0.0,0.0,0.0,1.0,0
P179311,WERP,Afghanistan,AFG,MENAAP,WAT,A,IPF,RETF,2023-06-28,2026-12-31,1,1,0,LIC,1,1,0,100.0,4.605170185988092,2023,2.00684462696783,0,3.509924709103354,2,0.0,1.0,0.0,1.0,0
P179337,Assam ASSIST,India,IND,SAR,HNP,A,IPF,IBRD,2023-06-26,2029-11-30,0,0,0,LMC,1,1,0,251.03,5.52557245390196,2023,2.0123203285420943,0,6.431211498973306,2,0.0,0.5,0.0,0.5,0
P179345,Türkiye Climate Resilient Forests,Türkiye,TUR,ECA,ENV,A,IPF,IBRD,2023-06-15,2029-01-31,0,0,0,UMC,1,1,0,400.0,5.991464547107982,2023,2.0424366872005475,0,5.631759069130732,2,0.0,1.0,0.0,1.0,0
P179365,Bolsa Familia 4,Brazil,BRA,LCR,SPL,A,IPF,IBRD,2023-12-06,2026-04-30,0,0,0,UMC,1,1,0,300.0,5.703782474656201,2024,1.566050650239562,0,2.3983572895277208,1,0.0,1.0,0.0,0.0,0
P179367,Uruguay DPL,Uruguay,URY,LCR,ENV,A,DPL,IBRD,2023-11-16,2025-11-30,0,0,0,HIC,0,1,0,350.0,5.857933154483459,2024,1.620807665982204,0,2.0396988364134154,1,0.0,1.0,0.0,0.0,0
P179380,NEAT Program,Zambia,ZMB,AFE,EAE,A,P4R,IDA,2024-03-14,2026-12-30,0,1,0,LMC,0,1,1,100.0,4.605170185988092,2024,1.2950034223134839,0,2.7953456536618755,4,0.0,1.0,0.0,1.0,0
P179381,KJET,Kenya,KEN,AFE,FCI,A,IPF,IDA,2023-12-11,2028-12-31,0,0,0,LMC,1,1,1,150.0,5.0106352940962555,2024,1.5523613963039014,0,5.0568104038329915,3,0.6666666666666666,0.3333333333333333,0.0,1.0,1
P179383,DREAM 1,Mauritania,MRT,AFW,EAE,A,IPF,IDA,2025-03-27,2030-06-30,0,1,0,LMC,1,1,1,82.5,4.412798293340635,2025,0.2600958247775496,1,5.259411362080766,1,0.0,1.0,0.0,0.0,0
P179397,Uganda Learning Acceleration Program,Uganda,UGA,AFE,EDU,A,P4R,IDA,2025-06-04,2030-06-30,0,1,0,LIC,1,1,1,210.0,5.3471075307174685,2025,0.07118412046543464,1,5.070499657768652,1,0.0,1.0,0.0,1.0,0
P179447,NFWP-SU,Nigeria,NGA,AFW,SOC,A,IPF,IDA,2023-06-22,2028-12-31,1,0,0,LMC,1,1,1,500.0,6.214608098422191,2023,2.023271731690623,0,5.5277207392197125,1,0.0,1.0,0.0,1.0,0
P179449,Senegal River Valley Dev and Resilience,Senegal,SEN,AFW,SOC,A,IPF,IDA,2024-02-13,2029-02-28,0,1,0,LMC,1,1,1,195.0,5.272999558563747,2024,1.377138945927447,0,5.04312114989733,2,0.0,1.0,1.0,1.0,0
P179466,MG Safety Nets and Resilience Project,Madagascar,MDG,AFE,SPL,A,IPF,IDA,2022-12-21,2027-03-31,0,1,0,LIC,1,1,1,230.0158,5.438148002215931,2023,2.524298425735797,0,4.27378507871321,1,0.0,1.0,1.0,1.0,0
P179507,ZATP-II,Zambia,ZMB,AFE,FCI,A,IPF,IDA,2023-06-16,2028-12-15,0,1,0,LMC,1,1,1,170.0,5.135798437050262,2023,2.0396988364134154,0,5.500342231348392,5,0.4,0.6,0.0,1.0,1
P179509,Human Capital Project,Guinea-Bissau,GNB,AFW,HNP,A,IPF,IDA,2025-01-09,2030-02-28,1,1,1,LIC,1,1,1,20.0,2.995732273553991,2025,0.47091033538672145,1,5.136208076659822,7,0.0,1.0,0.2857142857142857,1.0,0
P179513,Angola Second Green Growth DPF,Angola,AGO,AFE,MTI,A,DPL,IBRD,2024-09-30,2026-12-31,0,1,0,LMC,0,1,0,500.0,6.214608098422191,2025,0.7474332648870636,1,2.2505133470225873,1,0.0,1.0,0.0,0.0,0
P179519,CEGEB,Guyana,GUY,LCR,EAE,A,IPF,IDA,2025-02-28,2031-06-30,0,0,1,HIC,1,1,1,104.0,4.6443908991413725,2025,0.33401779603011633,1,6.33264887063655,7,0.0,0.42857142857142855,0.0,1.0,0
P179520,BZ BRIES (BESS),Belize,BLZ,LCR,EAE,A,IPF,IBRD,2025-01-13,2030-12-31,0,0,1,UMC,1,1,0,50.0,3.912023005428146,2025,0.459958932238193,1,5.963039014373717,2,0.0,1.0,0.0,1.0,0
P179534,Digital Health Agenda in the PBA,Argentina,ARG,LCR,HNP,A,IPF,IBRD,2023-07-05,2027-04-30,0,0,0,UMC,1,1,0,50.0,3.912023005428146,2024,1.9876796714579055,0,3.8193018480492813,1,0.0,1.0,0.0,1.0,0
P179550,CIV Human Capital Project,Cote d'Ivoire,CIV,AFW,HNP,A,IPF,IDA,2023-06-30,2028-06-30,0,0,0,LMC,1,1,1,279.0,5.631211781821365,2023,2.001368925393566,0,5.002053388090349,3,0.0,1.0,0.0,0.0,0
P179558,INAYA Elargi,Mauritania,MRT,AFW,HNP,A,IPF,IDA,2024-03-21,2029-06-30,0,1,0,LMC,1,1,1,52.3,3.9569963710708773,2024,1.2758384668035592,0,5.27583846680356,3,0.0,1.0,0.3333333333333333,1.0,0
P179592,"TL Health (""HARI'I"") Project",Timor-Leste,TLS,EAP,HNP,C,IPF,IDA,2023-03-24,2024-09-24,1,1,1,LMC,1,0,1,0.0,-2.3025850929940455,2023,2.269678302532512,0,1.5058179329226558,2,0.0,1.0,0.0,1.0,0
P179595,Effective UHC and System Integration,Argentina,ARG,LCR,HNP,A,P4R,IBRD,2023-06-27,2026-12-31,0,0,0,UMC,0,1,0,300.0,5.703782474656201,2023,2.0095824777549622,0,3.512662559890486,3,0.0,0.6666666666666666,0.0,1.0,0
P179599,TV PROPER,Tuvalu,TUV,EAP,ENV,A,IPF,IDA,2023-12-08,2029-12-31,1,1,1,UMC,1,1,1,13.05,2.5687881337687024,2024,1.5605749486652978,0,6.064339493497604,2,0.0,0.0,0.0,1.0,0
P179609,DPG 13,West Bank and Gaza,PSE,MENAAP,MTI,C,DPL,SPF,2023-03-17,2024-12-31,1,0,0,LMC,0,0,0,62.15452,4.129623542584947,2023,2.2888432580424367,0,1.7932922655715264,1,0.0,1.0,0.0,1.0,0
P179631,ASCENT Tanzania,Tanzania,TZA,AFE,EAE,A,P4R,IDA,2023-11-28,2028-12-31,0,1,0,LMC,0,1,1,300.0,5.703782474656201,2024,1.5879534565366187,0,5.092402464065708,6,0.0,0.6666666666666666,0.0,1.0,0
P179636,Habitat 2,Argentina,ARG,LCR,URS,A,IPF,IBRD,2023-02-24,2028-07-31,0,0,0,UMC,1,1,0,150.0,5.0106352940962555,2023,2.346338124572211,0,5.431895961670089,2,0.0,1.0,1.0,1.0,0
P179656,Kosovo ECEC,Kosovo,XKX,ECA,EDU,A,IPF,IDA,2024-05-14,2029-06-30,0,0,0,UMC,1,1,1,20.0,2.995732273553991,2024,1.1279945242984257,0,5.127994524298426,2,0.0,0.0,0.0,1.0,0
P179665,Egypt TKP Expansion and System Building,"Egypt, Arab Republic of",EGY,MENAAP,SPL,A,IPF,IBRD,2022-12-22,2026-12-31,0,0,0,LMC,1,1,0,500.0,6.214608098422191,2023,2.521560574948665,0,4.024640657084189,9,0.0,1.0,0.0,0.7777777777777778,0
P179687,DARES,Nigeria,NGA,AFW,EAE,A,IPF,IDA,2023-12-14,2028-12-31,1,0,0,LMC,1,1,1,750.0,6.620073206530356,2024,1.5441478439425051,0,5.048596851471594,4,0.0,1.0,0.0,1.0,0
P179703,Railway Sector Modernization Phase 2,Serbia,SRB,ECA,TDD,A,IPF,IBRD,2024-08-13,2029-06-30,0,0,0,UMC,1,1,0,65.0,4.174387269895637,2025,0.8788501026694046,1,4.878850102669404,2,1.0,0.0,0.0,1.0,1
P179820,Tuvalu DPF1 with a Cat DDO,Tuvalu,TUV,EAP,MTI,A,DPL,IDA,2023-09-22,2026-10-30,1,1,1,UMC,0,1,1,11.5,2.4423470353692043,2024,1.7713894592744694,0,3.1047227926078027,1,0.0,0.0,0.0,1.0,0
P179829,Jobs/Skills Dev,El Salvador,SLV,LCR,SPL,A,IPF,IBRD,2023-11-28,2028-12-31,0,0,0,UMC,1,1,0,150.0,5.0106352940962555,2024,1.5879534565366187,0,5.092402464065708,8,0.25,0.5,0.0,1.0,1
P179831,KOMPAS,Kosovo,XKX,ECA,HNP,A,IPF,IDA,2024-05-07,2029-03-31,0,0,0,UMC,1,1,1,20.0,2.995732273553991,2024,1.1471594798083504,0,4.898015058179329,1,0.0,0.0,0.0,1.0,0
P179845,Dominica Geothermal Risk Mitigation II,Dominica,DMA,LCR,EAE,A,IPF,IDA,2024-01-23,2029-02-28,0,0,1,UMC,1,1,1,38.5,3.6506582412937387,2024,1.434633812457221,0,5.100616016427105,1,0.0,0.0,0.0,1.0,0
P179849,ARMENIA DPO2,Armenia,ARM,ECA,MTI,C,DPL,IBRD,2024-04-24,2025-03-31,0,0,0,UMC,0,0,0,100.0,4.605170185988092,2024,1.1827515400410678,0,0.9336071184120466,2,1.0,0.0,0.0,1.0,1
P179904,NUSAF IV,Uganda,UGA,AFE,SPL,A,IPF,IDA,2025-04-01,2031-12-31,0,1,0,LIC,1,1,1,250.0,5.521460917862246,2025,0.2464065708418891,1,6.74880219028063,4,0.5,0.5,0.0,1.0,1
P179913,DCHSRO,Mozambique,MOZ,AFE,HNP,A,P4R,IDA,2024-02-29,2028-12-31,1,1,0,LIC,1,1,1,108.7,4.688591794127164,2024,1.3333333333333333,0,4.837782340862423,4,0.75,0.0,1.0,1.0,1
P179923,SINAFO,Peru,PER,LCR,SPL,A,IPF,IBRD,2024-08-09,2029-12-31,0,0,0,UMC,1,1,0,55.0,4.007333185232471,2025,0.8898015058179329,1,5.393566050650239,4,0.0,1.0,0.0,1.0,0
P179944,Kosovo Development Policy Financing,Kosovo,XKX,ECA,MTI,A,DPL,IDA,2024-03-18,2026-03-18,0,0,0,UMC,0,1,1,100.0,4.605170185988092,2024,1.2840520191649556,0,1.998631074606434,1,0.0,1.0,0.0,1.0,0
P179981,Sindh Flood Emergency Project,Pakistan,PAK,MENAAP,URS,A,IPF,IDA,2022-12-19,2028-06-30,0,0,0,LMC,1,1,1,650.0,6.476972362889683,2023,2.529774127310062,0,5.530458590006845,2,0.0,1.0,0.0,1.0,0
P179990,JCT in BiH,Bosnia and Herzegovina,BIH,ECA,EAE,A,IPF,IBRD,2025-05-01,2030-10-31,0,0,0,UMC,1,1,0,83.07,4.41968362585098,2025,0.16427104722792607,1,5.500342231348392,4,0.5,0.5,0.0,1.0,1
P180000,Digital Chad,Chad,TCD,AFW,DDT,A,IPF,IDA,2024-09-25,2029-04-30,1,1,0,LIC,1,1,1,92.2,4.523960130562548,2025,0.7611225188227242,1,4.594113620807666,9,0.0,1.0,0.0,1.0,0
P180008,PK Flood Housing Reconstruction Project,Pakistan,PAK,MENAAP,URS,A,IPF,IDA,2022-12-19,2028-06-30,0,0,0,LMC,1,1,1,950.0,6.856461984594587,2023,2.529774127310062,0,5.530458590006845,8,0.0,0.75,0.0,1.0,0
P180017,Cameroon Second Growth and Inclusion DPF,Cameroon,CMR,AFW,MTI,A,DPL,IBRD,2025-03-14,2026-12-31,1,0,0,LMC,0,1,0,200.0,5.298317366548036,2025,0.29568788501026694,1,1.7987679671457906,1,0.0,1.0,0.0,1.0,0
P180060,Ghana Tree Crop Project,Ghana,GHA,AFW,AGR,A,IPF,IDA,2023-06-23,2029-12-14,0,0,0,LMC,1,1,1,200.0,5.298317366548036,2023,2.020533880903491,0,6.477754962354552,4,0.0,1.0,0.0,1.0,0
P180076,LLRP II,Ethiopia,ETH,AFE,AGR,A,IPF,IDA,2024-03-22,2029-06-30,1,1,0,Unknown,1,1,1,340.0,5.8289456176102075,2024,1.273100616016427,0,5.2731006160164275,1,0.0,1.0,0.0,1.0,0
P180153,MRCP,Moldova,MDA,ECA,TDD,A,IPF,IBRD,2024-04-29,2029-06-30,0,0,0,UMC,1,1,0,105.98,4.663250397064616,2024,1.1690622861054072,0,5.169062286105407,2,0.0,0.0,0.0,1.0,0
P180163,DR - Emergency and Resilience Project,Dominican Republic,DOM,LCR,URS,A,IPF,IBRD,2023-01-23,2028-01-24,0,0,1,UMC,1,1,0,200.0,5.298317366548036,2023,2.433949349760438,0,5.002053388090349,1,0.0,1.0,0.0,1.0,0
P180173,SoGreen,Türkiye,TUR,ECA,ENV,A,IPF,IBRD,2024-03-28,2031-12-31,0,0,0,UMC,1,1,0,400.0,5.991464547107982,2024,1.2566735112936345,0,7.759069130732375,3,0.6666666666666666,0.3333333333333333,0.0,1.0,1
P180220,Community Benefit Sharing Project 2,Solomon Islands,SLB,EAP,SOC,A,IPF,IDA,2023-09-22,2028-12-29,1,1,1,LMC,1,1,1,5.0,1.6094379124341003,2024,1.7713894592744694,0,5.270362765229295,1,0.0,1.0,0.0,1.0,0
P180231,Emergency Essential Health Services,Malawi,MWI,AFE,GOV,C,IPF,IDA,2022-12-21,2025-06-30,0,1,0,LIC,1,0,1,100.0,4.605170185988092,2023,2.524298425735797,0,2.524298425735797,2,0.0,1.0,0.0,1.0,0
P180242,PCGF Strengthening Project,Ukraine,UKR,ECA,FCI,A,IPF,RETF,2023-07-28,2026-06-30,1,0,0,UMC,1,1,0,10.893,2.3881203811003084,2024,1.9247091033538672,0,2.924024640657084,1,0.0,1.0,0.0,1.0,0
P180245,HEAL Ukraine,Ukraine,UKR,ECA,HNP,A,IPF,IBRD,2022-12-20,2026-12-23,1,0,0,UMC,1,1,0,103.5,4.639571612705423,2023,2.5270362765229293,0,4.008213552361396,2,0.0,0.5,0.5,1.0,0
P180253,SP in Chile,Chile,CHL,LCR,SPL,A,P4R,IBRD,2025-05-22,2028-12-31,0,0,0,HIC,0,1,0,150.0,5.0106352940962555,2025,0.10677618069815195,1,3.6112251882272415,1,0.0,0.0,0.0,1.0,0
P180260,RELANCE,Chad,TCD,AFW,EDU,A,IPF,IDA,2025-03-21,2030-09-30,1,1,0,LIC,1,1,1,80.5,4.388257184424518,2025,0.27652292950034224,1,5.5277207392197125,2,0.0,1.0,1.0,1.0,0
P180283,Health Sector Program,Bangladesh,BGD,SAR,HNP,A,P4R,IDA,2024-12-19,2029-06-30,0,1,0,LMC,0,1,1,379.0,5.937536205082426,2025,0.5284052019164955,1,4.528405201916495,3,0.0,1.0,0.0,0.6666666666666666,0
P180291,JPCDG,Jordan,JOR,MENAAP,GOV,A,P4R,IBRD,2024-03-26,2028-06-30,0,0,0,LMC,0,1,0,321.0,5.771441123130016,2024,1.2621492128678986,0,4.262833675564682,2,0.0,1.0,0.0,1.0,0
P180321,SEWASH,Cameroon,CMR,AFW,WAT,A,IPF,IDA,2025-05-07,2030-12-31,1,0,0,LMC,1,1,1,200.0,5.298317366548036,2025,0.14784394250513347,1,5.650924024640657,4,0.0,1.0,0.0,1.0,0
P180323,IFRAP,Pakistan,PAK,MENAAP,WAT,A,IPF,IDA,2023-05-25,2028-12-31,0,0,0,LMC,1,1,1,245.0,5.501258210544727,2023,2.099931553730322,0,5.604380561259411,2,0.0,0.0,0.0,1.0,0
P180334,GATE Lebanon,Lebanon,LBN,MENAAP,AGR,A,IPF,IBRD,2023-06-28,2028-12-31,1,0,0,LMC,1,1,0,200.0,5.298317366548036,2023,2.00684462696783,0,5.51129363449692,8,0.0,0.375,0.0,1.0,0
P180361,EC Inclusive and Resilient Housing & UD,Ecuador,ECU,LCR,URS,A,IPF,IBRD,2023-10-05,2029-03-13,0,0,0,UMC,1,1,0,200.0,5.298317366548036,2024,1.7357973990417521,0,5.437371663244353,3,0.0,1.0,0.0,1.0,0
P180379,PRDP Scale-up,Philippines,PHL,EAP,AGR,A,IPF,IBRD,2023-06-29,2029-06-30,0,0,0,LMC,1,1,0,600.0,6.396929655216146,2023,2.004106776180698,0,6.0041067761806985,1,0.0,1.0,0.0,1.0,0
P180398,Rep. of Congo Third Programmatic DPF,"Congo, Republic of",COG,AFW,MTI,A,DPL,IBRD,2025-06-20,2026-12-31,1,0,0,LMC,0,1,0,80.0,4.382026634673881,2025,0.02737850787132101,1,1.5304585900068446,1,0.0,1.0,0.0,1.0,0
P180409,GIVE Project,Bosnia and Herzegovina,BIH,ECA,URS,A,IPF,IBRD,2024-05-15,2030-01-31,0,0,0,UMC,1,1,0,24.9,3.214867803470662,2024,1.1252566735112937,0,5.713894592744696,2,1.0,0.0,0.0,0.0,1
P180429,Bahia que Alimenta,Brazil,BRA,LCR,AGR,A,IPF,IBRD,2024-11-07,2030-10-30,0,0,0,UMC,1,1,0,100.0,4.605170185988092,2025,0.6433949349760438,1,5.976728268309377,3,0.0,1.0,0.0,1.0,0
P180430,Pernambuco Rural Water and Sanitation,Brazil,BRA,LCR,WAT,A,IPF,IBRD,2024-05-17,2032-07-14,0,0,0,UMC,1,1,0,90.0,4.499809670330265,2024,1.1197809719370295,0,8.158795345653662,4,0.0,1.0,0.0,1.0,0
P180462,Digital Espirito Santo,Brazil,BRA,LCR,DDT,A,IPF,IBRD,2024-05-17,2029-06-30,0,0,0,UMC,1,1,0,61.216,4.114408593257842,2024,1.1197809719370295,0,5.119780971937029,2,0.0,1.0,0.0,0.0,0
P180470,UZ Program DPO1,Uzbekistan,UZB,ECA,MTI,C,DPL,IBRD,2023-12-07,2025-06-30,0,0,0,LMC,0,0,0,800.0,6.684611727667927,2024,1.5633127994524298,0,1.5633127994524298,1,1.0,0.0,0.0,1.0,1
P180491,INEY Phase 2,Indonesia,IDN,EAP,HNP,A,P4R,IBRD,2023-06-26,2028-08-31,0,0,0,UMC,1,1,0,600.0,6.396929655216146,2023,2.0123203285420943,0,5.1827515400410675,1,0.0,1.0,0.0,1.0,0
P180495,Digital DRC Project,"Congo, Democratic Republic of",COD,AFE,DDT,A,IPF,IDA,2024-06-27,2029-12-31,1,1,0,LIC,1,1,1,400.0,5.991464547107982,2024,1.0075290896646132,0,5.51129363449692,4,0.0,0.5,0.0,1.0,0
P180497,BR State of Ceará DPF,Brazil,BRA,LCR,MTI,A,DPL,IBRD,2024-03-28,2025-12-31,0,0,0,UMC,0,1,0,479.09916665,6.171907604480341,2024,1.2566735112936345,0,1.7604380561259412,1,0.0,1.0,0.0,1.0,0
P180508,Enhancing Women Economic Opportunities,Jordan,JOR,MENAAP,SPL,A,P4R,IBRD,2024-03-26,2028-06-30,0,0,0,LMC,1,1,0,221.0,5.3981627015177525,2024,1.2621492128678986,0,4.262833675564682,10,0.3,0.5,0.1,0.8,1
P180534,COL Access Effective Care & Resilience,Colombia,COL,LCR,HNP,A,P4R,IBRD,2024-02-13,2026-06-30,0,0,0,UMC,0,1,0,300.0,5.703782474656201,2024,1.377138945927447,0,2.3764544832306638,4,0.0,0.75,0.5,0.25,0
P180539,Health System Performance and Resilience,Burkina Faso,BFA,AFW,HNP,A,IPF,IDA,2025-01-24,2030-01-31,1,1,0,LIC,1,1,1,150.0,5.0106352940962555,2025,0.42984257357973993,1,5.018480492813142,6,0.0,1.0,0.0,1.0,0
P180544,BiH Second Health Sectors DPL,Bosnia and Herzegovina,BIH,ECA,MTI,A,DPL,IBRD,2025-01-29,2026-06-30,0,0,0,UMC,0,1,0,75.0,4.31748811353631,2025,0.4161533196440794,1,1.4154688569472964,1,0.0,1.0,0.0,1.0,0
P180549,SRI LANKA RESET DPO2,Sri Lanka,LKA,SAR,MTI,C,DPL,IDA,2024-09-11,2025-09-30,0,0,0,LMC,0,0,1,200.0,5.298317366548036,2025,0.7994524298425736,1,1.051334702258727,1,0.0,1.0,0.0,1.0,0
P180554,Peru DPF-DDO 1,Peru,PER,LCR,MTI,A,DPL,IBRD,2024-08-09,2027-11-01,0,0,0,UMC,0,1,0,500.0,6.214608098422191,2025,0.8898015058179329,1,3.2279260780287475,1,0.0,1.0,0.0,1.0,0
P180555,BR Pro-Roads BA,Brazil,BRA,LCR,TDD,A,IPF,IBRD,2024-09-10,2032-11-30,0,0,0,UMC,1,1,0,150.0,5.0106352940962555,2025,0.8021902806297057,1,8.2217659137577,2,1.0,0.0,0.0,1.0,1
P180580,SATPro,Togo,TGO,AFW,AGR,A,P4R,IDA,2025-06-11,2029-12-31,0,1,0,LIC,1,1,1,150.2,5.011967739330034,2025,0.05201916495550993,1,4.555783709787817,7,0.0,1.0,0.0,1.0,0
P180619,Serbia NCD Project,Serbia,SRB,ECA,HNP,A,IPF,IBRD,2023-10-27,2029-03-31,0,0,0,UMC,1,1,0,75.0,4.31748811353631,2024,1.675564681724846,0,5.426420260095825,1,0.0,0.0,0.0,1.0,0
P180631,Human Resources for Health,Angola,AGO,AFE,HNP,A,IPF,IBRD,2023-06-22,2028-12-31,0,1,0,LMC,1,1,0,200.0,5.298317366548036,2023,2.023271731690623,0,5.5277207392197125,1,0.0,0.0,0.0,1.0,0
P180640,RAAMP-SU,Nigeria,NGA,AFW,TDD,A,IPF,IDA,2024-12-13,2030-12-31,1,0,0,LMC,1,1,1,500.0,6.214608098422191,2025,0.5448323066392882,1,6.047912388774812,2,1.0,0.0,0.0,1.0,1
P180674,TuSRAP,Tuvalu,TUV,EAP,TDD,A,IPF,IDA,2023-05-19,2027-09-30,1,1,1,UMC,1,1,1,23.0,3.1354942159291497,2023,2.116358658453114,0,4.3668720054757015,2,0.0,0.0,0.0,1.0,0
P180679,Second Resilience and Green DPL,Albania,ALB,ECA,MTI,A,DPL,IBRD,2025-02-12,2026-12-31,0,0,0,UMC,0,1,0,120.0,4.787491742782046,2025,0.37782340862423,1,1.8809034907597535,2,0.0,1.0,0.0,0.0,0
P180693,Angola Digital Acceleration Project,Angola,AGO,AFE,DDT,A,IPF,IBRD,2024-06-27,2030-03-31,0,1,0,LMC,1,1,0,300.0,5.703782474656201,2024,1.0075290896646132,0,5.757700205338809,8,0.0,0.75,0.0,1.0,0
P180707,CCSDP,Pakistan,PAK,MENAAP,SPL,A,IPF,IDA,2023-07-06,2026-06-30,0,0,0,LMC,1,1,1,46.0,3.828641396489095,2024,1.9849418206707734,0,2.9842573579739904,2,0.0,1.0,0.0,0.5,0
P180708,YFMIIP,"Yemen, Republic of",YEM,MENAAP,FCI,A,IPF,IDA,2025-06-17,2030-06-30,1,1,0,LIC,1,1,1,20.0,2.995732273553991,2025,0.03559206023271732,1,5.034907597535934,9,0.0,0.3333333333333333,0.0,0.8888888888888888,0
P180732,Ukraine ARISE Project,Ukraine,UKR,ECA,AGR,A,IPF,IBRD,2023-10-30,2028-09-30,1,0,0,UMC,1,1,0,230.0,5.438079308923196,2024,1.6673511293634498,0,4.919917864476386,5,0.0,1.0,0.0,1.0,0
P180749,Second Cambodia DPF,Cambodia,KHM,EAP,MTI,C,DPL,IDA,2024-06-20,2025-06-30,0,1,0,LMC,0,0,1,275.0,5.616771097666572,2024,1.0266940451745379,0,1.0266940451745379,3,0.0,1.0,0.0,1.0,0
P180781,TPPHEP,Türkiye,TUR,ECA,HNP,A,IPF,IBRD,2024-12-05,2029-10-31,0,0,0,UMC,1,1,0,250.0,5.521460917862246,2025,0.5667351129363449,1,4.903490759753593,1,0.0,1.0,0.0,1.0,0
P180801,TRACER,Zambia,ZMB,AFE,TDD,A,IPF,IDA,2024-02-20,2030-02-27,0,1,0,LMC,1,1,1,270.0,5.598421958998375,2024,1.3579739904175223,0,6.020533880903491,2,0.0,1.0,0.0,1.0,0
P180807,DCRS,Samoa,WSM,EAP,DDT,A,IPF,IDA,2024-10-18,2029-10-30,0,0,1,UMC,1,1,1,20.05,2.998229153752578,2025,0.6981519507186859,1,5.032169746748802,6,0.0,1.0,0.0,1.0,0
P180811,ID HSS Project,Indonesia,IDN,EAP,HNP,A,IPF,IBRD,2023-12-08,2029-06-30,0,0,0,UMC,1,1,0,1484.0,7.302496423727326,2024,1.5605749486652978,0,5.560574948665297,1,0.0,1.0,1.0,0.0,0
P180831,RREIIF (SOP 1),St. Vincent and the Grenadines,VCT,LCR,EAE,A,IPF,IDA,2025-04-17,2032-12-31,0,0,1,UMC,1,1,1,90.0,4.499809670330265,2025,0.2026009582477755,1,7.707049965776865,9,1.0,0.0,0.0,1.0,1
P180849,Türkiye Earthquake ERL,Türkiye,TUR,ECA,URS,A,IPF,IBRD,2023-06-27,2028-06-30,0,0,0,UMC,1,1,0,1207.5,7.096307385526727,2023,2.0095824777549622,0,5.0102669404517455,1,0.0,1.0,1.0,1.0,0
P180860,ILASP Project,Indonesia,IDN,EAP,URS,A,IPF,IBRD,2024-09-30,2029-11-30,0,0,0,UMC,1,1,0,653.0,6.481577129276431,2025,0.7474332648870636,1,5.166324435318275,2,1.0,0.0,0.0,1.0,1
P180861,Fin Sector Safety Net Strengthening,Sri Lanka,LKA,SAR,FCI,A,IPF,IDA,2023-11-09,2027-12-31,0,0,0,LMC,1,1,1,150.0,5.0106352940962555,2024,1.6399726214921286,0,4.142368240930869,1,0.0,1.0,0.0,0.0,0
P180884,Sustainable Cities and Land Project,Cameroon,CMR,AFW,URS,A,IPF,IDA,2025-05-30,2031-06-30,1,0,0,LMC,1,1,1,200.0,5.298317366548036,2025,0.08487337440109514,1,6.083504449007529,2,0.0,0.0,0.0,0.0,0
P180906,Kounki Project,Guinea,GIN,AFW,ENV,A,IPF,IDA,2025-06-06,2031-08-14,0,1,0,LMC,1,1,1,100.0,4.605170185988092,2025,0.06570841889117043,1,6.187542778918549,8,0.25,0.75,0.0,1.0,1
P180909,National Community Initiatives Project,Kyrgyz Republic,KGZ,ECA,ENV,A,IPF,IDA,2024-07-31,2029-07-31,0,0,0,LMC,1,1,1,25.0,3.2188758248682006,2025,0.9144421629021219,1,4.999315537303217,2,0.0,1.0,0.0,1.0,0
P180915,CCIP,Chad,TCD,AFW,TDD,A,IPF,IDA,2025-02-18,2031-02-27,1,1,0,LIC,1,1,1,170.0,5.135798437050262,2025,0.3613963039014374,1,6.023271731690623,3,0.6666666666666666,0.3333333333333333,0.0,1.0,1
P180925,BDI Human Capital Development Project,Burundi,BDI,AFE,EDU,A,IPF,IDA,2024-07-22,2029-07-31,1,1,0,LIC,1,1,1,200.0,5.298317366548036,2025,0.9390828199863107,1,5.023956194387406,2,0.0,1.0,0.0,1.0,0
P180927,Equitable and Green Path DPF 2,Colombia,COL,LCR,OTHER,A,DPL,IBRD,2025-02-20,2026-04-26,0,0,0,UMC,0,1,0,700.0,6.551080335043404,2025,0.35592060232717315,1,1.1772758384668036,3,0.6666666666666666,0.3333333333333333,0.0,1.0,1
P180982,STP WACA+,Sao Tome and Principe,STP,AFE,ENV,A,IPF,IDA,2024-04-12,2029-06-30,1,0,1,LMC,1,1,1,20.0,2.995732273553991,2024,1.215605749486653,0,5.215605749486653,2,1.0,0.0,0.0,1.0,1
P181037,PK-RAM,Pakistan,PAK,MENAAP,FCI,A,IPF,IDA,2025-03-18,2029-12-31,0,0,0,LMC,1,1,1,102.0,4.624972813284271,2025,0.28473648186173856,1,4.788501026694045,3,0.0,1.0,0.0,1.0,0
P181064,BBCBP,Belize,BLZ,LCR,ENV,A,IPF,IDA,2025-01-31,2029-12-31,0,0,1,UMC,1,1,1,23.5,3.1570004211501135,2025,0.4106776180698152,1,4.914442162902122,1,0.0,1.0,0.0,1.0,0
P181079,EC: Emergency Reconstruction Project,Ecuador,ECU,LCR,TDD,A,IPF,IBRD,2023-06-09,2028-06-30,0,0,0,UMC,1,1,0,150.0,5.0106352940962555,2023,2.0588637919233403,0,5.059548254620124,2,0.0,0.0,0.0,1.0,0
P181081,INSPIRE,Ukraine,UKR,ECA,SPL,A,IPF,IBRD,2023-11-30,2027-03-31,1,0,0,UMC,1,1,0,1862.0,7.529406457837013,2024,1.5824777549623545,0,3.3319644079397674,4,1.0,0.0,0.0,1.0,1
P181087,FANSEP II,Nepal,NPL,SAR,AGR,A,IPF,RETF,2023-09-18,2027-06-30,0,1,0,LMC,1,1,0,20.0,2.995732273553991,2024,1.782340862422998,0,3.780971937029432,1,0.0,0.0,0.0,1.0,0
P181148,Ghana Second Resilient Recovery DPF,Ghana,GHA,AFW,MTI,A,DPL,IDA,2025-06-27,2026-12-31,0,0,0,LMC,0,1,1,360.0,5.886104031450156,2025,0.008213552361396304,1,1.51129363449692,2,0.0,1.0,0.0,1.0,0
P181160,Angola Secondary Cities,Angola,AGO,AFE,URS,A,P4R,IBRD,2024-06-20,2029-12-31,0,1,0,LMC,0,1,0,300.0,5.703782474656201,2024,1.0266940451745379,0,5.530458590006845,2,0.0,1.0,0.0,1.0,0
P181237,FSM PFM II,"Micronesia, Federated States of",FSM,EAP,GOV,A,IPF,IDA,2025-03-05,2030-03-29,1,0,1,LMC,1,1,1,13.0,2.5649493574615367,2025,0.3203285420944558,1,5.065023956194388,2,0.0,0.0,0.0,1.0,0
P181238,Togo's Sustainable and Inclusive DPF2,Togo,TGO,AFW,MTI,A,DPL,IDA,2024-12-10,2026-05-31,0,1,0,LIC,0,1,1,200.0,5.298317366548036,2025,0.5530458590006845,1,1.4702258726899384,2,0.0,0.5,0.0,0.0,0
P181251,West Africa Fin,Western and Central Africa,,AFW,FCI,A,IPF,IDA,2025-05-21,2030-06-30,0,0,0,Unknown,1,1,1,205.0,5.3230099791384085,2025,0.10951403148528405,1,5.108829568788501,6,0.0,1.0,0.0,1.0,0
P181259,Benin Land Project,Benin,BEN,AFW,URS,A,P4R,IDA,2025-04-30,2030-09-30,0,1,0,LMC,0,1,1,100.0,4.605170185988092,2025,0.16700889801505817,1,5.418206707734429,2,0.0,1.0,0.0,1.0,0
P181278,ACCESS Bhutan,Bhutan,BTN,SAR,TDD,A,IPF,IDA,2025-05-01,2031-06-30,0,0,0,LMC,1,1,1,300.0,5.703782474656201,2025,0.16427104722792607,1,6.16290212183436,4,0.5,0.5,0.0,1.0,1
P181295,CAUSE II,Solomon Islands,SLB,EAP,SOC,A,IPF,IDA,2024-10-15,2030-09-30,1,1,1,LMC,1,1,1,20.2,3.005682604407159,2025,0.7063655030800822,1,5.9575633127994525,4,0.0,0.0,0.0,1.0,0
P181310,Cabo Verde DPF2 FY25,Cabo Verde,CPV,AFW,MTI,A,DPL,IDA,2024-12-12,2025-12-30,0,0,1,UMC,0,1,1,25.0,3.2188758248682006,2025,0.5475701574264202,1,1.0485968514715949,2,0.0,1.0,0.0,1.0,0
P181328,ASCENT REAF,Eastern and Southern Africa,,AFE,EAE,A,IPF,IDA,2023-11-28,2029-03-31,0,0,0,Unknown,1,1,1,300.0,5.703782474656201,2024,1.5879534565366187,0,5.338809034907597,3,0.0,1.0,0.0,1.0,0
P181372,Costa Rica Social Risk Mngement DPL DDO,Costa Rica,CRI,LCR,SPL,A,DPL,IBRD,2024-11-25,2027-12-30,0,0,0,HIC,0,1,0,200.0,5.298317366548036,2025,0.5941136208076659,1,3.0937713894592744,1,0.0,1.0,0.0,0.0,0
P181385,Health Sector Transformation Project,South Sudan,SSD,AFE,HNP,A,IPF,IDA,2023-12-20,2027-07-31,1,1,0,LIC,1,1,1,157.0,5.056245805348308,2024,1.5277207392197125,0,3.6112251882272415,1,0.0,1.0,0.0,1.0,0
P181391,GEWEL 2,Zambia,ZMB,AFE,SPL,A,IPF,IDA,2024-03-28,2028-06-30,0,1,0,LMC,1,1,1,300.0,5.703782474656201,2024,1.2566735112936345,0,4.257357973990418,2,0.0,1.0,0.0,0.5,0
P181428,Agri-Recovery,Türkiye,TUR,ECA,AGR,A,IPF,IBRD,2024-12-11,2030-12-31,0,0,0,UMC,1,1,0,250.0,5.521460917862246,2025,0.5503080082135524,1,6.053388090349076,2,0.0,1.0,0.0,1.0,0
P181436,Green Export Project,Türkiye,TUR,ECA,FCI,A,IPF,IBRD,2024-02-22,2029-06-30,0,0,0,UMC,0,1,0,654.9,6.484482552224008,2024,1.352498288843258,0,5.352498288843258,1,0.0,0.0,0.0,1.0,0
P181456,Samoa Finance,Samoa,WSM,EAP,FCI,A,IPF,IDA,2024-10-18,2029-12-17,0,0,1,UMC,1,1,1,21.0,3.044522437723423,2025,0.6981519507186859,1,5.163586584531143,5,0.0,1.0,0.2,0.4,0
P181479,MDA DPO,Moldova,MDA,ECA,MTI,A,DPL,IBRD,2024-06-14,2026-06-30,0,0,0,UMC,0,1,0,40.0,3.6888794541139363,2024,1.0431211498973305,0,2.0424366872005475,2,0.0,1.0,0.0,1.0,0
P181490,Sudan ECRP,Sudan,SDN,AFE,SOC,A,IPF,IDA,2024-04-14,2028-06-30,1,1,0,LIC,1,1,1,50.0,3.912023005428146,2024,1.2101300479123889,0,4.210814510609172,1,0.0,1.0,0.0,1.0,0
P181494,ASCENT Burundi,Burundi,BDI,AFE,EAE,A,IPF,IDA,2024-06-26,2029-06-30,1,1,0,LIC,1,1,1,150.0,5.0106352940962555,2024,1.0102669404517455,0,5.0102669404517455,4,0.0,1.0,0.0,1.0,0
P181495,SP for Human Capital and Resilience,Angola,AGO,AFE,SPL,A,IPF,IBRD,2024-09-12,2029-10-31,0,1,0,LMC,1,1,0,400.0,5.991464547107982,2025,0.7967145790554415,1,5.13347022587269,2,0.0,1.0,0.0,1.0,0
P181499,SKBo Basin of Integration- BF,Burkina Faso,BFA,AFW,TDD,A,IPF,IDA,2025-04-30,2030-12-30,1,1,0,LIC,1,1,1,216.0,5.375278407684165,2025,0.16700889801505817,1,5.66735112936345,2,0.0,1.0,0.0,1.0,0
P181501,BR Sergipe Sustainability DPF,Brazil,BRA,LCR,MTI,A,DPL,IBRD,2024-08-27,2026-12-31,0,0,0,UMC,0,1,0,110.0,4.700480365792417,2025,0.840520191649555,1,2.3436002737850785,2,0.0,1.0,0.0,1.0,0
P181538,Mali Water Security Project,Mali,MLI,AFW,WAT,A,IPF,IDA,2025-01-22,2029-12-31,1,1,0,LIC,1,1,1,100.0,4.605170185988092,2025,0.4353182751540041,1,4.939082819986311,2,0.0,1.0,0.0,1.0,0
P181564,Sri Lanka PHSEP,Sri Lanka,LKA,SAR,HNP,A,IPF,IDA,2024-06-21,2028-12-31,0,0,0,LMC,1,1,1,150.0,5.0106352940962555,2024,1.0239561943874058,0,4.528405201916495,2,0.0,1.0,0.0,0.5,0
P181587,FILAHA,Morocco,MAR,MENAAP,AGR,A,P4R,IBRD,2024-12-19,2029-12-31,0,0,0,LMC,1,1,0,250.0,5.521460917862246,2025,0.5284052019164955,1,5.032169746748802,1,0.0,1.0,0.0,1.0,0
P181797,FA4G,Türkiye,TUR,ECA,FCI,A,IPF,IBRD,2025-06-30,2030-06-28,0,0,0,UMC,1,1,0,409.014,6.013749385285825,2025,0.0,1,4.993839835728953,1,0.0,1.0,0.0,1.0,0
P252350,Rwanda Priority Skills for Growth (PSG),Rwanda,RWA,AFE,EDU,C,P4R,IDA,2017-07-05,2024-09-29,0,1,0,LIC,0,0,1,270.0,5.598421958998375,2018,7.98631074606434,0,7.236139630390143,2,0.0,0.0,0.0,0.5,0
P500469,BR Pro-Roads ES,Brazil,BRA,LCR,TDD,A,IPF,IBRD,2025-03-18,2034-02-28,0,0,0,UMC,1,1,0,162.4,5.090062427727577,2025,0.28473648186173856,1,8.950034223134839,2,0.0,0.0,0.0,1.0,0
P500471,FAST Growth,Tanzania,TZA,AFE,FCI,A,IPF,IDA,2024-07-30,2030-07-31,0,1,0,LMC,1,1,1,150.0,5.0106352940962555,2025,0.917180013689254,1,6.0013689253935665,9,0.0,1.0,0.0,1.0,0
P500488,CRRN,Mozambique,MOZ,AFE,TDD,A,IPF,IDA,2024-04-25,2030-06-30,1,1,0,LIC,1,1,1,125.0,4.8283137373023015,2024,1.1800136892539357,0,6.179329226557153,2,0.0,0.0,0.0,1.0,0
P500501,SPebus,Brazil,BRA,LCR,TDD,A,P4R,IBRD,2025-05-15,2030-12-16,0,0,0,UMC,0,1,0,248.3,5.514637692514121,2025,0.12594113620807665,1,5.587953456536619,2,0.0,0.0,0.0,0.0,0
P500553,RLSP,South Sudan,SSD,AFE,AGR,A,IPF,IDA,2025-06-10,2030-05-31,1,1,0,LIC,1,1,1,40.0,3.6888794541139363,2025,0.05475701574264202,1,4.971937029431896,2,0.0,0.0,0.0,1.0,0
P500570,SDAP,Brazil,BRA,LCR,DDT,A,IPF,IBRD,2025-03-18,2030-05-15,0,0,0,UMC,1,1,0,53.6,3.9815490680767565,2025,0.28473648186173856,1,5.158110882956879,2,0.0,0.0,0.0,1.0,0
P500589,DISC,Malawi,MWI,AFE,FCI,A,IPF,IDA,2023-11-20,2027-06-30,0,1,0,LIC,1,1,1,60.0,4.0943445622221,2024,1.6098562628336757,0,3.6084873374401094,1,0.0,0.0,0.0,1.0,0
P500611,REMP 2,Serbia,SRB,ECA,URS,A,IPF,IBRD,2024-07-29,2029-07-31,0,0,0,UMC,1,1,0,32.5,3.481240089335692,2025,0.919917864476386,1,5.004791238877481,2,1.0,0.0,0.0,1.0,1
P500620,WASUAP,Kyrgyz Republic,KGZ,ECA,WAT,A,IPF,IDA,2025-04-18,2029-12-31,0,0,0,LMC,1,1,1,121.0,4.795790545596741,2025,0.1998631074606434,1,4.70362765229295,6,0.0,0.3333333333333333,0.0,1.0,0
P500727,ISO,Bangladesh,BGD,SAR,SPL,A,IPF,IDA,2024-05-28,2028-06-30,0,1,0,LMC,1,1,1,350.0,5.857933154483459,2024,1.0896646132785763,0,4.090349075975359,6,0.0,0.8333333333333334,0.0,0.5,0
P501217,ISLE-2,Indonesia,IDN,EAP,EAE,A,P4R,IBRD,2025-06-12,2032-04-29,0,0,0,UMC,1,1,0,600.0,6.396929655216146,2025,0.049281314168377825,1,6.880219028062971,2,0.0,1.0,0.0,1.0,0
P501274,HELP,Bangladesh,BGD,SAR,URS,A,IPF,IDA,2024-05-28,2028-06-30,0,1,0,LMC,1,1,1,350.0,5.857933154483459,2024,1.0896646132785763,0,4.090349075975359,2,0.0,1.0,0.0,1.0,0
P501343,PASEL,"Congo, Republic of",COG,AFW,EAE,A,IPF,IBRD,2024-06-26,2028-06-30,1,0,0,LMC,1,1,0,100.0,4.605170185988092,2024,1.0102669404517455,0,4.010951403148528,2,0.0,1.0,0.0,1.0,0
P501648,SEEQIP,Kenya,KEN,AFE,EDU,A,P4R,IDA,2024-10-17,2029-12-31,0,0,0,LMC,1,1,1,250.0,5.521460917862246,2025,0.7008898015058179,1,5.204654346338125,3,0.0,1.0,0.0,1.0,0
P501661,RESET,Nigeria,NGA,AFW,MTI,A,DPL,IBRD,2024-06-13,2025-12-31,1,0,0,LMC,0,1,0,1500.0,7.313220387090301,2024,1.0458590006844628,0,1.5496235455167693,1,0.0,1.0,0.0,1.0,0
P501662,SPRING,"Somalia, Federal Republic of",SOM,AFE,FCI,A,IPF,IDA,2025-05-07,2030-06-30,1,1,0,LIC,1,1,1,95.0,4.553876891600541,2025,0.14784394250513347,1,5.147159479808351,9,0.2222222222222222,0.7777777777777778,0.0,1.0,1
P501759,ITCP,Guyana,GUY,LCR,TDD,A,IPF,IDA,2025-02-27,2031-04-30,0,0,1,HIC,1,1,1,156.0,5.049856007249537,2025,0.33675564681724846,1,6.168377823408624,2,0.0,0.0,0.0,1.0,0
P501985,ESRIP,Nepal,NPL,SAR,EAE,A,IPF,IDA,2025-05-29,2030-06-30,0,1,0,LMC,1,1,1,120.0,4.787491742782046,2025,0.08761122518822724,1,5.086926762491444,2,0.0,0.0,0.0,0.0,0
P501988,SER DPF1,"Somalia, Federal Republic of",SOM,AFE,MTI,A,DPL,IDA,2024-07-30,2025-12-31,1,1,0,LIC,0,1,1,125.0,4.8283137373023015,2025,0.917180013689254,1,1.4209445585215605,2,0.0,0.0,0.0,1.0,0
P502012,GM DPO2 FY25,"Gambia, The",GMB,AFW,MTI,A,DPL,IDA,2024-12-05,2025-12-31,0,1,0,LIC,0,1,1,30.0,3.4011973816621555,2025,0.5667351129363449,1,1.0704996577686516,1,0.0,1.0,0.0,1.0,0
P502128,CARE,Central African Republic,CAF,AFW,EDU,A,IPF,IDA,2024-06-18,2030-10-31,1,1,0,LIC,1,1,1,65.0,4.174387269895637,2024,1.0321697467488022,0,6.368240930869268,1,0.0,1.0,0.0,1.0,0
P502142,Chad APSSN,Chad,TCD,AFW,SPL,A,IPF,IDA,2024-06-21,2029-06-29,1,1,0,LIC,1,1,1,100.0,4.605170185988092,2024,1.0239561943874058,0,5.021218343600274,2,0.0,1.0,0.0,1.0,0
P502464,ASCENT Malawi,Malawi,MWI,AFE,EAE,A,IPF,IDA,2024-12-20,2030-12-31,0,1,0,LIC,1,1,1,245.8,5.504518197131935,2025,0.5256673511293635,1,6.028747433264887,2,1.0,0.0,0.0,0.0,1
P502492,AFISC,Burundi,BDI,AFE,FCI,A,IPF,IDA,2024-01-10,2026-01-31,1,1,0,LIC,1,1,1,40.0,3.6888794541139363,2024,1.4702258726899384,0,2.0588637919233403,1,0.0,0.0,0.0,1.0,0
P502565,Liberia RIGDPF1,Liberia,LBR,AFW,MTI,A,DPL,IDA,2024-12-05,2027-12-31,0,1,0,LIC,0,1,1,60.0,4.0943445622221,2025,0.5667351129363449,1,3.0691307323750854,1,0.0,0.0,0.0,1.0,0
P502837,Green SIEs,Türkiye,TUR,ECA,FCI,A,IPF,IBRD,2024-07-29,2028-12-31,0,0,0,UMC,1,1,0,600.0,6.396929655216146,2025,0.919917864476386,1,4.424366872005476,2,0.0,1.0,0.0,1.0,0
P502979,SISRI,Bosnia and Herzegovina,BIH,ECA,TDD,A,IPF,IBRD,2025-03-10,2030-10-31,0,0,0,UMC,1,1,0,85.0,4.442651256490317,2025,0.3066392881587953,1,5.642710472279261,2,1.0,0.0,0.0,1.0,1
P503036,Gaza Response,West Bank and Gaza,PSE,MENAAP,HNP,A,IPF,RETF,2023-12-06,2025-12-31,1,0,0,LMC,1,1,0,10.0,2.302585092994046,2024,1.566050650239562,0,2.0698151950718686,1,0.0,1.0,0.0,1.0,0
P503369,MASAR Operation,Jordan,JOR,MENAAP,EDU,A,P4R,IBRD,2024-06-27,2029-06-30,0,0,0,LMC,1,1,0,393.0,5.973809611869261,2024,1.0075290896646132,0,5.007529089664613,1,0.0,1.0,0.0,1.0,0
P503763,PH HSRP,Philippines,PHL,EAP,HNP,A,IPF,IBRD,2025-03-05,2030-06-30,0,0,0,LMC,1,1,0,495.6,6.205769149754987,2025,0.3203285420944558,1,5.319644079397673,1,0.0,1.0,0.0,1.0,0
P503776,ARISE,Mali,MLI,AFW,HNP,A,IPF,IDA,2024-06-28,2029-06-30,1,1,0,LIC,1,1,1,100.0,4.605170185988092,2024,1.0047912388774811,0,5.004791238877481,3,0.0,1.0,0.3333333333333333,1.0,0
P503941,ZRHCP,Zambia,ZMB,AFE,SOC,A,IPF,IDA,2024-09-26,2028-10-31,0,1,0,LMC,1,1,1,30.0,3.4011973816621555,2025,0.758384668035592,1,4.095824777549623,3,0.6666666666666666,0.3333333333333333,0.0,1.0,1
P503988,Mexico DPF,Mexico,MEX,LCR,MTI,A,DPL,IBRD,2024-06-03,2025-12-31,0,0,0,UMC,0,1,0,1000.0,6.907755278982137,2024,1.0732375085557837,0,1.5770020533880904,3,0.0,1.0,0.0,1.0,0
P504033,CR P4R AGF,Costa Rica,CRI,LCR,AGR,A,P4R,IBRD,2025-05-02,2031-05-27,0,0,0,HIC,0,1,0,120.0,4.787491742782046,2025,0.16153319644079397,1,6.067077344284736,3,0.0,0.0,0.0,1.0,0
P504170,SGBWSP,Lebanon,LBN,MENAAP,WAT,A,IPF,IBRD,2025-01-14,2032-12-31,1,0,0,LMC,1,1,0,257.8,5.552184090505087,2025,0.45722108145106094,1,7.96167008898015,4,0.0,0.5,0.0,1.0,0
P504220,EMERGe,Afghanistan,AFG,MENAAP,FCI,A,IPF,RETF,2024-03-27,2025-12-31,1,1,0,LIC,1,1,0,16.0,2.772588722239781,2024,1.2594113620807665,0,1.7631759069130732,1,0.0,0.0,0.0,1.0,0
P504253,BR Pro-Roads SC,Brazil,BRA,LCR,TDD,A,IPF,IBRD,2025-02-27,2034-03-31,0,0,0,UMC,1,1,0,300.0,5.703782474656201,2025,0.33675564681724846,1,9.086926762491444,2,0.0,0.0,0.0,1.0,0
P504278,SMORE,Moldova,MDA,ECA,URS,A,IPF,IBRD,2024-09-05,2029-09-30,0,0,0,UMC,1,1,0,40.0,3.6888794541139363,2025,0.8158795345653662,1,5.06776180698152,2,0.0,1.0,0.0,1.0,0
P504281,INSPIRER,Ethiopia,ETH,AFE,HNP,A,IPF,IDA,2025-01-16,2029-06-30,1,1,0,Unknown,1,1,1,60.0,4.0943445622221,2025,0.4517453798767967,1,4.4517453798767965,2,0.0,1.0,0.0,1.0,0
P504282,Armenia TRIP,Armenia,ARM,ECA,URS,A,IPF,IBRD,2025-04-17,2030-08-31,0,0,0,UMC,1,1,0,100.2,4.607168188650764,2025,0.2026009582477755,1,5.371663244353183,2,0.0,1.0,0.0,1.0,0
P504398,ID Targeting II,Morocco,MAR,MENAAP,SPL,A,IPF,IBRD,2024-12-04,2028-12-31,0,0,0,LMC,1,1,0,70.0,4.248495242049359,2025,0.5694729637234771,1,4.073921971252567,2,0.0,1.0,0.0,0.5,0
P504400,GRRR (Guayas),Ecuador,ECU,LCR,TDD,A,IPF,IBRD,2024-09-13,2029-12-31,0,0,0,UMC,1,1,0,100.0,4.605170185988092,2025,0.7939767282683093,1,5.297741273100616,2,0.0,0.0,0.0,1.0,0
P504531,Burundi - HEPRR,Burundi,BDI,AFE,HNP,A,IPF,IDA,2024-03-30,2029-06-30,1,1,0,LIC,1,1,1,50.0,3.912023005428146,2024,1.2511978097193703,0,5.25119780971937,1,0.0,1.0,1.0,1.0,0
P504532,DRC - HEPRR,"Congo, Democratic Republic of",COD,AFE,HNP,A,IPF,IDA,2024-03-30,2029-03-31,1,1,0,LIC,1,1,1,250.0,5.521460917862246,2024,1.2511978097193703,0,5.002053388090349,1,0.0,0.0,0.0,1.0,0
P504629,SHARE,Sudan,SDN,AFE,HNP,A,IPF,IDA,2024-12-13,2027-01-31,1,1,0,LIC,1,1,1,82.0,4.406719247264253,2025,0.5448323066392882,1,2.132785763175907,3,0.0,1.0,0.0,1.0,0
P504691,Comoros NWRP,Comoros,COM,AFE,WAT,A,IPF,IDA,2024-06-20,2029-06-29,1,1,1,LMC,1,1,1,20.0,2.995732273553991,2024,1.0266940451745379,0,5.023956194387406,1,0.0,1.0,0.0,1.0,0
P504693,NGR BHCPP,Nigeria,NGA,AFW,HNP,A,P4R,IDA,2024-09-26,2029-06-30,1,0,0,LMC,1,1,1,500.0,6.214608098422191,2025,0.758384668035592,1,4.758384668035592,3,0.0,0.6666666666666666,0.0,1.0,0
P504764,Rwanda HEPRR,Rwanda,RWA,AFE,HNP,A,IPF,IDA,2024-05-24,2030-03-31,0,1,0,LIC,1,1,1,120.0,4.787491742782046,2024,1.1006160164271048,0,5.8507871321013,2,0.0,1.0,1.0,1.0,0
P504999,DRIVE Ukraine,Ukraine,UKR,ECA,TDD,A,IPF,IBRD,2025-03-28,2028-12-31,1,0,0,UMC,1,1,0,421.75,6.044412721426077,2025,0.25735797399041754,1,3.761806981519507,2,0.0,0.0,0.0,1.0,0
P505025,Mali CRISP,Mali,MLI,AFW,SOC,A,IPF,IDA,2024-11-14,2028-11-30,1,1,0,LIC,1,1,1,150.0,5.0106352940962555,2025,0.6242299794661191,1,4.043805612594114,3,0.3333333333333333,0.6666666666666666,0.0,1.0,1
P505095,DMAP,Malawi,MWI,AFE,DDT,A,IPF,IDA,2024-06-27,2030-10-31,0,1,0,LIC,1,1,1,70.0,4.248495242049359,2024,1.0075290896646132,0,6.3436002737850785,2,0.0,1.0,0.0,1.0,0
P505118,Jordan HC,Jordan,JOR,MENAAP,HNP,A,DPL,IBRD,2024-06-27,2025-12-31,0,0,0,LMC,0,1,0,300.0,5.703782474656201,2024,1.0075290896646132,0,1.51129363449692,2,0.0,0.0,0.0,0.0,0
P505158,AYEOP,Angola,AGO,AFE,SPL,A,IPF,IBRD,2025-03-20,2029-07-31,0,1,0,LMC,1,1,0,250.0,5.521460917862246,2025,0.2792607802874743,1,4.3641341546885695,4,0.5,0.5,0.0,1.0,1
P505188,Zambia HEPRR,Zambia,ZMB,AFE,HNP,A,IPF,IDA,2024-06-13,2029-06-30,0,1,0,LMC,1,1,1,50.0,3.912023005428146,2024,1.0458590006844628,0,5.045859000684462,1,0.0,1.0,0.0,1.0,0
P505267,LCASHIP,China,CHN,EAP,AGR,A,P4R,IBRD,2025-05-02,2030-06-30,0,0,0,UMC,0,1,0,150.0,5.0106352940962555,2025,0.16153319644079397,1,5.160848733744011,2,1.0,0.0,0.0,1.0,1
P505590,MS Pro-Roads,Brazil,BRA,LCR,TDD,A,IPF,IBRD,2025-04-10,2034-03-31,0,0,0,UMC,1,1,0,200.0,5.298317366548036,2025,0.22176591375770022,1,8.971937029431896,2,0.0,0.0,0.0,1.0,0
P505643,KR SF4MSMEs,Kyrgyz Republic,KGZ,ECA,FCI,A,IPF,IDA,2025-04-18,2030-12-31,0,0,0,LMC,1,1,1,120.0,4.787491742782046,2025,0.1998631074606434,1,5.702943189596167,5,0.0,1.0,0.0,1.0,0
P505675,Argentina ECD,Argentina,ARG,LCR,SPL,A,IPF,IBRD,2024-11-27,2029-12-28,0,0,0,UMC,1,1,0,500.0,6.214608098422191,2025,0.5886379192334018,1,5.084188911704312,1,0.0,1.0,0.0,1.0,0
P505963,SANAD,Sudan,SDN,AFE,SPL,A,IPF,IDA,2024-12-13,2026-12-31,1,1,0,LIC,1,1,1,100.0,4.605170185988092,2025,0.5448323066392882,1,2.0479123887748116,5,0.0,1.0,0.0,1.0,0
P506072,GUEST Project,Guinea,GIN,AFW,HNP,A,IPF,IDA,2024-09-23,2029-12-31,0,1,0,LMC,1,1,1,85.0,4.442651256490317,2025,0.7665982203969883,1,5.270362765229295,6,0.0,0.5,0.0,1.0,0
P506083,THRIVE,Ukraine,UKR,ECA,HNP,A,P4R,IBRD,2024-12-09,2028-03-30,1,0,0,UMC,1,1,0,449.0,6.1070228877422545,2025,0.5557837097878165,1,3.3045859000684463,2,0.0,0.5,0.0,0.5,0
P506272,Water Security,India,IND,SAR,WAT,A,P4R,IBRD,2025-06-23,2030-12-31,0,0,0,LMC,0,1,0,426.0,6.054439346269371,2025,0.019164955509924708,1,5.522245037645448,4,0.0,1.0,0.0,1.0,0
P506285,VAN DPF Cat DDO,Vanuatu,VUT,EAP,MTI,A,DPL,IDA,2025-01-14,2028-01-13,0,0,1,LMC,0,1,1,30.0,3.4011973816621555,2025,0.45722108145106094,1,2.9952087611225187,1,0.0,1.0,0.0,1.0,0
P506321,Bahia SIP DPL,Brazil,BRA,LCR,EAE,A,DPL,IBRD,2025-04-29,2027-02-26,0,0,0,UMC,0,1,0,200.0,5.298317366548036,2025,0.1697467488021903,1,1.8288843258042438,2,0.0,1.0,0.0,1.0,0
P506356,TUV DPF2,Tuvalu,TUV,EAP,MTI,A,DPL,IDA,2025-02-28,2026-02-27,1,1,1,UMC,0,1,1,7.0,1.9459101490553132,2025,0.33401779603011633,1,0.9965776865160849,1,0.0,0.0,0.0,1.0,0
P506443,Mauritania PSE,Mauritania,MRT,AFW,GOV,A,P4R,IDA,2025-06-03,2030-12-31,0,1,0,LMC,1,1,1,50.0,3.912023005428146,2025,0.07392197125256673,1,5.577002053388091,1,0.0,0.0,0.0,1.0,0
P506528,Burkina F HC PP,Burkina Faso,BFA,AFW,GOV,A,IPF,IDA,2024-09-19,2026-12-31,1,1,0,LIC,1,1,1,100.4,4.609162207257629,2025,0.7775496235455168,1,2.2806297056810405,2,0.0,1.0,0.0,0.0,0
P506611,TDF,Tajikistan,TJK,ECA,DDT,A,IPF,IDA,2024-12-17,2030-12-13,0,0,0,LMC,1,1,1,30.0,3.4011973816621555,2025,0.5338809034907598,1,5.987679671457905,3,0.6666666666666666,0.0,0.0,1.0,1
P506815,PACT2,"Congo, Democratic Republic of",COD,AFE,TDD,A,IPF,IDA,2025-05-29,2030-07-31,1,1,0,LIC,1,1,1,440.2,6.087229169092361,2025,0.08761122518822724,1,5.171800136892539,2,0.0,1.0,0.0,1.0,0
P506825,RNR Jobs,Bhutan,BTN,SAR,AGR,A,IPF,IDA,2025-06-11,2030-09-30,0,0,0,LMC,1,1,1,29.8342,3.3956553864700783,2025,0.05201916495550993,1,5.30321697467488,10,0.2,0.4,0.0,1.0,1
P506846,SEPT,Argentina,ARG,LCR,TDD,A,IPF,IBRD,2024-11-19,2027-12-30,0,0,0,UMC,1,1,0,500.0,6.214608098422191,2025,0.6105407255304586,1,3.1101984941820673,1,0.0,1.0,0.0,1.0,0
P506960,Seychelles DPO1,Seychelles,SYC,AFE,MTI,A,DPL,IBRD,2024-11-27,2025-12-31,0,0,1,HIC,0,1,0,15.0,2.70805020110221,2025,0.5886379192334018,1,1.0924024640657084,1,1.0,0.0,0.0,1.0,1
P506969,DJI ICRP,Djibouti,DJI,MENAAP,ENV,A,IPF,IDA,2025-03-14,2029-06-30,0,1,0,LMC,1,1,1,31.0,3.4339872044851463,2025,0.29568788501026694,1,4.295687885010267,6,0.3333333333333333,0.5,0.0,1.0,1
P506997,TIMP2,Türkiye,TUR,ECA,WAT,A,IPF,IBRD,2025-06-02,2031-12-31,0,0,0,UMC,1,1,0,819.0,6.70808408385307,2025,0.07665982203969883,1,6.579055441478439,1,0.0,1.0,0.0,1.0,0
P507001,HOPE Education,Nigeria,NGA,AFW,EDU,A,P4R,IDA,2025-03-31,2030-02-28,1,0,0,LMC,1,1,1,500.0,6.214608098422191,2025,0.24914442162902123,1,4.914442162902122,1,0.0,1.0,0.0,1.0,0
P507116,ZM DPF CAT-DDO,Zambia,ZMB,AFE,MTI,A,DPL,IDA,2024-12-18,2027-12-31,0,1,0,LMC,0,1,1,100.0,4.605170185988092,2025,0.5311430527036276,1,3.033538672142368,1,0.0,1.0,0.0,1.0,0
P507190,BERRP,Barbados,BRB,LCR,URS,A,IPF,IBRD,2024-11-21,2030-12-31,0,0,1,HIC,1,1,0,54.0,3.9889840465642745,2025,0.6050650239561944,1,6.108145106091718,2,0.0,1.0,0.0,1.0,0
P507248,MA: 3rd HC DPF,Morocco,MAR,MENAAP,HNP,A,DPL,IBRD,2025-03-19,2026-09-30,0,0,0,LMC,0,1,0,600.0,6.396929655216146,2025,0.28199863107460643,1,1.5331964407939767,1,0.0,1.0,0.0,1.0,0
P507276,FEC-2,Türkiye,TUR,ECA,SPL,A,IPF,IBRD,2025-03-31,2031-03-31,0,0,0,UMC,1,1,0,500.0,6.214608098422191,2025,0.24914442162902123,1,5.9986310746064335,3,0.0,1.0,0.0,1.0,0
P507282,IREM Project,Iraq,IRQ,MENAAP,TDD,A,IPF,IBRD,2025-06-24,2032-06-30,1,0,0,UMC,1,1,0,930.0,6.835184586147301,2025,0.01642710472279261,1,7.017111567419575,2,0.0,0.0,0.0,1.0,0
P507316,BERRy,St. Vincent and the Grenadines,VCT,LCR,URS,A,IPF,IDA,2024-10-11,2031-10-30,0,0,1,UMC,1,1,1,63.0,4.143134726391533,2025,0.7173169062286106,1,7.049965776865161,5,0.0,1.0,0.0,1.0,0
P507373,SP3 project,Morocco,MAR,MENAAP,SPL,A,IPF,IBRD,2025-06-18,2030-06-30,0,0,0,LMC,1,1,0,250.0,5.521460917862246,2025,0.03285420944558522,1,5.032169746748802,2,0.0,1.0,0.0,0.5,0
P507382,Growth DPF,Jordan,JOR,MENAAP,FCI,A,DPL,IBRD,2025-03-31,2026-09-30,0,0,0,LMC,0,1,0,400.0,5.991464547107982,2025,0.24914442162902123,1,1.5003422313483916,2,1.0,0.0,0.0,1.0,1
P507508,Amaravati PforR,India,IND,SAR,URS,A,P4R,IBRD,2024-12-19,2029-12-31,0,0,0,LMC,0,1,0,800.0,6.684611727667927,2025,0.5284052019164955,1,5.032169746748802,6,0.6666666666666666,0.0,0.0,1.0,1
P507512,GRADES-B,Pakistan,PAK,MENAAP,EDU,A,IPF,IDA,2025-06-24,2030-06-28,0,0,0,LMC,1,1,1,100.0,4.605170185988092,2025,0.01642710472279261,1,5.0102669404517455,6,0.0,1.0,0.0,1.0,0
P507516,BIMP-III,Nepal,NPL,SAR,TDD,A,P4R,IDA,2025-03-28,2030-06-28,0,1,0,LMC,1,1,1,150.0,5.0106352940962555,2025,0.25735797399041754,1,5.25119780971937,2,0.0,1.0,0.0,1.0,0
P507576,Moldova DPO,Moldova,MDA,ECA,MTI,A,DPL,IBRD,2025-05-08,2026-06-30,0,0,0,UMC,0,1,0,90.0,4.499809670330265,2025,0.14510609171800137,1,1.1444216290212184,3,0.6666666666666666,0.3333333333333333,0.0,0.6666666666666666,1
P507684,Jordan ISSF 2.0,Jordan,JOR,MENAAP,FCI,A,IPF,IBRD,2025-03-31,2030-07-31,0,0,0,LMC,1,1,0,50.0,3.912023005428146,2025,0.24914442162902123,1,5.333333333333333,5,0.4,0.6,0.0,1.0,1
P507759,ASCENT Moz,Mozambique,MOZ,AFE,EAE,A,IPF,IDA,2025-03-21,2030-12-31,1,1,0,LIC,1,1,1,100.0,4.605170185988092,2025,0.27652292950034224,1,5.779603011635865,2,0.0,0.0,0.0,1.0,0
P507881,Kosovo Finance,Kosovo,XKX,ECA,FCI,A,IPF,IDA,2025-01-16,2030-06-30,0,0,0,UMC,1,1,1,52.0,3.9512437185814275,2025,0.4517453798767967,1,5.451060917180014,4,0.0,1.0,0.0,0.0,0
P507912,TZ DPF Cat DDO,Tanzania,TZA,AFE,URS,A,DPL,IDA,2025-06-05,2028-06-04,0,1,0,LMC,0,1,1,300.0,5.703782474656201,2025,0.06844626967830253,1,2.9979466119096507,2,0.0,1.0,0.0,1.0,0
P507921,Mali-NSS,Mali,MLI,AFW,TDD,A,IPF,IDA,2025-05-28,2030-10-31,1,1,0,LIC,1,1,1,219.8,5.392718041969521,2025,0.09034907597535935,1,5.426420260095825,2,1.0,0.0,0.0,1.0,1
P507935,ANRiN 2.0,Nigeria,NGA,AFW,HNP,A,IPF,IDA,2025-03-31,2026-12-31,1,0,0,LMC,1,1,1,80.0,4.382026634673881,2025,0.24914442162902123,1,1.7522245037645447,1,0.0,1.0,0.0,1.0,0
P508006,SCORE,Myanmar,MMR,EAP,SOC,A,IPF,IDA,2025-05-29,2029-06-30,1,1,0,LMC,1,1,1,52.5,3.960813169597578,2025,0.08761122518822724,1,4.087611225188227,2,0.0,1.0,0.0,1.0,0
P508058,B-STRONG,Bangladesh,BGD,SAR,URS,A,IPF,IDA,2025-05-14,2030-12-31,0,1,0,LMC,1,1,1,270.0,5.598421958998375,2025,0.12867898699520877,1,5.631759069130732,7,0.42857142857142855,0.5714285714285714,0.0,1.0,1
P508089,Myanmar HANS,Myanmar,MMR,EAP,HNP,A,IPF,IDA,2025-05-29,2027-12-31,1,1,0,LMC,1,1,1,40.0,3.6888794541139363,2025,0.08761122518822724,1,2.5900068446269677,3,0.0,1.0,0.0,1.0,0
P508124,WISE MPA,Armenia,ARM,ECA,WAT,A,IPF,IBRD,2025-06-13,2031-06-30,0,0,0,UMC,1,1,0,80.0,4.382026634673881,2025,0.04654346338124572,1,6.04517453798768,3,0.0,1.0,0.0,1.0,0
P508182,GFM2,Benin,BEN,AFW,ENV,A,IPF,IDA,2025-04-30,2032-07-31,0,1,0,LMC,1,1,1,80.7,4.390738575275903,2025,0.16700889801505817,1,7.252566735112937,8,0.5,0.5,0.0,0.75,1
P508519,SSPIRIT,Bangladesh,BGD,SAR,SPL,A,IPF,IDA,2025-03-26,2030-06-30,0,1,0,LMC,1,1,1,200.0,5.298317366548036,2025,0.26283367556468173,1,5.262149212867898,3,0.0,1.0,0.0,0.6666666666666666,0
P508608,Kyrgyz DPO-1,Kyrgyz Republic,KGZ,ECA,MTI,A,DPL,IDA,2025-06-20,2027-12-31,0,0,0,LMC,0,1,1,101.5,4.620058798481842,2025,0.02737850787132101,1,2.529774127310062,2,0.0,0.0,0.0,0.0,0
P508708,RSSP-JO,Jordan,JOR,MENAAP,SPL,A,P4R,IBRD,2025-03-31,2029-03-31,0,0,0,LMC,0,1,0,400.0,5.991464547107982,2025,0.24914442162902123,1,4.0,2,0.0,1.0,0.0,0.5,0
P508960,ASCENT Eswatini,Eswatini,SWZ,AFE,EAE,A,IPF,IBRD,2025-02-05,2030-12-31,0,0,0,LMC,1,1,0,90.0,4.499809670330265,2025,0.39698836413415467,1,5.900068446269678,4,0.5,0.5,0.0,1.0,1
P509222,SCDDO,"Somalia, Federal Republic of",SOM,AFE,URS,A,DPL,IDA,2025-05-23,2028-08-31,1,1,0,LIC,0,1,1,20.0,2.995732273553991,2025,0.10403832991101986,1,3.274469541409993,1,0.0,1.0,0.0,1.0,0
P509250,USHD,Uzbekistan,UZB,ECA,EAE,A,IPF,IDA,2025-06-12,2030-06-28,0,0,0,LMC,1,1,1,150.0,5.0106352940962555,2025,0.049281314168377825,1,5.04312114989733,2,0.0,0.0,0.0,1.0,0
P509428,LEAP,Lebanon,LBN,MENAAP,URS,A,IPF,IBRD,2025-06-24,2030-12-31,1,0,0,LMC,1,1,0,250.0,5.521460917862246,2025,0.01642710472279261,1,5.519507186858316,2,0.0,1.0,0.0,1.0,0
P509550,ZWSSGC,Zambia,ZMB,AFE,WAT,A,P4R,IDA,2025-04-14,2030-12-31,0,1,0,LMC,1,1,1,33.0,3.4965075614664802,2025,0.2108145106091718,1,5.713894592744696,2,0.0,1.0,0.0,1.0,0
P509601,Niger RCF,Niger,NER,AFW,GOV,A,IPF,IDA,2025-06-05,2027-12-31,1,1,0,LIC,1,1,1,220.0,5.393627546352362,2025,0.06844626967830253,1,2.5708418891170433,1,0.0,1.0,0.0,1.0,0
P509677,Jya Mbere II,Rwanda,RWA,AFE,SOC,A,IPF,IDA,2025-06-25,2030-12-31,0,1,0,LIC,1,1,1,66.7,4.200204952921578,2025,0.013689253935660506,1,5.516769336071184,2,0.0,1.0,0.0,1.0,0
P509738,KEWASIP,Kenya,KEN,AFE,ENV,A,IPF,IDA,2025-06-12,2030-12-31,0,0,0,LMC,1,1,1,200.0,5.298317366548036,2025,0.049281314168377825,1,5.552361396303901,2,1.0,0.0,0.0,1.0,1
P509890,UWSP,Mozambique,MOZ,AFE,WAT,A,IPF,IDA,2025-06-17,2030-12-31,1,1,0,LIC,1,1,1,143.0,4.962844630259907,2025,0.03559206023271732,1,5.538672142368241,2,0.0,1.0,0.0,1.0,0
P510382,M300 PCF,Western and Central Africa,,AFW,EAE,A,IPF,IDA,2025-06-23,2030-12-30,0,0,0,Unknown,1,1,1,25.0,3.2188758248682006,2025,0.019164955509924708,1,5.519507186858316,3,0.0,1.0,0.0,1.0,0
P510427,TRACER MOZ SOP2,Mozambique,MOZ,AFE,TDD,A,IPF,IDA,2025-06-23,2030-06-30,1,1,0,LIC,1,1,1,123.3,4.814620410170298,2025,0.019164955509924708,1,5.018480492813142,2,0.0,0.0,0.0,1.0,0
P511201,SGIR,Bangladesh,BGD,SAR,MTI,A,DPL,IDA,2025-06-20,2026-06-30,0,1,0,LMC,0,1,1,500.0,6.214608098422191,2025,0.02737850787132101,1,1.0266940451745379,2,0.0,0.0,0.0,1.0,0
P511407,SEEP,Syrian Arab Republic,SYR,MENAAP,EAE,A,IPF,IDA,2025-06-24,2029-12-31,1,0,0,LIC,1,1,1,146.0,4.983606621708336,2025,0.01642710472279261,1,4.520191649555099,2,0.0,0.0,0.0,1.0,0
P511453,GNEAP-2,Guinea,GIN,AFW,EAE,A,IPF,IDA,2025-06-30,2030-06-30,0,1,0,LMC,1,1,1,132.3,4.88507207112091,2025,0.0,1,4.999315537303217,2,0.0,1.0,0.0,1.0,0
