result_id,project_id,indicator_id,indicator_text,unit,family,family_label,method,covid,ind_type,baseline_raw,progress_raw,target_raw,conv_factor,target_conv_factor,baseline_calc,progress_calc,target_calc,achieved_m,expected_m,achieved_ida,achieved_ibrd,double_counted,raw_progress_zero,not_reproducible,elapsed,progress_ratio,progress_date,project_name,country,country_code,region,dept,status,instrument,financier,approval,closing,fcv,ldc,sids,income,disability_incl,active,ida,commitment_musd,log_commit,approval_fy,years_since_approval,post_scorecard,planned_years,rank_achieved
1,P175167,IN00025734,"People receiving quality health, nutrition, and population services",Number of people,aggregate,Aggregate HNP service count,adjusted,0,reach,0.0,38805457.0,42783016.0,0.96,0.96,0.0,37253238.72,41071695.36,37.25323872,41.07169536,37253238.72,0.0,0,0,0,0.6447876447876448,0.9070294857192863,2025-03-27,Ethiopia PforR  SPHCS,Ethiopia,ETH,AFE,HNP,A,P4R,IDA,2022-12-13,2026-06-30,1,1,0,Unknown,1,1,1,370.0000305,5.913503088070699,2023,2.546201232032854,0,3.5455167693360714,1
2,P180811,IN00003245,"Number of annual outpatient visits, disaggregated by gender",Number,outpatient,Outpatient visits and consultations,unit,0,reach,0.0,0.0,0.0,0.29154519,0.29154519,86110374.0,115484413.0,107637967.0,29.374039,21.527593,0.0,29374039.0,0,1,1,0.22058099458394878,1.3644832006996788,2025-02-28,ID HSS Project,Indonesia,IDN,EAP,HNP,A,IPF,IBRD,2023-12-08,2029-06-30,0,0,0,UMC,1,1,0,1484.0,7.302496423727326,2024,1.5605749486652978,0,5.560574948665297,2
3,P164696,IN01375910,"People who have received essential health, nutrition, and population (HNP) services",Number,aggregate,Aggregate HNP service count,direct,0,reach,0.0,21342846.0,21241392.0,1.0,1.0,0.0,21342846.0,21241392.0,21.342846,21.241392,21342846.0,0.0,0,0,0,1.0,1.0047762406531549,2024-06-30,Health Services Reinforcement Project,Burkina Faso,BFA,AFW,HNP,C,IPF,IDA,2018-07-06,2024-06-28,1,1,0,LIC,0,0,1,80.0,4.382026634673881,2019,6.98425735797399,0,5.979466119096509,3
4,P174352,IN01373487,"Percentage of priority population vaccinated based on the targets defined in national plan, disaggregated by gender.",Percentage,vaccination,Vaccination (incl. COVID-19),coverage,0,outcome,0.0,35.0,60.0,457000.0,457000.0,0.0,15995000.0,27420000.0,15.995,27.42,15995000.0,0.0,0,0,0,1.0,0.5833333333333334,2023-12-31,Sudan COVID-19 Response Project,Sudan,SDN,AFE,HNP,C,IPF,RETF,2020-09-30,2023-12-31,1,1,0,LIC,1,0,0,29.90035605,3.3978703883524966,2021,4.747433264887063,0,3.249828884325804,4
5,P178775,IN01413421,"People receiving quality health, nutrition, and population services",Number,aggregate,Aggregate HNP service count,direct,0,reach,0.0,15151665.0,16524720.0,1.0,1.0,0.0,15151665.0,16524720.0,15.151665,16.52472,15151665.0,0.0,0,0,0,0.5684669939989089,0.9169090308338054,2025-03-31,Afghanistan Health Emergency Response,Afghanistan,AFG,MENAAP,HNP,A,IPF,IDA,2022-05-24,2027-05-31,1,1,0,LIC,1,1,1,160.0,5.075173815233827,2022,3.1019849418206706,0,5.018480492813142,5
6,P178252,IN01411765,Increased population-based screening for key NCDs,Percentage,ncd_screening,"Screening (NCDs, mental health)",coverage,0,reach,15.0,57.21,50.0,352260.0,352260.0,5283900.0,20152794.6,17613000.0,14.868894599999999,12.3291,0.0,14868894.6,0,0,0,0.27601585728444006,1.206,2024-03-31,SRESTHA Gujarat Program,India,IND,SAR,HNP,A,P4R,IBRD,2022-09-21,2028-03-31,0,0,0,LMC,0,1,0,350.0,5.857933154483459,2023,2.7734428473648185,0,5.5249828884325805,6
7,P152799,IN01361546,Direct project beneficiaries (number),Number,aggregate,Aggregate HNP service count,direct,0,reach,0.0,12741454.0,11650000.0,1.0,1.0,0.0,12741454.0,11650000.0,12.741454,11.65,0.0,12741454.0,0,0,0,1.0,1.0936870386266095,2023-12-31,Health System Strengthening & Support,Türkiye,TUR,ECA,HNP,C,IPF,IBRD,2015-09-21,2023-12-31,0,0,0,UMC,0,0,0,134.3,4.900076103529192,2016,9.774127310061601,0,8.276522929500342,7
8,P174041,IN00037160,"Total number of people receiving quality health, nutrition and population services",Number,aggregate,Aggregate HNP service count,adjusted,0,reach,0.0,14056500.0,14579567.0,0.89,0.89,0.0,12510285.0,12975814.63,12.510285,12.97581463,12510285.0,0.0,0,0,0,0.9663169519602429,0.9641232829479778,2025-04-30,Uganda COVID-19 Response Project,Uganda,UGA,AFE,HNP,C,IPF,IDA,2020-07-15,2025-06-30,0,1,0,LIC,1,0,1,176.8,5.175019150203543,2021,4.958247775496235,0,4.958247775496235,8
9,P173825,IN01418293,"Percentage of population vaccinated, which is included in the priority population targets defined in national plan [by gender]), with a target of 25%.",Percentage,vaccination,Vaccination (incl. COVID-19),coverage,0,outcome,0.0,36.0,25.0,341400.0,341400.0,0.0,12290400.0,8535000.0,12.2904,8.535,12290400.0,0.0,0,0,0,0.9025806451612903,1.44,2024-01-31,DRC  - COVID-19 Project,"Congo, Democratic Republic of",COD,AFE,HNP,C,IPF,IDA,2020-04-02,2024-06-30,1,1,0,LIC,1,0,1,247.2,5.510197725583535,2020,5.242984257357974,0,4.243668720054757,9
10,P173820,IN01419849,Percentage of population fully vaccinated as targeted in national plan (by gender),Percentage,vaccination,Vaccination (incl. COVID-19),coverage,0,outcome,0.0,40.0,54.0,305000.0,305000.0,0.0,12200000.0,16470000.0,12.2,16.47,12200000.0,0.0,0,0,0,0.8693994280266921,0.7407407407407407,2025-03-31,KENYA COVID-19 EMERGENCY RESPONSE PROJEC,Kenya,KEN,AFE,HNP,A,IPF,IDA,2020-04-02,2025-12-30,0,0,0,LMC,1,1,1,185.14520709,5.221140420392097,2020,5.242984257357974,0,5.7440109514031485,10
11,P173855,IN01431456,"Percentage of the population fully vaccinated which is included in the priority population targets as defined in the national plan disaggregated by sex, age group and location.",Percentage,vaccination,Vaccination (incl. COVID-19),coverage,0,outcome,0.0,79.9,80.0,132463.94,132463.94,0.0,10583868.806000002,10597115.2,10.58386881,10.5971152,10583868.81,0.0,0,0,0,0.737696335078534,0.9987500003774613,2024-02-15,wanda COVID-19 Emergency Response,Rwanda,RWA,AFE,HNP,C,IPF,IDA,2020-04-07,2025-06-30,0,1,0,LIC,1,0,1,76.24999836,4.334017393979324,2020,5.229295003422314,0,5.229295003422314,11
12,P167156,IN01427360,"People who have received essential health, nutrition, and population (HNP) services",Number,aggregate,Aggregate HNP service count,direct,0,reach,7282079.0,16390000.0,14000000.0,1.0,1.0,7282079.0,16390000.0,14000000.0,9.107921,6.717921,9107921.0,0.0,0,0,0,0.9001399906672889,1.3557648266480062,2025-05-31,NG Child Health for Human Capital MPA,Nigeria,NGA,AFW,HNP,A,IPF,IDA,2020-02-18,2025-12-31,1,0,0,LMC,0,1,1,650.0,6.476972362889683,2020,5.363449691991787,0,5.867214236824093,12
13,P176630,IN01371293,"Percentage (%) of population vaccinated, which is included in the priority population targets defined in the national plan [disaggregated by sex].",Percentage,vaccination,Vaccination (incl. COVID-19),coverage,0,outcome,1.8,51.0,48.0,177000.0,177000.0,318600.0,9027000.0,8496000.0,8.7084,8.1774,0.0,8708400.0,0,0,0,0.8700927908636689,1.0649350649350648,2024-11-29,Angola COVID-19 SPRP,Angola,AGO,AFE,HNP,C,IPF,IBRD,2021-07-29,2025-05-30,0,1,0,LMC,1,0,0,150.0,5.0106352940962555,2022,3.920602327173169,0,3.8357289527720737,13
14,P176570,IN01427859,"People who have received essential health, nutrition, and population (HNP) services",Number,aggregate,Aggregate HNP service count,adjusted,0,reach,0.0,10645447.0,14567616.0,0.77,0.77,0.0,8196994.19,11217064.32,8.19699419,11.21706432,8196994.19,0.0,0,0,0,0.6502487562189054,0.7307610936477184,2025-01-27,RY: Yemen Emergency Human Capital Proj,"Yemen, Republic of",YEM,MENAAP,HNP,A,IPF,IDA,2021-06-30,2026-12-31,1,1,0,LIC,1,1,1,592.0,6.3835066348840055,2021,4.0,0,5.503080082135524,14
15,P179550,IN01352238,"People receiving essential health, nutrition, and population services",Number,aggregate,Aggregate HNP service count,direct,0,reach,1548614.0,8641663.0,10000000.0,1.0,1.0,1548614.0,8641663.0,10000000.0,7.093049,8.451386,7093049.0,0.0,0,0,0,0.38368910782703886,0.8392764216425567,2025-05-31,CIV Human Capital Project,Cote d'Ivoire,CIV,AFW,HNP,A,IPF,IDA,2023-06-30,2028-06-30,0,0,0,LMC,1,1,1,279.0,5.631211781821365,2023,2.001368925393566,0,5.002053388090349,15
16,P172504,IN01382415,"People who have received essential health, nutrition, and population (HNP) services",Number,aggregate,Aggregate HNP service count,direct,0,reach,410109.0,6866212.0,1598000.0,1.0,1.0,410109.0,6866212.0,1598000.0,6.456103,1.187891,6456103.0,0.0,0,0,0,0.6756208819057273,5.434928793971838,2025-03-31,HSPSP,Chad,TCD,AFW,HNP,A,IPF,IDA,2021-08-06,2026-12-31,1,1,0,LIC,1,1,1,240.0,5.480638923341991,2022,3.898699520876112,0,5.401779603011636,16
17,P125229,IN01374993,"People who have received essential health, nutrition, and population (HNP) services",Number,aggregate,Aggregate HNP service count,direct,0,reach,0.0,5906403.0,4847512.0,1.0,1.0,0.0,5906403.0,4847512.0,5.906403,4.847512,0.0,0.0,0,0,0,1.0,1.2184400987558153,2024-03-31,ZW-Health Sector Development Proj (FY12),Zimbabwe,ZWE,AFE,HNP,C,IPF,RETF,2011-09-29,2024-03-31,1,0,0,LMC,0,0,0,78.0,4.356708826689592,2012,13.752224503764545,0,12.503764544832306,17
18,P175884,IN01405146,"Percentage of priority population fully vaccinated against COVID-19, based on the targets defined in national plan [disaggregated by sex]",Percentage,vaccination,Vaccination (incl. COVID-19),coverage,1,outcome,0.0,100.0,50.0,45724.0,45724.0,0.0,4572400.0,2286200.0,4.5724,2.2862,4572400.0,0.0,0,0,0,0.8379341050756901,2.0,2023-12-31,COVID-19 Response Project,Mozambique,MOZ,AFE,HNP,C,IPF,IDA,2021-06-03,2024-06-30,1,1,0,LIC,1,0,1,156.61345911,5.053780725649016,2021,4.073921971252567,0,3.07460643394935,18
19,P159213,IN01322693,"People who have received essential health, nutrition, and population (HNP) services",Number,aggregate,Aggregate HNP service count,direct,0,reach,0.0,4493037.0,680000.0,1.0,1.0,0.0,4493037.0,680000.0,4.493037,0.68,0.0,4493037.0,0,0,0,0.7265273737106586,6.607407352941176,2024-09-30,Crecer Sano,Guatemala,GTM,LCR,HNP,A,IPF,IBRD,2017-03-24,2027-07-31,0,0,0,UMC,0,1,0,100.0,4.605170185988092,2017,8.268309377138946,0,10.351813826146476,19
20,P175884,IN01405163,"People who have received essential health, nutrition, and population (HNP) services",Number,aggregate,Aggregate HNP service count,direct,0,reach,0.0,4030110.0,9258884.0,1.0,1.0,0.0,4030110.0,9258884.0,4.03011,9.258884,4030110.0,0.0,0,0,0,0.8379341050756901,0.435269520603131,2023-12-31,COVID-19 Response Project,Mozambique,MOZ,AFE,HNP,C,IPF,IDA,2021-06-03,2024-06-30,1,1,0,LIC,1,0,1,156.61345911,5.053780725649016,2021,4.073921971252567,0,3.07460643394935,20
21,P172426,IN01342349,"People who have received essential health, nutrition, and population (HNP) services",Number,aggregate,Aggregate HNP service count,direct,0,reach,0.0,4014658.0,6727649.0,1.0,1.0,0.0,4014658.0,6727649.0,4.014658,6.727649,0.0,4014658.0,0,0,0,0.5755333043099695,0.5967401093606399,2024-01-29,EG: Support'g Universal Health Insurance,"Egypt, Arab Republic of",EGY,MENAAP,HNP,A,IPF,IBRD,2020-06-16,2026-09-30,0,0,0,LMC,1,1,0,400.0,5.991464547107982,2020,5.037645448323066,0,6.288843258042436,21
22,P176480,IN01402931,"Percentage of eligible population fully vaccinated against COVID-19, based on the targets defined in national plan",Percentage,vaccination,Vaccination (incl. COVID-19),coverage,1,outcome,0.0,83.27,65.0,48000.0,48000.0,0.0,3996960.0,3120000.0,3.99696,3.12,3996960.0,0.0,0,0,0,0.7965194109772423,1.281076923076923,2024-09-30,South Sudan Emergency COVID-19 Project,South Sudan,SSD,AFE,HNP,C,IPF,IDA,2021-06-28,2025-07-31,1,1,0,LIC,1,0,1,330.0,5.799092654460526,2021,4.005475701574264,0,4.090349075975359,22
23,P176956,IN01418912,"Percentage of population fully vaccinated, which is included in the priority population targets defined in the national plan (disaggregated by sex)",Percentage,vaccination,Vaccination (incl. COVID-19),coverage,0,outcome,0.0,47.0,27.6,81000.0,81000.0,0.0,3807000.0,2235600.0,3.807,2.2356,3807000.0,0.0,0,0,0,0.7652733118971061,1.7028985507246377,2024-12-31,Somalia COVID-19 Vaccination project,"Somalia, Federal Republic of",SOM,AFE,HNP,A,IPF,IDA,2021-09-28,2025-12-31,1,1,0,LIC,1,1,1,65.0,4.174387269895637,2022,3.753593429158111,0,4.257357973990418,23
24,P176480,IN01402937,"People who have received essential health, nutrition, and population (HNP) services",Number,aggregate,Aggregate HNP service count,direct,0,reach,0.0,3774365.0,3000000.0,1.0,1.0,0.0,3774365.0,3000000.0,3.774365,3.0,3774365.0,0.0,0,0,0,0.7965194109772423,1.2581216666666666,2024-09-30,South Sudan Emergency COVID-19 Project,South Sudan,SSD,AFE,HNP,C,IPF,IDA,2021-06-28,2025-07-31,1,1,0,LIC,1,0,1,330.0,5.799092654460526,2021,4.005475701574264,0,4.090349075975359,24
25,P174266,IN01433561,"People who have received essential health, nutrition, and population (HNP) services",Number,aggregate,Aggregate HNP service count,adjusted,0,reach,0.0,14968178.0,8947550.0,0.236406619,0.236406619,0.0,3538576.35,2115260.04,3.53857635,2.11526004,3538576.35,0.0,0,0,0,0.761727078891258,1.672880063483826,2025-02-07,Togo UHC Project,Togo,TGO,AFW,HNP,A,IPF,IDA,2021-03-11,2026-04-30,0,1,0,LIC,1,1,1,70.0,4.248495242049359,2021,4.303901437371663,0,5.136208076659822,25
26,P164771,IN01359008,"People who have received essential health, nutrition, and population (HNP) services",Number,aggregate,Aggregate HNP service count,direct,0,reach,0.0,3401269.0,2600000.0,1.0,1.0,0.0,3401269.0,2600000.0,3.401269,2.6,3401269.0,0.0,0,0,0,0.9870020964360587,1.3081803846153846,2025-05-30,Investing in the Early Years in Malawi,Malawi,MWI,AFE,HNP,C,IPF,IDA,2018-12-19,2025-06-30,0,1,0,LIC,0,0,1,50.0,3.912023005428146,2019,6.529774127310062,0,6.529774127310062,26
27,P174903,IN01312938,Number of women using a modern contraceptive method,Number,rmnch_fp,"Maternal, reproductive health and family planning",direct,0,reach,0.0,2770750.0,3200000.0,1.0,1.0,0.0,2770750.0,3200000.0,2.77075,3.2,2770750.0,0.0,0,0,0,0.5888030888030888,0.865859375,2024-09-29,Preparedness & HSS,Madagascar,MDG,AFE,HNP,A,IPF,IDA,2022-03-29,2026-06-30,0,1,0,LIC,1,1,1,93.504364,4.538008109002245,2022,3.2553045859000687,0,4.254620123203286,27
28,P165253,IN01406153,"People who have received essential health, nutrition, and population (HNP) services",Number,aggregate,Aggregate HNP service count,adjusted,0,reach,0.0,0.0,5000000.0,0.395861421,0.395861421,0.0,2532222.19,1979307.105,2.53222219,1.9793071,2532222.19,0.0,0,1,1,0.9425882352941176,1.2793478030771475,2025-02-28,Burundi EY&F (NKURIZA),Burundi,BDI,AFE,HNP,C,IPF,IDA,2019-09-05,2025-06-30,1,1,0,LIC,0,0,1,30.0,3.4011973816621555,2020,5.817932922655715,0,5.817932922655715,28
29,P164771,IN01359002,Adolescent girls aged 10-19 who received iron-folate supplementation,Number,rmnch_fp,"Maternal, reproductive health and family planning",direct,0,reach,0.0,2115582.0,1700000.0,1.0,1.0,0.0,2115582.0,1700000.0,2.115582,1.7,2115582.0,0.0,0,0,0,0.9870020964360587,1.24446,2025-05-30,Investing in the Early Years in Malawi,Malawi,MWI,AFE,HNP,C,IPF,IDA,2018-12-19,2025-06-30,0,1,0,LIC,0,0,1,50.0,3.912023005428146,2019,6.529774127310062,0,6.529774127310062,29
30,P167512,IN01350555,"People who have received essential health, nutrition, and population (HNP) services",Number,aggregate,Aggregate HNP service count,direct,0,reach,0.0,2024442.0,1900000.0,1.0,1.0,0.0,2024442.0,1900000.0,2.024442,1.9,2024442.0,0.0,0,0,0,0.7645369705671213,1.0654957894736843,2025-03-15,Strengthening PHC in HT,Haiti,HTI,LCR,HNP,A,IPF,IDA,2019-05-16,2026-12-31,1,1,1,LMC,0,1,1,75.0,4.31748811353631,2019,6.12457221081451,0,7.627652292950034,30
31,P163954,IN01382510,"People who have received essential health, nutrition, and population (HNP) services",Number,aggregate,Aggregate HNP service count,adjusted,0,reach,228000.0,2946302.0,1200000.0,0.68,0.68,155040.0,2003485.36,816000.0000000001,1.8484453600000001,0.66096,1848445.36,0.0,0,0,0,0.93058568329718,2.796606995884774,2025-06-17,Strengthening Health Service Delivery,Guinea-Bissau,GNB,AFW,HNP,A,IPF,IDA,2018-05-31,2025-12-26,1,1,1,LIC,0,1,1,25.0,3.2188758248682006,2018,7.082819986310746,0,7.572895277207392,31
32,P171767,IN01383079,"People who have received essential health, nutrition, and population (HNP) services",Number,aggregate,Aggregate HNP service count,direct,0,reach,0.0,1733253.0,6418251.0,1.0,1.0,0.0,1733253.0,6418251.0,1.733253,6.418251,1733253.0,0.0,0,0,0,0.5735064935064935,0.27005067268325905,2024-10-01,LAFIA-IYALI Girls Women Health Nutrition,Niger,NER,AFW,HNP,A,IPF,IDA,2021-09-23,2026-12-31,1,1,0,LIC,1,1,1,100.0,4.605170185988092,2022,3.7672826830937716,0,5.270362765229295,32
33,P163345,IN01398714,Percentage of eligible population with effective health coverage.,Percentage,other,Other services,coverage,0,outcome,26.7,35.0,35.0,202006.0,202006.0,5393560.2,7070210.0,7070210.0,1.6766498,1.6766498,0.0,1676649.8,0,0,0,0.9523434423001181,1.0,2024-12-30,Supporting EUHC in Argentina,Argentina,ARG,LCR,HNP,C,IPF,IBRD,2018-05-18,2025-04-30,0,0,0,UMC,0,0,0,550.0,6.309918278226516,2018,7.1184120465434635,0,6.951403148528406,33
34,P162042,IN00051464,"People who have received essential health, nutrition, and population (HNP) services (Number)",Number,aggregate,Aggregate HNP service count,adjusted,0,reach,0.0,3031514.0,2843864.0,0.5,0.5,0.0,1515757.0,1421932.0,1.515757,1.421932,1515757.0,0.0,0,0,0,0.8736888111888111,1.0659841680192865,2025-03-17,Investing in RMNCAH- GFF,Senegal,SEN,AFW,HNP,A,IPF,IDA,2019-09-26,2025-12-31,0,1,0,LMC,0,1,1,120.00000055,4.7874917473653795,2020,5.760438056125941,0,6.264202600958248,34
35,P167598,IN01433872,"People who have received essential health, nutrition, and population (HNP) services",Number,aggregate,Aggregate HNP service count,direct,0,reach,0.0,1373911.0,1350000.0,1.0,1.0,0.0,1373911.0,1350000.0,1.373911,1.35,1373911.0,0.0,0,0,0,0.6906621392190153,1.0177118518518518,2024-12-31,Primary Health Care Quality Improvement,Kyrgyz Republic,KGZ,ECA,HNP,A,P4R,IDA,2019-06-07,2027-06-30,0,0,0,LMC,1,1,1,20.0,2.995732273553991,2019,6.064339493497604,0,8.062970568104038,35
36,P144893,IN01434455,"Health facilities constructed, renovated, and/or equipped (number)",Number,facilities,Health facilities,unit,0,output,0.0,137.0,119.0,10000.0,10000.0,0.0,1370000.0,1190000.0,1.37,1.19,0.0,1370000.0,0,0,0,0.9985320023487962,1.1512605042016806,2024-06-25,"Serving People, Improving Health Project",Ukraine,UKR,ECA,HNP,C,IPF,IBRD,2015-03-04,2024-06-30,1,0,0,UMC,0,0,0,349.729837,5.857160962133959,2015,10.324435318275153,0,9.325119780971937,36
37,P175884,IN01405161,Average outpatient visits per month,Number,outpatient,Outpatient visits and consultations,unit,0,reach,2295799.0,2736174.0,3711805.0,2.836,2.836,6510885.964,7759789.464,10526678.979999999,1.2489035,4.01579302,1248903.5,0.0,0,0,0,0.8379341050756901,0.3109979756875019,2023-12-31,COVID-19 Response Project,Mozambique,MOZ,AFE,HNP,C,IPF,IDA,2021-06-03,2024-06-30,1,1,0,LIC,1,0,1,156.61345911,5.053780725649016,2021,4.073921971252567,0,3.07460643394935,37
38,P173168,IN01421390,"People who have received essential health, nutrition, and population (HNP) services",Number,aggregate,Aggregate HNP service count,adjusted,0,reach,0.0,25384250.0,10822000.0,0.219298246,0.219298246,0.0,1202925.66,2373245.61,1.20292566,2.3732456099999997,1202925.66,0.0,0,0,0,0.5692099932478055,0.5068694343861021,2024-09-30,Ghana Primary Health Care PforR,Ghana,GHA,AFW,HNP,A,P4R,IDA,2022-06-10,2026-06-30,0,0,0,LMC,1,1,1,150.0,5.0106352940962555,2022,3.055441478439425,0,4.054757015742642,38
39,P167184,IN00023418,"People receiving quality health, nutrition, and population services",Number of people,aggregate,Aggregate HNP service count,direct,0,reach,1294443.0,2496574.0,1553331.0,1.0,1.0,1294443.0,2496574.0,1553331.0,1.202131,0.258888,1202131.0,0.0,0,0,0,0.6641592920353983,4.64344040666234,2024-06-01,PNG IMPACT Health,Papua New Guinea,PNG,EAP,HNP,A,IPF,IDA,2020-04-22,2026-06-30,1,0,1,LMC,0,1,1,30.0,3.4011973816621555,2020,5.188227241615332,0,6.187542778918549,39
40,P162675,IN01377289,"People who have received essential health, nutrition, and population (HNP) services",Number,aggregate,Aggregate HNP service count,direct,0,reach,0.0,1161993.0,1060000.0,1.0,1.0,0.0,1161993.0,1060000.0,1.161993,1.06,1161993.0,0.0,0,0,0,0.7465960665658093,1.0962198113207546,2024-08-29,Cambodia Nutrition Project,Cambodia,KHM,EAP,HNP,A,IPF,IDA,2019-04-04,2026-06-30,0,1,0,LMC,0,1,1,15.0,2.70805020110221,2019,6.239561943874059,0,7.238877481177276,40
41,P170278,IN01392801,"People who have received essential health, nutrition, and population (HNP) services",Number,aggregate,Aggregate HNP service count,direct,0,reach,0.0,1077658.0,950000.0,1.0,1.0,0.0,1077658.0,950000.0,1.077658,0.95,1077658.0,0.0,0,0,0,0.7187329328235936,1.1343768421052631,2025-01-31,Lesotho Nutrition and Health Project,Lesotho,LSO,AFE,HNP,A,IPF,IDA,2021-06-25,2026-06-30,0,1,0,LMC,1,1,1,22.0,3.091042453358316,2021,4.01368925393566,0,5.0130047912388775,41
42,P174903,IN01312941,Number of children vaccinated with Penta 3 under the project,Number,vaccination,Vaccination (incl. COVID-19),direct,0,outcome,0.0,908846.0,3560000.0,1.0,1.0,0.0,908846.0,3560000.0,0.908846,3.56,908846.0,0.0,0,0,0,0.4124839124839125,0.2552938202247191,2023-12-30,Preparedness & HSS,Madagascar,MDG,AFE,HNP,A,IPF,IDA,2022-03-29,2026-06-30,0,1,0,LIC,1,1,1,93.504364,4.538008109002245,2022,3.2553045859000687,0,4.254620123203286,42
43,P173287,IN01419673,"People who have received essential health, nutrition, and population (HNP) services",Number,aggregate,Aggregate HNP service count,adjusted,0,reach,799590.0,5491060.0,4972800.0,0.191204589,0.191204589,152885.27731851,1049915.87047434,950822.1801792,0.89703059,0.7979369000000001,897030.59,0.0,0,0,0,0.8690413829229964,1.1241873762198489,2025-04-25,Gambia Essential Health Services,"Gambia, The",GMB,AFW,HNP,A,IPF,IDA,2020-10-09,2025-12-31,0,1,0,LIC,1,1,1,119.5,4.783316371371566,2021,4.722792607802875,0,5.2265571526351815,43
44,P179558,IN01262356,"People who have received essential health, nutrition, and population (HNP) services",Number,aggregate,Aggregate HNP service count,adjusted,0,reach,0.0,0.0,9000000.0,0.220264317,0.220264317,0.0,834817.84,1982378.85,0.8348178399999999,1.9823788500000001,834817.84,0.0,0,1,1,0.22677737415672028,0.4211192224937226,2025-06-01,INAYA Elargi,Mauritania,MRT,AFW,HNP,A,IPF,IDA,2024-03-21,2029-06-30,0,1,0,LMC,1,1,1,52.3,3.9569963710708773,2024,1.2758384668035592,0,5.27583846680356,44
45,P167890,IN01388867,"People who have received essential health, nutrition, and population (HNP) services",Number,aggregate,Aggregate HNP service count,direct,0,reach,0.0,810352.0,1208622.0,1.0,1.0,0.0,810352.0,1208622.0,0.810352,1.208622,810352.0,0.0,0,0,0,0.9206963249516441,0.670475963535332,2025-04-30,Health System Strengthening,"Congo, Republic of",COG,AFW,HNP,C,IPF,IDA,2021-06-02,2025-08-31,1,0,0,LMC,1,0,1,35.0298062,3.5561993047932923,2021,4.076659822039699,0,4.246406570841889,45
46,P161283,IN01370251,"People who have received essential health, nutrition, and population (HNP) services",Number,aggregate,Aggregate HNP service count,direct,0,reach,10696722.0,11468117.0,11076722.0,1.0,1.0,10696722.0,11468117.0,11076722.0,0.771395,0.38,771395.0,0.0,0,0,0,1.0,2.0299868421052634,2024-12-31,Grassroots Health Service Delivery,Viet Nam,VNM,EAP,HNP,C,IPF,IDA,2019-06-19,2024-12-31,0,0,0,LMC,0,0,1,69.01671194,4.234348677300068,2019,6.031485284052019,0,5.535934291581109,46
47,P155658,IN01416677-ZM,TB case notification in target geographic areas,Number,infectious,TB and HIV,unit,0,unclassifiable,85095.0,734025.0,679703.0,0.26,0.26,85095.0,734025.0,679703.0,0.64893,0.594608,648930.0,0.0,0,0,0,1.0,1.0913576675725856,2024-06-30,Southern Africa TB and Health Systems,Lesotho,LSO,AFE,HNP,C,IPF,IDA,2016-05-26,2024-06-30,0,1,0,LMC,0,0,1,178.0,5.181783550292085,2016,9.095140314852841,0,8.095824777549623,47
48,P503036,IN00007506,Number of beneficiaries of essential health and nutrition services (disaggregated by gender and age),Number,aggregate,Aggregate HNP service count,direct,0,reach,0.0,614728.0,222265.0,1.0,1.0,0.0,614728.0,222265.0,0.614728,0.222265,0.0,0.0,0,0,0,0.626984126984127,2.765743594358086,2025-03-24,Gaza Response,West Bank and Gaza,PSE,MENAAP,HNP,A,IPF,RETF,2023-12-06,2025-12-31,1,0,0,LMC,1,1,0,10.0,2.302585092994046,2024,1.566050650239562,0,2.0698151950718686,48
49,P172940,IN01362179,"People who have received quality health, nutrition, and population services (Corporate Scorecard (CS), number)",Number,aggregate,Aggregate HNP service count,direct,0,reach,6492740.0,7021277.0,8568618.0,1.0,1.0,6492740.0,7021277.0,8568618.0,0.528537,2.075878,528537.0,0.0,0,0,0,0.5984126984126984,0.25460889320085284,2025-06-01,Benin Health System Enhancement Program,Benin,BEN,AFW,HNP,A,P4R,IDA,2022-04-27,2027-06-30,0,1,0,LMC,0,1,1,187.0,5.231108616854587,2022,3.1759069130732374,0,5.174537987679671,49
50,P175840,IN01409440,"Percentage of the population fully vaccinated, based on prioritized populations as defined in national plan, by gender",Percentage,vaccination,Vaccination (incl. COVID-19),coverage,0,outcome,3.7,53.0,53.0,8820.0,8820.0,32634.0,467460.0,467460.0,0.434826,0.434826,434826.0,0.0,0,0,0,0.8329283110571082,1.0,2025-03-31,COVID-19 vaccin,Comoros,COM,AFE,HNP,A,IPF,IDA,2021-06-29,2025-12-31,1,1,1,LMC,1,1,1,34.912323549999996,3.5528398771947924,2021,4.002737850787132,0,4.506502395619439,50
51,P128442,IN01351133,Percentage of population aged 35-68 screened for diabetes mellitus at PHC level at least once during the last 3 years a) female; b) male (Percentage),Text,ncd_screening,"Screening (NCDs, mental health)",coverage,0,outcome,,,,13810.49,13810.49,556563.0,923922.0,911492.0,0.367359,0.354929,303233.1411585306,64125.8588414694,0,1,1,0.8670070508144906,1.0350210887247873,2022-12-31,DISEASE PREVENTION & CTRL,Armenia,ARM,ECA,HNP,C,IPF,IDA,2013-03-27,2024-06-30,0,0,0,UMC,0,0,1,42.39251761,3.7469718752027275,2013,12.260095824777549,0,11.260780287474333,51
52,P180534,IN01300619,Pregnant women under follow-up care registered at individual level,Percentage,rmnch_fp,"Maternal, reproductive health and family planning",coverage,0,reach,0.0,67.9,70.0,4785.02,4785.02,0.0,324902.85800000007,334951.4,0.32490285999999996,0.3349514,0.0,324902.86,0,0,0,0.36981566820276496,0.9700000059710154,2024-12-30,COL Access Effective Care & Resilience,Colombia,COL,LCR,HNP,A,P4R,IBRD,2024-02-13,2026-06-30,0,0,0,UMC,0,1,0,300.0,5.703782474656201,2024,1.377138945927447,0,2.3764544832306638,52
53,P177003,IN00057386,Number of women and children who have received basic nutrition services,Number of people,nutrition,Nutrition services,direct,0,reach,0.0,305231.0,434450.0,1.0,1.0,0.0,305231.0,434450.0,0.305231,0.43445,305231.0,0.0,0,0,0,0.3429305912596401,0.7025687651053055,2024-03-31,CAR Health Service and System SENI-Plus,Central African Republic,CAF,AFW,HNP,A,IPF,IDA,2022-06-03,2027-09-30,1,1,0,LIC,1,1,1,98.0,4.584967478670572,2022,3.07460643394935,0,5.325119780971937,53
54,P178957,IN01292112,"People who have received essential health, nutrition, and population (HNP) services",Number,aggregate,Aggregate HNP service count,direct,0,reach,0.0,270245.0,1300000.0,1.0,1.0,0.0,270245.0,1300000.0,0.270245,1.3,270245.0,0.0,0,0,0,0.2147239263803681,0.20788076923076923,2025-04-16,Lao HANSA2,Lao People's Democratic Republic,LAO,EAP,HNP,A,IPF,IDA,2024-02-21,2029-06-30,0,1,0,LMC,1,1,1,39.0,3.6635616461296463,2024,1.3552361396303902,0,5.3552361396303905,54
55,P180534,IN01300620,Vulnerable women 50-69 years of age screened for breast cancer,Percentage,ncd_screening,"Screening (NCDs, mental health)",coverage,0,reach,32.8,37.74,40.0,53253.04,53253.04,1746699.7119999998,2009769.7296000002,2130121.6,0.26307002,0.38342189,0.0,263070.02,0,0,0,0.0,0.6861111137916514,2023-12-30,COL Access Effective Care & Resilience,Colombia,COL,LCR,HNP,A,P4R,IBRD,2024-02-13,2026-06-30,0,0,0,UMC,0,1,0,300.0,5.703782474656201,2024,1.377138945927447,0,2.3764544832306638,55
56,P176956,IN01418972,"Percentage of children aged 12-23 months who received basic vaccinations (BCG, measles, and three doses each of DPT and polio vaccine - excluding polio vaccine given at birth)",Percentage,vaccination,Vaccination (incl. COVID-19),coverage,0,outcome,10.7,64.0,50.0,4926.76,4926.76,52716.332,315312.64,246338.0,0.26259631,0.19362167000000002,262596.31,0.0,0,0,0,0.7659163987138263,1.3562340930124195,2025-01-01,Somalia COVID-19 Vaccination project,"Somalia, Federal Republic of",SOM,AFE,HNP,A,IPF,IDA,2021-09-28,2025-12-31,1,1,0,LIC,1,1,1,65.0,4.174387269895637,2022,3.753593429158111,0,4.257357973990418,56
57,P168564,IN01358683,"People who have received essential health, nutrition, and population (HNP) services",Number,aggregate,Aggregate HNP service count,direct,0,reach,0.0,219445.0,294360.0,1.0,1.0,0.0,219445.0,294360.0,0.219445,0.29436,0.0,219445.0,0,0,0,0.8499480789200415,0.7454987090637315,2024-12-15,Eswatini Health System Strengthening,Eswatini,SWZ,AFE,HNP,C,IPF,IBRD,2020-06-22,2025-09-30,0,0,0,LMC,1,0,0,20.0,2.995732273553991,2020,5.021218343600274,0,5.2731006160164275,57
58,P169677,IN01383722,Percentage of elementary schools and pre-schools where MINSAL performs annual dental health check ups.,Percentage,other,Other services,coverage,0,outcome,0.0,54.0,65.0,3747.78,3747.78,0.0,202380.12000000002,243605.7,0.20238012,0.2436057,0.0,202380.12,0,0,0,0.7619877942458587,0.8307692307692307,2024-12-31,Growing up Healthy Together,El Salvador,SLV,LCR,HNP,A,IPF,IBRD,2020-03-19,2026-06-30,0,0,0,UMC,1,1,0,250.0,5.521460917862246,2020,5.281314168377824,0,6.28062970568104,58
59,P171767,IN01383321,"Children who have received curative services by community relays for children who suffer from pneumonia, uncomplicated malaria and diarrhea",Number,infectious,TB and HIV,adjusted,0,reach,0.0,749237.0,191613.0,0.25,0.25,0.0,187309.25,47903.25,0.18730925,0.04790325,187309.25,0.0,0,0,0,0.5735064935064935,3.9101574527824314,2024-10-01,LAFIA-IYALI Girls Women Health Nutrition,Niger,NER,AFW,HNP,A,IPF,IDA,2021-09-23,2026-12-31,1,1,0,LIC,1,1,1,100.0,4.605170185988092,2022,3.7672826830937716,0,5.270362765229295,59
60,P166308,IN01360275,"People who have received essential health, nutrition, and population (HNP) services",Number,aggregate,Aggregate HNP service count,direct,0,reach,0.0,181363.0,141000.0,1.0,1.0,0.0,181363.0,141000.0,0.181363,0.141,181363.0,0.0,0,0,0,0.9176213857064921,1.2862624113475176,2025-01-30,Balochistan Human Capital Project,Pakistan,PAK,MENAAP,HNP,C,IPF,IDA,2020-06-23,2025-06-30,0,0,0,LMC,0,0,1,36.0,3.58351893845611,2020,5.018480492813142,0,5.018480492813142,60
61,P150080,IN01361236-CM,2 (new): Number of new users of a modern contraceptive methods in the project's intervention areas,Number,rmnch_fp,"Maternal, reproductive health and family planning",adjusted,0,reach,0.0,1138331.0,1100647.0,0.13,0.13,0.0,147983.03,143084.11,0.14798303,0.14308411,147983.03,0.0,0,0,0,0.975177304964539,1.0342380436234324,2024-10-01,SWEDD,Chad,TCD,AFW,HNP,C,IPF,IDA,2014-12-18,2024-12-31,1,1,0,LIC,0,0,1,580.6314376,6.364116196869395,2015,10.532511978097194,0,10.036960985626283,61
62,P167598,IN01433984,Number of pregnant women who received hemoglobin test and urine analysis for bacteriuria during the first trimester in a public PHC facility,Number,rmnch_fp,"Maternal, reproductive health and family planning",direct,0,reach,24000.0,165723.0,240000.0,1.0,1.0,24000.0,165723.0,240000.0,0.141723,0.216,141723.0,0.0,0,0,0,0.6906621392190153,0.656125,2024-12-31,Primary Health Care Quality Improvement,Kyrgyz Republic,KGZ,ECA,HNP,A,P4R,IDA,2019-06-07,2027-06-30,0,0,0,LMC,1,1,1,20.0,2.995732273553991,2019,6.064339493497604,0,8.062970568104038,62
63,P173783,IN01426288,"Percentage of population vaccinated, which is included in the priority population targets defined in national plan [disaggregated by sex]",Percentage,vaccination,Vaccination (incl. COVID-19),coverage,0,outcome,0.0,90.0,90.0,1267.0,1267.0,0.0,114030.0,114030.0,0.11403,0.11403,114030.0,0.0,0,0,0,0.7932114882506528,1.0,2024-05-30,STP COVID-19 Emergency Response Project,Sao Tome and Principe,STP,AFE,HNP,C,IPF,IDA,2020-04-02,2025-06-30,1,0,1,LMC,1,0,1,7.0,1.9459101490553132,2020,5.242984257357974,0,5.242984257357974,63
64,P150080,IN01361236-GN,2 (new): Number of new users of a modern contraceptive methods in the project's intervention areas,Number,rmnch_fp,"Maternal, reproductive health and family planning",adjusted,0,reach,0.0,1138331.0,1100647.0,0.1,0.1,0.0,113833.1,110064.7,0.1138331,0.1100647,113833.1,0.0,0,0,0,0.975177304964539,1.0342380436234324,2024-10-01,SWEDD,Chad,TCD,AFW,HNP,C,IPF,IDA,2014-12-18,2024-12-31,1,1,0,LIC,0,0,1,580.6314376,6.364116196869395,2015,10.532511978097194,0,10.036960985626283,64
65,P180534,IN01331950,Number of people screened for mental health services by primary health providers and basic health teams,Number,ncd_screening,"Screening (NCDs, mental health)",direct,0,reach,1031401.0,1139127.0,1175000.0,1.0,1.0,1031401.0,1139127.0,1175000.0,0.107726,0.143599,0.0,107726.0,0,0,0,0.36981566820276496,0.7501862826342802,2024-12-30,COL Access Effective Care & Resilience,Colombia,COL,LCR,HNP,A,P4R,IBRD,2024-02-13,2026-06-30,0,0,0,UMC,0,1,0,300.0,5.703782474656201,2024,1.377138945927447,0,2.3764544832306638,65
66,P169641,IN01406384,"People who have received essential health, nutrition, and population (HNP) services",Number,aggregate,Aggregate HNP service count,direct,0,reach,539995.0,621221.0,809993.0,1.0,1.0,539995.0,621221.0,809993.0,0.081226,0.269998,81226.0,0.0,0,0,0,0.781072830353249,0.30083926547604056,2025-04-16,IFISH,Liberia,LBR,AFW,HNP,A,IPF,IDA,2020-05-21,2026-08-31,0,1,0,LIC,1,1,1,74.0,4.30406509320417,2020,5.108829568788501,0,6.277891854893908,66
67,P167996,IN01389685,"People who have received essential health, nutrition, and population (HNP) services",Number,aggregate,Aggregate HNP service count,direct,0,reach,0.0,78239.0,93085.0,1.0,1.0,0.0,78239.0,93085.0,0.078239,0.093085,0.0,78239.0,0,0,0,0.7891891891891892,0.8405113605844121,2024-12-31,PY Public Health Sector Strengthening,Paraguay,PRY,LCR,HNP,A,IPF,IBRD,2019-05-28,2026-06-30,0,0,0,UMC,0,1,0,115.0,4.74493212836325,2019,6.091718001368926,0,7.091033538672143,67
68,P178033,IN01335934,"People who have received essential health, nutrition, and population (HNP) services",Number,aggregate,Aggregate HNP service count,adjusted,0,reach,0.0,164318.0,390000.0,0.46,0.46,0.0,75586.28,179400.0,0.07558628,0.1794,75586.28,0.0,0,0,0,0.5188421627525942,0.4213282051282051,2024-12-31,Djibouti Health System Strengthening,Djibouti,DJI,MENAAP,HNP,A,IPF,IDA,2022-05-26,2027-05-31,0,1,0,LMC,1,1,1,19.5,2.970414465569701,2022,3.0965092402464065,0,5.0130047912388775,68
69,P180534,IN01300626,Migrants screened for HIV,Number,infectious,TB and HIV,direct,0,unclassifiable,16266.0,82938.0,151515.0,1.0,1.0,16266.0,82938.0,151515.0,0.066672,0.135249,0.0,66672.0,0,0,0,0.36981566820276496,0.49295743406605597,2024-12-30,COL Access Effective Care & Resilience,Colombia,COL,LCR,HNP,A,P4R,IBRD,2024-02-13,2026-06-30,0,0,0,UMC,0,1,0,300.0,5.703782474656201,2024,1.377138945927447,0,2.3764544832306638,69
70,P167890,IN01388897,Women aged 15-49 who have used modern contraceptive methods,Number,rmnch_fp,"Maternal, reproductive health and family planning",direct,0,reach,0.0,41923.0,131296.0,1.0,1.0,0.0,41923.0,131296.0,0.041923,0.131296,41923.0,0.0,0,0,0,0.9206963249516441,0.31930142578601023,2025-04-30,Health System Strengthening,"Congo, Republic of",COG,AFW,HNP,C,IPF,IDA,2021-06-02,2025-08-31,1,0,0,LMC,1,0,1,35.0298062,3.5561993047932923,2021,4.076659822039699,0,4.246406570841889,70
71,P170435,IN01324083,Percentage of new family planning clients who received modern contraceptive methods,Percentage,rmnch_fp,"Maternal, reproductive health and family planning",coverage,0,outcome,36.0,36.4,41.0,96000.0,96000.0,3456000.0,3494400.0,3936000.0,0.0384,0.48,38400.0,0.0,0,0,0,0.40391943385955364,0.08,2024-12-31,Tanzania Investing in People Project,Tanzania,TZA,AFE,HNP,A,P4R,IDA,2022-12-20,2027-12-31,0,1,0,LMC,1,1,1,285.0,5.652489180268651,2023,2.5270362765229293,0,5.02943189596167,71
72,P176532,IN01413633,"People who have received essential health, nutrition, and population (HNP) services",Number,aggregate,Aggregate HNP service count,direct,0,reach,0.0,34630.0,1230000.0,1.0,1.0,0.0,34630.0,1230000.0,0.03463,1.23,34630.0,0.0,0,0,0,0.4446799491309877,0.028154471544715447,2025-04-30,RESHAPE,Honduras,HND,LCR,HNP,A,IPF,IDA,2022-06-16,2028-11-30,0,0,0,LMC,1,1,1,60.0,4.0943445622221,2022,3.0390143737166326,0,6.458590006844627,72
73,P170435,IN01324080,Number of referral cases handled through the dispatch systems established by the regions,Number,other,Other services,unit,0,reach,0.0,66868.0,16000.0,0.5,0.5,0.0,33434.0,8000.0,0.033434,0.008,33434.0,0.0,0,0,0,0.40391943385955364,4.17925,2024-12-31,Tanzania Investing in People Project,Tanzania,TZA,AFE,HNP,A,P4R,IDA,2022-12-20,2027-12-31,0,1,0,LMC,1,1,1,285.0,5.652489180268651,2023,2.5270362765229293,0,5.02943189596167,73
74,P164771,IN01358933,Children aged 6-23 months receiving a minimum acceptable diet,Percentage,nutrition,Nutrition services,coverage,0,reach,13.0,23.3,20.0,3183.84,3183.84,41389.92,74183.47200000001,63676.8,0.032793550000000005,0.022286880000000002,32793.55,0.0,0,0,0,0.9870020964360587,1.4714284816896759,2025-05-30,Investing in the Early Years in Malawi,Malawi,MWI,AFE,HNP,C,IPF,IDA,2018-12-19,2025-06-30,0,1,0,LIC,0,0,1,50.0,3.912023005428146,2019,6.529774127310062,0,6.529774127310062,74
75,P166783,IN00043844,"People receiving quality health, nutrition, and population services",Number of people,aggregate,Aggregate HNP service count,direct,0,reach,0.0,30545.0,50000.0,1.0,1.0,0.0,30545.0,50000.0,0.030545,0.05,30545.0,0.0,0,0,0,0.934368932038835,0.6109,2025-04-30,LC Health System Strengthening,St. Lucia,LCA,LCR,HNP,C,IPF,IDA,2018-09-28,2025-10-16,0,0,1,UMC,0,0,1,25.0,3.2188758248682006,2019,6.754277891854894,0,7.049965776865161,75
76,P168564,IN01358692,Number of people screened and diagnosed with hypertension,Number,ncd_screening,"Screening (NCDs, mental health)",adjusted,0,reach,22624.0,46466.0,40000.0,0.962,0.962,21764.288,44700.292,38480.0,0.022936,0.016715709999999998,0.0,22936.0,0,0,0,0.8499480789200415,1.3721223926473958,2024-12-15,Eswatini Health System Strengthening,Eswatini,SWZ,AFE,HNP,C,IPF,IBRD,2020-06-22,2025-09-30,0,0,0,LMC,1,0,0,20.0,2.995732273553991,2020,5.021218343600274,0,5.2731006160164275,76
77,P171144,IN00008395,"Children receiving nutrition services (ages 0-5 years, disaggregated by gender)",Number,nutrition,Nutrition services,direct,0,reach,0.0,19988.0,2457168.0,1.0,1.0,0.0,19988.0,2457168.0,0.019988,2.457168,19988.0,0.0,0,0,0,0.32,0.008134567925351461,2025-05-15,Urban HNP Project,Bangladesh,BGD,SAR,HNP,A,IPF,IDA,2023-08-30,2028-12-31,0,1,0,LMC,1,1,1,200.0,5.298317366548036,2024,1.834360027378508,0,5.338809034907597,77
78,P169677,IN01383725,Percentage of children that breastfeed within the first hour after birth,Percentage,rmnch_fp,"Maternal, reproductive health and family planning",coverage,0,outcome,75.0,80.0,90.0,3307.94,3307.94,248095.5,264635.2,297714.6,0.0165397,0.0496191,0.0,16539.7,0,0,0,0.7619877942458587,0.33333333333333337,2024-12-31,Growing up Healthy Together,El Salvador,SLV,LCR,HNP,A,IPF,IBRD,2020-03-19,2026-06-30,0,0,0,UMC,1,1,0,250.0,5.521460917862246,2020,5.281314168377824,0,6.28062970568104,78
79,P175455,IN01272509,Average number of outpatient consultations per person per annum at PHC providers,Number,outpatient,Outpatient visits and consultations,unit,0,reach,3.6,4.4,4.0,19801.9802,19801.9802,71287.12872000001,87128.71288000002,79207.9208,0.01584158,0.00792079,0.0,15841.58,0,0,0,0.2621163166397415,2.0,2023-12-31,Georgia Human Capital Program,Georgia,GEO,ECA,EDU,A,P4R,IBRD,2022-03-22,2028-12-31,0,0,0,UMC,0,1,0,400.0,5.991464547107982,2022,3.274469541409993,0,6.778918548939083,79
80,P177329,IN01360910,"People who have received essential health, nutrition, and population (HNP) services",Number,aggregate,Aggregate HNP service count,adjusted,0,reach,0.0,10697.0,17450.0,0.736719,0.736719,0.0,7880.683143,12855.74655,0.007880680000000001,0.01285575,7880.68,0.0,0,0,0,0.45236668663870583,0.6130081869980359,2024-06-30,RMI Multisectoral ECD - II,Marshall Islands,MHL,EAP,HNP,A,IPF,IDA,2022-06-06,2026-12-31,1,0,1,UMC,1,1,1,27.0,3.295836866004329,2022,3.0663928815879533,0,4.569472963723477,80
81,P168564,IN01358693,Number of people screened and diagnosed with diabetes,Number,ncd_screening,"Screening (NCDs, mental health)",adjusted,0,reach,6740.0,15491.0,13500.0,0.783,0.783,5277.42,12129.453000000001,10570.5,0.006852029999999999,0.00529308,0.0,6852.03,0,0,0,0.8499480789200415,1.2945260604411797,2024-12-15,Eswatini Health System Strengthening,Eswatini,SWZ,AFE,HNP,C,IPF,IBRD,2020-06-22,2025-09-30,0,0,0,LMC,1,0,0,20.0,2.995732273553991,2020,5.021218343600274,0,5.2731006160164275,81
82,P128442,IN01351134,Percentage of women aged 30-60 screened for cervical cancer at least once during the last 3 years and received the results (Percentage),Percentage,ncd_screening,"Screening (NCDs, mental health)",coverage,0,outcome,8.5,9.7,10.0,5055.0525,5055.0525,42967.94625,49034.009249999996,50550.524999999994,0.006066060000000001,0.007582569999999999,5007.173985818004,1058.886014181996,0,0,0,0.8670070508144906,0.8000005275256279,2022-12-31,DISEASE PREVENTION & CTRL,Armenia,ARM,ECA,HNP,C,IPF,IDA,2013-03-27,2024-06-30,0,0,0,UMC,0,0,1,42.39251761,3.7469718752027275,2013,12.260095824777549,0,11.260780287474333,82
83,P159544,IN01357780,Percent of pre-hospital EMS patients hospitalized,Percentage,other,Other services,coverage,0,reach,10.3,19.1,20.0,600.0,600.0,6180.0,11460.0,12000.0,0.00528,0.00582,5280.0,0.0,0,0,0,0.8930115273775217,0.9072164948453608,2025-02-06,Emergency Medical Services Project,Uzbekistan,UZB,ECA,HNP,A,IPF,IDA,2018-04-25,2025-11-30,0,0,0,LMC,0,1,1,96.5,4.56954300834494,2018,7.181382614647502,0,7.600273785078714,83
84,P169677,IN01383714,Percentage of pregnancies with early check-ups (before 12 weeks),Percentage,rmnch_fp,"Maternal, reproductive health and family planning",coverage,0,outcome,68.0,70.0,72.0,2083.44,2083.44,141673.92,145840.80000000002,150007.68,0.00416688,0.00833376,0.0,4166.88,0,0,0,0.7619877942458587,0.5,2024-12-31,Growing up Healthy Together,El Salvador,SLV,LCR,HNP,A,IPF,IBRD,2020-03-19,2026-06-30,0,0,0,UMC,1,1,0,250.0,5.521460917862246,2020,5.281314168377824,0,6.28062970568104,84
85,P171767,IN01383333,Adolescent students enrolled in lower and upper secondary education receiving services from an integrated school-health and/or nutrition package,Number,nutrition,Nutrition services,direct,0,reach,0.0,3142.0,239616.0,1.0,1.0,0.0,3142.0,239616.0,0.003142,0.239616,3142.0,0.0,0,0,0,0.5735064935064935,0.013112646901709402,2024-10-01,LAFIA-IYALI Girls Women Health Nutrition,Niger,NER,AFW,HNP,A,IPF,IDA,2021-09-23,2026-12-31,1,1,0,LIC,1,1,1,100.0,4.605170185988092,2022,3.7672826830937716,0,5.270362765229295,85
86,P171144,IN01290977,"Children who are fully immunized ages 0-12 months, disaggregated by gender",Number,vaccination,Vaccination (incl. COVID-19),direct,0,reach,0.0,2375.0,35550.0,1.0,1.0,0.0,2375.0,35550.0,0.002375,0.03555,2375.0,0.0,0,0,0,0.32,0.06680731364275667,2025-05-15,Urban HNP Project,Bangladesh,BGD,SAR,HNP,A,IPF,IDA,2023-08-30,2028-12-31,0,1,0,LMC,1,1,1,200.0,5.298317366548036,2024,1.834360027378508,0,5.338809034907597,86
87,P171144,IN01290976,"People registered for hypertension screening and follow-up, disaggregated by gender",Number,ncd_screening,"Screening (NCDs, mental health)",adjusted,0,reach,0.0,2430.0,1279800.0,0.91,0.91,0.0,2211.3,1164618.0,0.0022113000000000002,1.164618,2211.3,0.0,0,0,0,0.32,0.00189873417721519,2025-05-15,Urban HNP Project,Bangladesh,BGD,SAR,HNP,A,IPF,IDA,2023-08-30,2028-12-31,0,1,0,LMC,1,1,1,200.0,5.298317366548036,2024,1.834360027378508,0,5.338809034907597,87
88,P171144,IN01290795,Women receiving four or more antenatal care checkup,Number,rmnch_fp,"Maternal, reproductive health and family planning",direct,0,reach,0.0,1867.0,255960.0,1.0,1.0,0.0,1867.0,255960.0,0.001867,0.25596,1867.0,0.0,0,0,0,0.32,0.007294108454446007,2025-05-15,Urban HNP Project,Bangladesh,BGD,SAR,HNP,A,IPF,IDA,2023-08-30,2028-12-31,0,1,0,LMC,1,1,1,200.0,5.298317366548036,2024,1.834360027378508,0,5.338809034907597,88
89,P168564,IN01358691,Percentage of women receiving post-partum check-up within 14 days,Percentage,rmnch_fp,"Maternal, reproductive health and family planning",coverage,0,outcome,60.2,87.0,90.0,38.2956,38.2956,2305.39512,3331.7172,3446.604,0.0010263199999999998,0.0011412,0.0,1026.32,0,0,0,0.8499480789200415,0.8993340343498071,2024-12-15,Eswatini Health System Strengthening,Eswatini,SWZ,AFE,HNP,C,IPF,IBRD,2020-06-22,2025-09-30,0,0,0,LMC,1,0,0,20.0,2.995732273553991,2020,5.021218343600274,0,5.2731006160164275,89
90,P178957,IN01292108,Percentage of MSM/TG in the five target sites received an HIV test,Percentage,infectious,TB and HIV,coverage,0,outcome,50.0,57.5,95.0,77.81,77.81,3890.5,4474.075,7391.95,0.0005835749999999998,0.0035014499999999997,583.5749999999998,0.0,0,0,0,0.2147239263803681,0.16666666666666663,2025-04-16,Lao HANSA2,Lao People's Democratic Republic,LAO,EAP,HNP,A,IPF,IDA,2024-02-21,2029-06-30,0,1,0,LMC,1,1,1,39.0,3.6635616461296463,2024,1.3552361396303902,0,5.3552361396303905,90
91,P168564,IN01358614,Percentage of pregnant women receiving at least 4 ANC that meet defined quality standards,Percentage,rmnch_fp,"Maternal, reproductive health and family planning",coverage,0,outcome,8.6,28.0,50.0,19.96842,19.96842,171.728412,559.1157599999999,998.4209999999999,0.00038739,0.00082669,0.0,387.39,0,0,0,0.754932502596054,0.46860370876628477,2024-06-15,Eswatini Health System Strengthening,Eswatini,SWZ,AFE,HNP,C,IPF,IBRD,2020-06-22,2025-09-30,0,0,0,LMC,1,0,0,20.0,2.995732273553991,2020,5.021218343600274,0,5.2731006160164275,91
92,P168564,IN01358681,Percentage of adolescents served or reached with quality sexual and reproductive health services,Percentage,rmnch_fp,"Maternal, reproductive health and family planning",coverage,0,outcome,0.0,18.0,20.0,3.1318,3.1318,0.0,56.3724,62.636,5.637e-05,6.264e-05,0.0,56.37,0,0,0,0.754932502596054,0.899904214559387,2024-06-15,Eswatini Health System Strengthening,Eswatini,SWZ,AFE,HNP,C,IPF,IBRD,2020-06-22,2025-09-30,0,0,0,LMC,1,0,0,20.0,2.995732273553991,2020,5.021218343600274,0,5.2731006160164275,92
93,P173846,IN01395340,"Population vaccinated, which is included in the priority population targets defined in national plan",Percentage,vaccination,Vaccination (incl. COVID-19),coverage,0,outcome,0.0,18.0,15.0,148334.03,148334.03,0.0,0.0,0.0,0.0,0.0,0.0,0.0,1,0,0,0.9843296575739988,,2024-12-04,Niger COVID-19 Emergency Response,Niger,NER,AFW,HNP,C,IPF,IDA,2020-04-13,2024-12-31,1,1,0,LIC,1,0,1,68.65,4.229021132213981,2020,5.212867898699521,0,4.717316906228611,93
94,P163954,IN01382350,Number of children (0-11 months) fully vaccinated,Number,vaccination,Vaccination (incl. COVID-19),direct,0,outcome,51523.0,159082.0,105000.0,1.0,1.0,0.0,0.0,0.0,0.0,0.0,0.0,0.0,0,0,0,0.93058568329718,,2025-06-17,Strengthening Health Service Delivery,Guinea-Bissau,GNB,AFW,HNP,A,IPF,IDA,2018-05-31,2025-12-26,1,1,1,LIC,0,1,1,25.0,3.2188758248682006,2018,7.082819986310746,0,7.572895277207392,94
95,P166211,IN01430636,"People who have received essential health, nutrition, and population (HNP) services",Missing,aggregate,Aggregate HNP service count,direct,0,reach,0.0,,,1.0,1.0,0.0,0.0,0.0,0.0,0.0,0.0,0.0,1,1,0,0.9989615784008308,,2024-05-29,EY Nutrition and Child Development,Benin,BEN,AFW,HNP,C,IPF,IDA,2019-02-21,2024-05-31,0,1,0,LMC,0,0,1,50.0,3.912023005428146,2019,6.354551676933607,0,5.2731006160164275,95
96,P168756,IN01381479,"People who have received essential health, nutrition, and population (HNP) services",Number,aggregate,Aggregate HNP service count,adjusted,0,reach,0.0,11754775.0,19000000.0,0.106269926,0.106269926,0.0,0.0,0.0,0.0,0.0,0.0,0.0,1,0,0,0.7810331534309946,,2024-12-13,DRC Nutrition Project,"Congo, Democratic Republic of",COD,AFE,HNP,A,IPF,IDA,2019-05-28,2026-07-04,1,1,0,LIC,1,1,1,542.0,6.295266001439646,2019,6.091718001368926,0,7.101984941820671,96
97,P173939,IN01434900,Total population vaccinated,Percentage,vaccination,Vaccination (incl. COVID-19),coverage,0,outcome,0.0,48.0,50.0,15829.0,15829.0,0.0,0.0,0.0,0.0,0.0,0.0,0.0,1,0,0,1.0,,2025-03-06,Lesotho COVID19 FTCF Project,Lesotho,LSO,AFE,HNP,C,IPF,IDA,2020-05-09,2024-12-31,0,1,0,LMC,1,0,1,26.4157892,3.2739619071338177,2020,5.1416837782340865,0,4.646132785763176,97
98,P176841,IN01418258,"Percentage of the population fully vaccinated, based on prioritized populations as defined in national plan",Percentage,vaccination,Vaccination (incl. COVID-19),coverage,0,outcome,0.0,9.1,20.0,296910.83,296910.83,0.0,0.0,0.0,0.0,0.0,0.0,0.0,1,0,0,0.8139059304703476,,2024-09-30,COVID-19 vaccine,Madagascar,MDG,AFE,HNP,C,IPF,IDA,2021-06-24,2025-06-30,0,1,0,LIC,1,0,1,107.97057,4.681858689989348,2021,4.016427104722792,0,4.016427104722792,98
99,P175298,IN01348132,"People who have received quality essential health, nutrition, and population (HNP) services",Number,aggregate,Aggregate HNP service count,direct,0,reach,0.0,761541.0,129000.0,1.0,1.0,0.0,0.0,0.0,0.0,0.0,0.0,0.0,1,0,0,0.585511982570806,,2024-11-30,HCP for Northern MZ,Mozambique,MOZ,AFE,HNP,A,IPF,IDA,2021-12-21,2026-12-31,1,1,0,LIC,1,1,1,95.8384324,4.562663777805993,2022,3.5236139630390144,0,5.026694045174538,99
100,P173857,IN00027045,"People receiving quality health, nutrition, and population services",Number of people,aggregate,Aggregate HNP service count,direct,0,reach,0.0,588000.0,588000.0,1.0,1.0,0.0,0.0,0.0,0.0,0.0,0.0,0.0,1,0,0,0.289185326345879,,2021-11-30,CV: COVID-19 Emergency Response Project,Cabo Verde,CPV,AFW,HNP,A,IPF,IDA,2020-04-02,2025-12-31,0,0,1,UMC,1,1,1,14.97456774,2.706353278142494,2020,5.242984257357974,0,5.746748802190281,100
101,P176693,IN00046121-TD,Number of people receiving outpatient services,Number of people,outpatient,Outpatient visits and consultations,adjusted,0,reach,1327022.0,1352147.0,2796385.0,0.19,0.19,0.0,0.0,0.0,0.0,0.0,0.0,0.0,1,0,0,0.17721005677210055,,2024-12-09,SWEDD+,Chad,TCD,AFW,HNP,A,IPF,IDA,2023-09-29,2030-06-30,1,1,0,LIC,1,1,1,445.0,6.09807428216624,2024,1.7522245037645447,0,6.751540041067762,101
102,P174185,IN01403207,Quarterly number of first Outpatient Department (OPD) consultations [by Gender] (Number),Number,outpatient,Outpatient visits and consultations,unit,0,reach,5525000.0,6612085.0,5600000.0,1.29,1.29,0.0,0.0,0.0,0.0,0.0,0.0,0.0,1,0,0,1.0,,2024-12-31,Zambia COVID Emergency Response Project,Zambia,ZMB,AFE,HNP,C,IPF,IDA,2020-10-20,2024-12-31,0,1,0,LMC,1,0,1,34.0,3.5263605246161616,2021,4.692676249144422,0,4.1971252566735116,102
103,P175298,IN00023875,Displaced people and people in host communities provided with services and livelihoods,Number of people,other,Other services,adjusted,0,reach,0.0,957198.0,600000.0,0.65,0.65,0.0,0.0,0.0,0.0,0.0,0.0,0.0,1,0,0,0.6018518518518519,,2024-12-30,HCP for Northern MZ,Mozambique,MOZ,AFE,HNP,A,IPF,IDA,2021-12-21,2026-12-31,1,1,0,LIC,1,1,1,95.8384324,4.562663777805993,2022,3.5236139630390144,0,5.026694045174538,103
104,P181385,IN00023972,"People receiving quality health, nutrition, and population services",Number of people,aggregate,Aggregate HNP service count,direct,0,reach,0.0,0.0,0.0,1.0,1.0,0.0,0.0,0.0,0.0,0.0,0.0,0.0,1,1,0,0.2562547384382108,,2024-11-22,Health Sector Transformation Project,South Sudan,SSD,AFE,HNP,A,IPF,IDA,2023-12-20,2027-07-31,1,1,0,LIC,1,1,1,157.0,5.056245805348308,2024,1.5277207392197125,0,3.6112251882272415,104
105,P155658,IN01416677-MW,TB case notification in target geographic areas,Number,infectious,TB and HIV,unit,0,unclassifiable,85095.0,734025.0,679703.0,0.26,0.26,0.0,0.0,0.0,0.0,0.0,0.0,0.0,1,0,0,1.0,,2024-06-30,Southern Africa TB and Health Systems,Lesotho,LSO,AFE,HNP,C,IPF,IDA,2016-05-26,2024-06-30,0,1,0,LMC,0,0,1,178.0,5.181783550292085,2016,9.095140314852841,0,8.095824777549623,105
106,P175167,IN01376172,Women and children from the conflict affected population receiving basic RMNCH services (Number),Number,other,Other services,direct,0,reach,1562173.0,1562173.0,2387912.0,1.0,1.0,1562173.0,1562173.0,2387912.0,0.0,0.825739,0.0,0.0,0,0,0,0.6447876447876448,0.0,2025-03-27,Ethiopia PforR  SPHCS,Ethiopia,ETH,AFE,HNP,A,P4R,IDA,2022-12-13,2026-06-30,1,1,0,Unknown,1,1,1,370.0000305,5.913503088070699,2023,2.546201232032854,0,3.5455167693360714,106
107,P160947,IN01337400,Number of people receiving tuberculosis treatment in accordance with the national guidelines (NCD),Number,infectious,TB and HIV,direct,0,reach,6169.0,7717.0,7100.0,1.0,1.0,0.0,0.0,0.0,0.0,0.0,0.0,0.0,1,0,0,0.9350699844479005,,2023-12-31,PNG - Emergency TB Project,Papua New Guinea,PNG,EAP,HNP,C,IPF,IDA,2017-05-31,2024-06-15,1,0,1,LMC,0,0,1,15.0,2.70805020110221,2017,8.082135523613964,0,7.041752224503765,107
108,P160947,IN01337416,"Number of people receiving tuberculosis treatment in accordance with national guidelines (Daru, Western Province)",Number,infectious,TB and HIV,direct,0,reach,480.0,661.0,612.0,1.0,1.0,0.0,0.0,0.0,0.0,0.0,0.0,0.0,1,0,0,0.9350699844479005,,2023-12-31,PNG - Emergency TB Project,Papua New Guinea,PNG,EAP,HNP,C,IPF,IDA,2017-05-31,2024-06-15,1,0,1,LMC,0,0,1,15.0,2.70805020110221,2017,8.082135523613964,0,7.041752224503765,108
109,P175493,IN01403904,Percentage of pregnant women in project areas receiving prescribed antenatal care services from the first trimester of pregnancy,Percentage,rmnch_fp,"Maternal, reproductive health and family planning",coverage,0,outcome,51.0,73.0,75.0,3246.0,3246.0,0.0,0.0,0.0,0.0,0.0,0.0,0.0,1,0,0,0.5032715376226826,,2024-12-31,Multisectoral Nutrition Project,Philippines,PHL,EAP,HNP,A,IPF,IBRD,2022-06-22,2027-06-30,0,0,0,LMC,1,1,0,178.1,5.182345190295616,2022,3.02258726899384,0,5.021218343600274,109
110,P155658,IN01416677-MZ,TB case notification in target geographic areas,Number,infectious,TB and HIV,unit,0,unclassifiable,85095.0,734025.0,679703.0,0.27,0.27,0.0,0.0,0.0,0.0,0.0,0.0,0.0,1,0,0,1.0,,2024-06-30,Southern Africa TB and Health Systems,Lesotho,LSO,AFE,HNP,C,IPF,IDA,2016-05-26,2024-06-30,0,1,0,LMC,0,0,1,178.0,5.181783550292085,2016,9.095140314852841,0,8.095824777549623,110
111,P172031,IN01419120,Percentage of children under one year of age receiving Pentavalent 3,Percentage,vaccination,Vaccination (incl. COVID-19),coverage,0,outcome,6.0,91.0,54.0,450.0,450.0,0.0,0.0,0.0,0.0,0.0,0.0,0.0,1,0,0,0.600656455142232,,2024-06-30,Improving Healthcare Services in Somalia,"Somalia, Federal Republic of",SOM,AFE,HNP,A,IPF,IDA,2021-06-28,2026-06-30,1,1,0,LIC,1,1,1,75.0,4.31748811353631,2021,4.005475701574264,0,5.004791238877481,111
112,P172031,IN01419124,Percentage of pregnant women who receive Tetanus Toxoid Vaccine during ANC,Percentage,vaccination,Vaccination (incl. COVID-19),coverage,0,outcome,52.0,36.0,70.0,2925.0,2925.0,0.0,0.0,0.0,0.0,0.0,0.0,0.0,1,0,0,0.600656455142232,,2024-06-30,Improving Healthcare Services in Somalia,"Somalia, Federal Republic of",SOM,AFE,HNP,A,IPF,IDA,2021-06-28,2026-06-30,1,1,0,LIC,1,1,1,75.0,4.31748811353631,2021,4.005475701574264,0,5.004791238877481,112
113,P172031,IN01419123,Percentage of women of childbearing age using modern contraceptives,Percentage,rmnch_fp,"Maternal, reproductive health and family planning",coverage,0,outcome,0.3,2.0,8.0,11700.0,11700.0,0.0,0.0,0.0,0.0,0.0,0.0,0.0,1,0,0,0.600656455142232,,2024-06-30,Improving Healthcare Services in Somalia,"Somalia, Federal Republic of",SOM,AFE,HNP,A,IPF,IDA,2021-06-28,2026-06-30,1,1,0,LIC,1,1,1,75.0,4.31748811353631,2021,4.005475701574264,0,5.004791238877481,113
114,P172031,IN01419121,Percentage of newborns receiving a postnatal care within two days of birth.,Percentage,rmnch_fp,"Maternal, reproductive health and family planning",coverage,0,outcome,9.0,61.0,42.0,2250.0,2250.0,0.0,0.0,0.0,0.0,0.0,0.0,0.0,1,0,0,0.600656455142232,,2024-06-30,Improving Healthcare Services in Somalia,"Somalia, Federal Republic of",SOM,AFE,HNP,A,IPF,IDA,2021-06-28,2026-06-30,1,1,0,LIC,1,1,1,75.0,4.31748811353631,2021,4.005475701574264,0,5.004791238877481,114
115,P172031,IN01419112,Percentage of births attended by skilled health personnel in a health facility,Percentage,rmnch_fp,"Maternal, reproductive health and family planning",coverage,0,outcome,28.0,53.0,60.0,1800.0,1800.0,0.0,0.0,0.0,0.0,0.0,0.0,0.0,1,0,0,0.600656455142232,,2024-06-30,Improving Healthcare Services in Somalia,"Somalia, Federal Republic of",SOM,AFE,HNP,A,IPF,IDA,2021-06-28,2026-06-30,1,1,0,LIC,1,1,1,75.0,4.31748811353631,2021,4.005475701574264,0,5.004791238877481,115
116,P150080,IN01361236-BF,2 (new): Number of new users of a modern contraceptive methods in the project's intervention areas,Number,rmnch_fp,"Maternal, reproductive health and family planning",adjusted,0,reach,0.0,1138331.0,1100647.0,0.05,0.05,0.0,0.0,0.0,0.0,0.0,0.0,0.0,1,0,0,0.975177304964539,,2024-10-01,SWEDD,Chad,TCD,AFW,HNP,C,IPF,IDA,2014-12-18,2024-12-31,1,1,0,LIC,0,0,1,580.6314376,6.364116196869395,2015,10.532511978097194,0,10.036960985626283,116
117,P150080,IN01361236-CI,2 (new): Number of new users of a modern contraceptive methods in the project's intervention areas,Number,rmnch_fp,"Maternal, reproductive health and family planning",adjusted,0,reach,0.0,1138331.0,1100647.0,0.14,0.14,0.0,0.0,0.0,0.0,0.0,0.0,0.0,1,0,0,0.975177304964539,,2024-10-01,SWEDD,Chad,TCD,AFW,HNP,C,IPF,IDA,2014-12-18,2024-12-31,1,1,0,LIC,0,0,1,580.6314376,6.364116196869395,2015,10.532511978097194,0,10.036960985626283,117
118,P150080,IN01361236-ML,2 (new): Number of new users of a modern contraceptive methods in the project's intervention areas,Number,rmnch_fp,"Maternal, reproductive health and family planning",adjusted,0,reach,0.0,1138331.0,1100647.0,0.16,0.16,0.0,0.0,0.0,0.0,0.0,0.0,0.0,1,0,0,0.975177304964539,,2024-10-01,SWEDD,Chad,TCD,AFW,HNP,C,IPF,IDA,2014-12-18,2024-12-31,1,1,0,LIC,0,0,1,580.6314376,6.364116196869395,2015,10.532511978097194,0,10.036960985626283,118
119,P150080,IN01361236-MR,2 (new): Number of new users of a modern contraceptive methods in the project's intervention areas,Number,rmnch_fp,"Maternal, reproductive health and family planning",adjusted,0,reach,0.0,1138331.0,1100647.0,0.11,0.11,0.0,0.0,0.0,0.0,0.0,0.0,0.0,1,0,0,0.975177304964539,,2024-10-01,SWEDD,Chad,TCD,AFW,HNP,C,IPF,IDA,2014-12-18,2024-12-31,1,1,0,LIC,0,0,1,580.6314376,6.364116196869395,2015,10.532511978097194,0,10.036960985626283,119
120,P150080,IN01361236-TD,2 (new): Number of new users of a modern contraceptive methods in the project's intervention areas,Number,rmnch_fp,"Maternal, reproductive health and family planning",adjusted,0,reach,0.0,1138331.0,1100647.0,0.11,0.11,0.0,0.0,0.0,0.0,0.0,0.0,0.0,1,0,0,0.975177304964539,,2024-10-01,SWEDD,Chad,TCD,AFW,HNP,C,IPF,IDA,2014-12-18,2024-12-31,1,1,0,LIC,0,0,1,580.6314376,6.364116196869395,2015,10.532511978097194,0,10.036960985626283,120
121,P173806,IN01395532,Number of OPD visits per 1000 population,Number,outpatient,Outpatient visits and consultations,unit,0,reach,930.0,1163.0,1100.0,5965.3,5965.3,0.0,0.0,0.0,0.0,0.0,0.0,0.0,1,0,0,0.8016291327264016,,2024-11-12,Malawi COVID-19 Emergency Response,Malawi,MWI,AFE,HNP,A,IPF,IDA,2020-04-14,2025-12-31,0,1,0,LIC,1,1,1,86.9,4.464758032271346,2020,5.210130047912389,0,5.713894592744696,121
122,P175493,IN01403975,Percentage of 6-59 month-old children who received Vitamin A within the past six months,Percentage,other,Other services,coverage,0,outcome,59.0,34.48,75.0,16312.94,16312.94,0.0,0.0,0.0,0.0,0.0,0.0,0.0,1,0,0,0.5038167938931297,,2025-01-01,Multisectoral Nutrition Project,Philippines,PHL,EAP,HNP,A,IPF,IBRD,2022-06-22,2027-06-30,0,0,0,LMC,1,1,0,178.1,5.182345190295616,2022,3.02258726899384,0,5.021218343600274,122
123,P169866,IN01379303,Percentage of women 50 - 69 years of age screened for breast cancer according to defined protocols.,Percentage,ncd_screening,"Screening (NCDs, mental health)",coverage,0,outcome,21.2,37.92,30.0,53253.04,53253.04,0.0,0.0,0.0,0.0,0.0,0.0,0.0,1,0,0,0.790045766590389,,2023-12-30,Improving Health Quality and Efficieny,Colombia,COL,LCR,HNP,C,P4R,IBRD,2020-03-19,2024-12-31,0,0,0,UMC,0,0,0,150.0,5.0106352940962555,2020,5.281314168377824,0,4.785763175906913,123
124,P504531,IN00014267,"People who have received essential health, nutrition, and population (HNP) services",Number,aggregate,Aggregate HNP service count,adjusted,0,reach,31972364.0,0.0,33590964.0,0.395861421,0.395861421,0.0,0.0,0.0,0.0,0.0,0.0,0.0,1,1,0,0.1908237747653806,,2025-03-31,Burundi - HEPRR,Burundi,BDI,AFE,HNP,A,IPF,IDA,2024-03-30,2029-06-30,1,1,0,LIC,1,1,1,50.0,3.912023005428146,2024,1.2511978097193703,0,5.25119780971937,124
125,P173750,IN01414409,"Percentage of priority population vaccinated, which is included in the priority population targets defined in national plan by gender",Percentage,vaccination,Vaccination (incl. COVID-19),coverage,0,outcome,0.0,76.8,70.0,224157.46,224157.46,0.0,0.0,0.0,0.0,0.0,0.0,0.0,1,0,0,0.8975702715578847,,2025-05-30,Ethiopia COVID-19 Emergency Response,Ethiopia,ETH,AFE,HNP,A,IPF,IDA,2020-04-02,2025-12-31,1,1,0,Unknown,1,1,1,573.89982351,6.352454857586826,2020,5.242984257357974,0,5.746748802190281,125
126,P125229,IN01375009,"Percentage of 15-49-year-old women who are new acceptors of long term, reversible family planning methods in participating districts",Percentage,rmnch_fp,"Maternal, reproductive health and family planning",coverage,0,outcome,21.4,17.0,25.0,20000.0,20000.0,0.0,0.0,0.0,0.0,0.0,0.0,0.0,0,0,0,1.0,,2024-03-31,ZW-Health Sector Development Proj (FY12),Zimbabwe,ZWE,AFE,HNP,C,IPF,RETF,2011-09-29,2024-03-31,1,0,0,LMC,0,0,0,78.0,4.356708826689592,2012,13.752224503764545,0,12.503764544832306,126
127,P172031,IN01419116,Percentage of children between 6-59 months old receiving Vitamin A supplementation,Percentage,other,Other services,coverage,0,outcome,10.0,56.0,70.0,4500.0,4500.0,0.0,0.0,0.0,0.0,0.0,0.0,0.0,1,0,0,0.600656455142232,,2024-06-30,Improving Healthcare Services in Somalia,"Somalia, Federal Republic of",SOM,AFE,HNP,A,IPF,IDA,2021-06-28,2026-06-30,1,1,0,LIC,1,1,1,75.0,4.31748811353631,2021,4.005475701574264,0,5.004791238877481,127
128,P155658,IN01416677-LS,TB case notification in target geographic areas,Number,infectious,TB and HIV,unit,0,unclassifiable,85095.0,734025.0,679703.0,0.21,0.21,0.0,0.0,0.0,0.0,0.0,0.0,0.0,1,0,0,1.0,,2024-06-30,Southern Africa TB and Health Systems,Lesotho,LSO,AFE,HNP,C,IPF,IDA,2016-05-26,2024-06-30,0,1,0,LMC,0,0,1,178.0,5.181783550292085,2016,9.095140314852841,0,8.095824777549623,128
129,P180491,IN01394416,People with strengthened food and nutrition security: Number of children under age five who are monitored for their growth and development,Number of people,nutrition,Nutrition services,direct,0,reach,14035608.0,14035608.0,15846655.0,1.0,1.0,0.0,0.0,0.0,0.0,0.0,0.0,0.0,1,0,0,0.1901743264659271,,2024-06-20,INEY Phase 2,Indonesia,IDN,EAP,HNP,A,P4R,IBRD,2023-06-26,2028-08-31,0,0,0,UMC,1,1,0,600.0,6.396929655216146,2023,2.0123203285420943,0,5.1827515400410675,129
130,P167959,IN01351948,"People who have received essential health, nutrition, and population (HNP) services",Number,aggregate,Aggregate HNP service count,direct,0,reach,723244.0,6434367.0,6143621.0,1.0,1.0,0.0,0.0,0.0,0.0,0.0,0.0,0.0,1,0,0,0.9688487584650113,,2025-02-04,Strategic Purchasing in Health,Cote d'Ivoire,CIV,AFW,HNP,C,IPF,IDA,2019-03-22,2025-04-14,0,0,0,LMC,0,0,1,200.0,5.298317366548036,2019,6.275154004106776,0,6.064339493497604,130
131,P148531,IN01360757,"Number of outpatient visits to Primary Health Centers (PHCs), CHCs, and mobile vans per year, disaggregated by districts",Number,outpatient,Outpatient visits and consultations,direct,0,reach,774926.0,4015828.0,1232128.0,1.0,1.0,0.0,0.0,0.0,0.0,0.0,0.0,0.0,1,0,0,0.9792817679558011,,2024-11-01,Uttarakhand Health Systems Devp Proj,India,IND,SAR,HNP,C,IPF,IDA,2017-01-26,2024-12-31,0,0,0,LMC,0,0,1,66.17,4.192227188023968,2017,8.424366872005475,0,7.928815879534565,131
132,P166373,IN01425330,"People who have received essential health, nutrition, and population (HNP) services",Number,aggregate,Aggregate HNP service count,direct,0,reach,0.0,4082246.0,3600000.0,1.0,1.0,0.0,0.0,0.0,0.0,0.0,0.0,0.0,1,0,0,0.9889473684210527,,2024-05-10,India TN Health System Reform Program,India,IND,SAR,HNP,C,P4R,IBRD,2019-03-19,2024-05-31,0,0,0,LMC,0,0,0,287.0,5.659482215759621,2019,6.283367556468172,0,5.201916495550993,132
133,P168756,IN01381495,Number of women using family planning services in targeted health zones,Number,rmnch_fp,"Maternal, reproductive health and family planning",adjusted,0,reach,323154.0,2656320.0,1000000.0,0.23255814,0.23255814,0.0,0.0,0.0,0.0,0.0,0.0,0.0,1,0,0,0.7810331534309946,,2024-12-13,DRC Nutrition Project,"Congo, Democratic Republic of",COD,AFE,HNP,A,IPF,IDA,2019-05-28,2026-07-04,1,1,0,LIC,1,1,1,542.0,6.295266001439646,2019,6.091718001368926,0,7.101984941820671,133
134,P150080,IN01361236-NE,2 (new): Number of new users of a modern contraceptive methods in the project's intervention areas,Number,rmnch_fp,"Maternal, reproductive health and family planning",adjusted,0,reach,0.0,1138331.0,1100647.0,0.08,0.08,0.0,0.0,0.0,0.0,0.0,0.0,0.0,1,0,0,0.975177304964539,,2024-10-01,SWEDD,Chad,TCD,AFW,HNP,C,IPF,IDA,2014-12-18,2024-12-31,1,1,0,LIC,0,0,1,580.6314376,6.364116196869395,2015,10.532511978097194,0,10.036960985626283,134
135,P167000,IN01361945,"People who have received essential health, nutrition, and population (HNP) services",Number,aggregate,Aggregate HNP service count,adjusted,0,reach,0.0,2185129.0,3400000.0,0.885,0.885,0.0,0.0,0.0,0.0,0.0,0.0,0.0,1,0,0,0.8556851311953353,,2024-11-30,EG: Transforming Egypt's Healthcare Sys,"Egypt, Arab Republic of",EGY,MENAAP,HNP,A,IPF,IBRD,2018-06-27,2025-12-31,0,0,0,LMC,0,1,0,530.0,6.272877006546167,2018,7.008898015058179,0,7.512662559890486,135
136,P173806,IN01395527,Percentage of targeted population fully vaccinated based on the targets defined in national plan (Percentage),Percentage,vaccination,Vaccination (incl. COVID-19),coverage,0,outcome,0.0,43.2,30.0,41140.0,41140.0,0.0,0.0,0.0,0.0,0.0,0.0,0.0,1,0,0,0.8016291327264016,,2024-11-12,Malawi COVID-19 Emergency Response,Malawi,MWI,AFE,HNP,A,IPF,IDA,2020-04-14,2025-12-31,0,1,0,LIC,1,1,1,86.9,4.464758032271346,2020,5.210130047912389,0,5.713894592744696,136
137,P161246,IN00024132,"People receiving quality health, nutrition, and population services",Number of people,aggregate,Aggregate HNP service count,direct,0,reach,0.0,65852.0,0.0,1.0,1.0,0.0,0.0,0.0,0.0,0.0,0.0,0.0,1,0,0,0.8068862275449101,,2024-10-31,Livestock Development Project,Bangladesh,BGD,SAR,AGR,A,IPF,IDA,2018-12-06,2026-03-31,0,1,0,LMC,0,1,1,500.0,6.214608098422191,2019,6.565366187542779,0,7.315537303216975,137
138,P163954,IN01382519,Children 12-59 months of age attending at least one healthcare consultation,Number,outpatient,Outpatient visits and consultations,direct,0,reach,122535.0,768576.0,700000.0,1.0,1.0,0.0,0.0,0.0,0.0,0.0,0.0,0.0,0,0,0,0.93058568329718,,2025-06-17,Strengthening Health Service Delivery,Guinea-Bissau,GNB,AFW,HNP,A,IPF,IDA,2018-05-31,2025-12-26,1,1,1,LIC,0,1,1,25.0,3.2188758248682006,2018,7.082819986310746,0,7.572895277207392,138
139,P504281,IN00040115,"People receiving -quality health, nutrition, and population services",Number,aggregate,Aggregate HNP service count,direct,0,reach,0.0,0.0,3036000.0,1.0,1.0,0.0,0.0,0.0,0.0,0.0,0.0,0.0,1,1,0,0.08856088560885608,,2025-06-09,INSPIRER,Ethiopia,ETH,AFE,HNP,A,IPF,IDA,2025-01-16,2029-06-30,1,1,0,Unknown,1,1,1,60.0,4.0943445622221,2025,0.4517453798767967,1,4.4517453798767965,139
140,P166211,IN00050213,Number of women and children who have received basic nutrition services,Number of people,nutrition,Nutrition services,direct,0,reach,0.0,787948.0,1000000.0,1.0,1.0,0.0,0.0,0.0,0.0,0.0,0.0,0.0,1,0,0,0.9989615784008308,,2024-05-29,EY Nutrition and Child Development,Benin,BEN,AFW,HNP,C,IPF,IDA,2019-02-21,2024-05-31,0,1,0,LMC,0,0,1,50.0,3.912023005428146,2019,6.354551676933607,0,5.2731006160164275,140
141,P148531,IN01360898,No of patients using telemedicine consultation in the state,Number,outpatient,Outpatient visits and consultations,direct,0,reach,0.0,1332382.0,480000.0,1.0,1.0,0.0,0.0,0.0,0.0,0.0,0.0,0.0,1,0,0,0.9792817679558011,,2024-11-01,Uttarakhand Health Systems Devp Proj,India,IND,SAR,HNP,C,IPF,IDA,2017-01-26,2024-12-31,0,0,0,LMC,0,0,1,66.17,4.192227188023968,2017,8.424366872005475,0,7.928815879534565,141
142,P150080,IN01361236-BJ,2 (new): Number of new users of a modern contraceptive methods in the project's intervention areas,Number,rmnch_fp,"Maternal, reproductive health and family planning",adjusted,0,reach,0.0,1138331.0,1100647.0,0.14,0.14,0.0,0.0,0.0,0.0,0.0,0.0,0.0,1,0,0,0.975177304964539,,2024-10-01,SWEDD,Chad,TCD,AFW,HNP,C,IPF,IDA,2014-12-18,2024-12-31,1,1,0,LIC,0,0,1,580.6314376,6.364116196869395,2015,10.532511978097194,0,10.036960985626283,142
143,P178146,,Increased footfalls at Health and Wellness Centers (CRI),Text,other,Other services,zero,0,unclassifiable,,,,,,0.0,0.0,0.0,0.0,0.0,0.0,0.0,1,1,0,0.48304157549234134,,2024-11-27,India's EHSDP,India,IND,SAR,HNP,A,P4R,IBRD,2022-06-28,2027-06-30,0,0,0,LMC,0,1,0,500.0,6.214608098422191,2022,3.0061601642710474,0,5.004791238877481,143
144,P173820,IN01419852,Male population vaccinated,Percentage,vaccination,Vaccination (incl. COVID-19),coverage,0,outcome,0.0,47.0,50.0,305000.0,305000.0,0.0,0.0,0.0,0.0,0.0,0.0,0.0,0,0,0,0.8693994280266921,,2025-03-31,KENYA COVID-19 EMERGENCY RESPONSE PROJEC,Kenya,KEN,AFE,HNP,A,IPF,IDA,2020-04-02,2025-12-30,0,0,0,LMC,1,1,1,185.14520709,5.221140420392097,2020,5.242984257357974,0,5.7440109514031485,144
145,P164452,IN01395453,"People who have received essential health, nutrition, and population (HNP) services",Number,aggregate,Aggregate HNP service count,direct,0,reach,0.0,2404085.0,0.0,1.0,1.0,0.0,0.0,0.0,0.0,0.0,0.0,0.0,1,0,0,0.8324154209284028,,2023-12-30,NI - Integrated Public Provision HCS,Nicaragua,NIC,LCR,HNP,C,IPF,IDA,2018-03-15,2025-02-28,0,0,0,LMC,0,0,1,60.0,4.0943445622221,2018,7.293634496919918,0,6.959616700889802,145
146,P503763,IN00033502,"Number of people receiving quality health, nutrition, and population services",Number of people,aggregate,Aggregate HNP service count,direct,0,reach,0.0,0.0,10000000.0,1.0,1.0,0.0,0.0,10000000.0,0.0,10.0,0.0,0.0,0,1,0,0.013381369016984045,0.0,2025-03-31,PH HSRP,Philippines,PHL,EAP,HNP,A,IPF,IBRD,2025-03-05,2030-06-30,0,0,0,LMC,1,1,0,495.6,6.205769149754987,2025,0.3203285420944558,1,5.319644079397673,146
147,P180539,IN00028392,Number of women and children who have received basic nutrition services,Number of people,nutrition,Nutrition services,direct,0,reach,0.0,0.0,10140332.0,1.0,1.0,0.0,0.0,0.0,0.0,0.0,0.0,0.0,1,1,0,0.049099836333878884,,2025-04-24,Health System Performance and Resilience,Burkina Faso,BFA,AFW,HNP,A,IPF,IDA,2025-01-24,2030-01-31,1,1,0,LIC,1,1,1,150.0,5.0106352940962555,2025,0.42984257357973993,1,5.018480492813142,147
148,P180539,IN00028391,Number of children immunized,Number of people,vaccination,Vaccination (incl. COVID-19),direct,0,reach,0.0,0.0,4558671.0,1.0,1.0,0.0,0.0,0.0,0.0,0.0,0.0,0.0,1,1,0,0.049099836333878884,,2025-04-24,Health System Performance and Resilience,Burkina Faso,BFA,AFW,HNP,A,IPF,IDA,2025-01-24,2030-01-31,1,1,0,LIC,1,1,1,150.0,5.0106352940962555,2025,0.42984257357973993,1,5.018480492813142,148
149,P167581,IN01375945,Increase in the percentage of women above age 30 years screened for cervical cancer at subcenters or PHC facilities,Percentage,ncd_screening,"Screening (NCDs, mental health)",coverage,0,outcome,26.0,,70.0,151566.0,151566.0,0.0,0.0,0.0,0.0,0.0,0.0,0.0,1,1,0,0.9855612482533768,,2025-02-28,Andhra Pradesh HSSP,India,IND,SAR,HNP,C,IPF,IBRD,2019-05-15,2025-03-31,0,0,0,LMC,0,0,0,294.89,5.686602405446348,2019,6.1273100616016425,0,5.878165639972622,149
150,P173746,IN00023478,"People receiving quality health, nutrition, and population services",Number of people,aggregate,Aggregate HNP service count,direct,0,reach,0.0,0.0,0.0,1.0,1.0,0.0,0.0,0.0,0.0,0.0,0.0,0.0,1,1,0,0.6529796511627907,,2025-05-20,Emerging Infectious Disease PPR,China,CHN,EAP,HNP,A,IPF,IBRD,2020-06-18,2027-12-31,0,0,0,UMC,1,1,0,281.0,5.638354669333745,2020,5.032169746748802,0,7.534565366187543,150
151,P180539,IN00028393,Number of women receiving deliveries attended by skilled health personnel,Number of people,rmnch_fp,"Maternal, reproductive health and family planning",direct,0,reach,0.0,0.0,4258279.0,1.0,1.0,0.0,0.0,0.0,0.0,0.0,0.0,0.0,1,1,0,0.049099836333878884,,2025-04-24,Health System Performance and Resilience,Burkina Faso,BFA,AFW,HNP,A,IPF,IDA,2025-01-24,2030-01-31,1,1,0,LIC,1,1,1,150.0,5.0106352940962555,2025,0.42984257357973993,1,5.018480492813142,151
152,P173589,IN01404286,Increase in number of patients utilizing government health services OPD in targeted facilities.,Number,facilities,Health facilities,direct,0,output,1650932.0,1403441.0,1800000.0,1.0,1.0,0.0,0.0,0.0,0.0,0.0,0.0,0.0,1,0,0,0.6070717131474104,,2025-01-31,MEGHALAYA HSSP,India,IND,SAR,HNP,A,IPF,IBRD,2021-09-30,2027-03-31,0,0,0,LMC,1,1,0,40.0,3.6888794541139363,2022,3.7481177275838466,0,5.49760438056126,152
153,P503776,IN00016840,"People receiving quality health, nutrition, and population services",Number,aggregate,Aggregate HNP service count,adjusted,0,reach,0.0,0.0,8390195.0,0.4,0.4,0.0,0.0,3356078.0,0.0,3.356078,0.0,0.0,0,1,0,0.12035010940919037,0.0,2025-02-03,ARISE,Mali,MLI,AFW,HNP,A,IPF,IDA,2024-06-28,2029-06-30,1,1,0,LIC,1,1,1,100.0,4.605170185988092,2024,1.0047912388774811,0,5.004791238877481,153
154,P173589,IN01404293,Increase in number of women patients utilizing government health services IPD in targeted facilities.,Number,facilities,Health facilities,direct,0,output,84055.0,81116.0,123064.0,1.0,1.0,0.0,0.0,0.0,0.0,0.0,0.0,0.0,1,0,0,0.6070717131474104,,2025-01-31,MEGHALAYA HSSP,India,IND,SAR,HNP,A,IPF,IBRD,2021-09-30,2027-03-31,0,0,0,LMC,1,1,0,40.0,3.6888794541139363,2022,3.7481177275838466,0,5.49760438056126,154
155,P164785,IN00034053,Number of children immunized,Number of people,vaccination,Vaccination (incl. COVID-19),direct,0,reach,0.0,373563.0,490004.0,1.0,1.0,0.0,0.0,0.0,0.0,0.0,0.0,0.0,1,0,0,0.8025974025974026,,2025-03-31,PHCIP,Pakistan,PAK,MENAAP,SPL,A,IPF,IDA,2020-03-03,2026-06-30,0,0,0,LMC,0,1,1,200.0,5.298317366548036,2020,5.325119780971937,0,6.324435318275154,155
156,P176693,IN00046121-MR,Number of people receiving outpatient services,Number of people,outpatient,Outpatient visits and consultations,adjusted,0,reach,1327022.0,1352147.0,2796385.0,0.05,0.05,0.0,0.0,0.0,0.0,0.0,0.0,0.0,1,0,0,0.17721005677210055,,2024-12-09,SWEDD+,Chad,TCD,AFW,HNP,A,IPF,IDA,2023-09-29,2030-06-30,1,1,0,LIC,1,1,1,445.0,6.09807428216624,2024,1.7522245037645447,0,6.751540041067762,156
157,P176693,IN00046121-GM,Number of people receiving outpatient services,Number of people,outpatient,Outpatient visits and consultations,adjusted,0,reach,1327022.0,1352147.0,2796385.0,0.06,0.06,0.0,0.0,0.0,0.0,0.0,0.0,0.0,1,0,0,0.17721005677210055,,2024-12-09,SWEDD+,Chad,TCD,AFW,HNP,A,IPF,IDA,2023-09-29,2030-06-30,1,1,0,LIC,1,1,1,445.0,6.09807428216624,2024,1.7522245037645447,0,6.751540041067762,157
158,P169315,IN01370357,Pregnant women and children under 2 being reached by nutrition services,Number,rmnch_fp,"Maternal, reproductive health and family planning",direct,0,reach,0.0,11705.0,12000.0,1.0,1.0,0.0,0.0,0.0,0.0,0.0,0.0,0.0,1,0,0,0.7263487099296325,,2025-03-31,Burundi Integrated Community Development,Burundi,BDI,AFE,SOC,A,IPF,IDA,2020-02-28,2027-03-01,1,1,0,LIC,1,1,1,60.0,4.0943445622221,2020,5.336071184120465,0,7.003422313483915,158
159,P169315,IN00040268,"Health infrastructure (hospitals, health care centers)",Number,other,Other services,unit,0,unclassifiable,0.0,44.0,60.0,3300.0,3300.0,0.0,0.0,0.0,0.0,0.0,0.0,0.0,1,0,0,0.7263487099296325,,2025-03-31,Burundi Integrated Community Development,Burundi,BDI,AFE,SOC,A,IPF,IDA,2020-02-28,2027-03-01,1,1,0,LIC,1,1,1,60.0,4.0943445622221,2020,5.336071184120465,0,7.003422313483915,159
160,P505188,IN00018193,"People receiving quality health, nutrition, and population services",Number of people,aggregate,Aggregate HNP service count,direct,0,reach,0.0,0.0,4500.0,1.0,1.0,0.0,0.0,0.0,0.0,0.0,0.0,0.0,1,1,0,0.14867064568638091,,2025-03-14,Zambia HEPRR,Zambia,ZMB,AFE,HNP,A,IPF,IDA,2024-06-13,2029-06-30,0,1,0,LMC,1,1,1,50.0,3.912023005428146,2024,1.0458590006844628,0,5.045859000684462,160
161,P173958,IN01359253,"People who have received essential health, nutrition, and population (HNP) services",Number,aggregate,Aggregate HNP service count,direct,0,reach,14753.0,69346.0,88630.0,1.0,1.0,0.0,0.0,0.0,0.0,0.0,0.0,0.0,1,0,0,0.7946330777656079,,2025-03-21,Mizoram HSSP,India,IND,SAR,HNP,A,IPF,IBRD,2021-03-31,2026-03-31,0,0,0,LMC,1,1,0,32.0,3.4657359027997265,2021,4.249144421629021,0,4.999315537303217,161
162,P178410,IN00025790,"People receiving quality health, nutrition, and population services",Number of people,aggregate,Aggregate HNP service count,direct,0,reach,0.0,0.0,0.0,1.0,1.0,0.0,0.0,0.0,0.0,0.0,0.0,0.0,1,1,0,0.4044168391994479,,2025-02-17,Punjab Family Planning Program,Pakistan,PAK,MENAAP,HNP,A,P4R,IDA,2023-07-12,2027-06-30,0,0,0,LMC,1,1,1,100.0,4.605170185988092,2024,1.9685147159479808,0,3.9671457905544147,162
163,P171158,IN01430490,Referrals made by CHW to health facility,Number,facilities,Health facilities,direct,0,unclassifiable,0.0,6250.0,52000.0,1.0,1.0,0.0,0.0,0.0,0.0,0.0,0.0,0.0,1,0,0,0.6797223599405057,,2025-03-25,CAR Human Capital (Maïngo) Project,Central African Republic,CAF,AFW,HNP,A,IPF,IDA,2021-06-23,2026-12-31,1,1,0,LIC,1,1,1,90.0,4.499809670330265,2021,4.0191649555099245,0,5.522245037645448,163
164,P179913,IN00007424,"Number of screenings for hypertension, diabetes, and cervical cancer at district health facilities",Number,ncd_screening,"Screening (NCDs, mental health)",unit,0,output,279000.0,555087.0,2426000.0,0.376,0.376,0.0,0.0,0.0,0.0,0.0,0.0,0.0,1,0,0,0.19128466327108093,,2025-02-01,DCHSRO,Mozambique,MOZ,AFE,HNP,A,P4R,IDA,2024-02-29,2028-12-31,1,1,0,LIC,1,1,1,108.7,4.688591794127164,2024,1.3333333333333333,0,4.837782340862423,164
165,P164845,IN01380078,"People who have received essential health, nutrition, and population (HNP) services",Number,aggregate,Aggregate HNP service count,direct,0,reach,215460.0,681698.0,506124.0,1.0,1.0,0.0,0.0,0.0,0.0,0.0,0.0,0.0,1,0,0,0.7394341599720573,,2023-12-16,Rwanda Stunting Prevention and Reduction,Rwanda,RWA,AFE,HNP,A,IPF,IDA,2018-02-28,2025-12-31,0,1,0,LIC,0,1,1,95.0,4.553876891600541,2018,7.3347022587268995,0,7.838466803559206,165
166,P173731,IN00023843,"People receiving quality health, nutrition, and population services",Number of people,aggregate,Aggregate HNP service count,direct,0,reach,39247.0,108493.0,60000.0,1.0,1.0,0.0,0.0,0.0,0.0,0.0,0.0,0.0,1,0,0,0.6950710108604845,,2024-12-31,Somalia RCRF III,"Somalia, Federal Republic of",SOM,AFE,GOV,A,IPF,IDA,2020-06-11,2026-12-31,1,1,0,LIC,1,1,1,195.0,5.272999558563747,2020,5.0513347022587265,0,6.55441478439425,166
167,P144688,IN01432071,"People receiving quality health, nutrition, and population services",Number,aggregate,Aggregate HNP service count,adjusted,0,reach,900000.0,900000.0,900000.0,0.215982721,0.215982721,0.0,0.0,0.0,0.0,0.0,0.0,0.0,1,0,0,0.9751809720785936,,2025-06-26,Albania Health System Improvement,Albania,ALB,ECA,HNP,C,IPF,IBRD,2015-02-27,2025-09-30,0,0,0,UMC,0,0,0,69.5,4.241326752570746,2015,10.338124572210814,0,10.590006844626968,167
168,P179534,IN01350033,"Patients with a consultation properly registered in the IHR, by gender",Number,outpatient,Outpatient visits and consultations,direct,0,reach,0.0,227743.0,334114.0,1.0,1.0,0.0,0.0,0.0,0.0,0.0,0.0,0.0,1,0,0,0.3899641577060932,,2024-12-30,Digital Health Agenda in the PBA,Argentina,ARG,LCR,HNP,A,IPF,IBRD,2023-07-05,2027-04-30,0,0,0,UMC,1,1,0,50.0,3.912023005428146,2024,1.9876796714579055,0,3.8193018480492813,168
169,P171158,IN01430481,New users of a modern contraceptive methods,Number,rmnch_fp,"Maternal, reproductive health and family planning",direct,0,reach,0.0,0.0,25000.0,1.0,1.0,0.0,0.0,0.0,0.0,0.0,0.0,0.0,1,1,0,0.6797223599405057,,2025-03-25,CAR Human Capital (Maïngo) Project,Central African Republic,CAF,AFW,HNP,A,IPF,IDA,2021-06-23,2026-12-31,1,1,0,LIC,1,1,1,90.0,4.499809670330265,2021,4.0191649555099245,0,5.522245037645448,169
170,P179913,IN00007099,Percentage of eligible adolescent girls as per national protocols vaccinated against HPV in target districts,Percentage,vaccination,Vaccination (incl. COVID-19),coverage,0,outcome,49.0,100.0,75.0,5100.0,5100.0,0.0,0.0,0.0,0.0,0.0,0.0,0.0,1,0,0,0.17374080362195812,,2025-01-01,DCHSRO,Mozambique,MOZ,AFE,HNP,A,P4R,IDA,2024-02-29,2028-12-31,1,1,0,LIC,1,1,1,108.7,4.688591794127164,2024,1.3333333333333333,0,4.837782340862423,170
171,P504629,IN00022519,"People receiving quality health, nutrition, and population services",Number,aggregate,Aggregate HNP service count,direct,0,reach,0.0,0.0,8000000.0,1.0,1.0,0.0,0.0,0.0,0.0,0.0,0.0,0.0,1,1,0,0.10269576379974327,,2025-03-03,SHARE,Sudan,SDN,AFE,HNP,A,IPF,IDA,2024-12-13,2027-01-31,1,1,0,LIC,1,1,1,82.0,4.406719247264253,2025,0.5448323066392882,1,2.132785763175907,171
172,P179509,IN00039629,Number of women and children who have received basic nutrition services,Number of people,nutrition,Nutrition services,adjusted,0,reach,0.0,0.0,10000.0,0.68,0.68,0.0,0.0,0.0,0.0,0.0,0.0,0.0,1,1,0,0.03997867803837953,,2025-03-25,Human Capital Project,Guinea-Bissau,GNB,AFW,HNP,A,IPF,IDA,2025-01-09,2030-02-28,1,1,1,LIC,1,1,1,20.0,2.995732273553991,2025,0.47091033538672145,1,5.136208076659822,172
173,P176141,IN01407185,"Percentage of population vaccinated, which is included in the priority population as defined in the national plan, disaggregated by gender",Percentage,vaccination,Vaccination (incl. COVID-19),coverage,0,outcome,39.0,50.4,65.0,36622.79,36622.79,0.0,0.0,0.0,0.0,0.0,0.0,0.0,1,0,0,0.8285291943828529,,2025-03-28,COVID-19 & EHS,Zimbabwe,ZWE,AFE,HNP,C,IPF,RETF,2022-03-03,2025-11-15,1,0,0,LMC,1,0,0,21.575,3.0715352369694915,2022,3.326488706365503,0,3.704312114989733,173
174,P172284,IN01434675,"People who have received essential health, nutrition, and population (HNP) services",Number,aggregate,Aggregate HNP service count,adjusted,0,reach,0.0,1824000.0,2280000.0,0.863,0.863,0.0,0.0,0.0,0.0,0.0,0.0,0.0,1,0,0,0.2943722943722944,,2024-12-11,Ethiopia Human Capital Operation,Ethiopia,ETH,AFE,EDU,A,P4R,IDA,2023-06-16,2028-07-07,1,1,0,Unknown,1,1,1,400.0,5.991464547107982,2023,2.0396988364134154,0,5.059548254620124,174
175,P162069,IN01365636,"People who have received essential health, nutrition, and population (HNP) services",Number,aggregate,Aggregate HNP service count,direct,0,reach,0.0,13344813.0,4260143.0,1.0,1.0,0.0,0.0,0.0,0.0,0.0,0.0,0.0,1,0,0,1.0,,2024-12-31,Nigeria Nutrition Improvement Project,Nigeria,NGA,AFW,HNP,C,IPF,IDA,2018-06-27,2024-12-31,1,0,0,LMC,0,0,1,143.20000049,4.964242257948333,2018,7.008898015058179,0,6.513347022587269,175
176,P179509,IN00011489,Children (0-10 years) benefiting from the package of essential social services in Oio and Bafata,Number,other,Other services,adjusted,0,reach,0.0,0.0,526741.0,0.68,0.68,0.0,0.0,0.0,0.0,0.0,0.0,0.0,1,1,0,0.03997867803837953,,2025-03-25,Human Capital Project,Guinea-Bissau,GNB,AFW,HNP,A,IPF,IDA,2025-01-09,2030-02-28,1,1,1,LIC,1,1,1,20.0,2.995732273553991,2025,0.47091033538672145,1,5.136208076659822,176
177,P176141,IN01407205,Percentage of women attending four or more ANC visits,Percentage,outpatient,Outpatient visits and consultations,coverage,0,outcome,81.0,71.0,85.0,42000.0,42000.0,0.0,0.0,0.0,0.0,0.0,0.0,0.0,1,0,0,0.8285291943828529,,2025-03-28,COVID-19 & EHS,Zimbabwe,ZWE,AFE,HNP,C,IPF,RETF,2022-03-03,2025-11-15,1,0,0,LMC,1,0,0,21.575,3.0715352369694915,2022,3.326488706365503,0,3.704312114989733,177
178,P164785,IN00033721,Number of outpatient service encounters,Number of visits,outpatient,Outpatient visits and consultations,unit,0,unclassifiable,0.0,1454835.0,1410929.0,0.209643606,0.209643606,0.0,0.0,0.0,0.0,0.0,0.0,0.0,1,0,0,0.8025974025974026,,2025-03-31,PHCIP,Pakistan,PAK,MENAAP,SPL,A,IPF,IDA,2020-03-03,2026-06-30,0,0,0,LMC,0,1,1,200.0,5.298317366548036,2020,5.325119780971937,0,6.324435318275154,178
179,P175110,IN01394343,"People who have received essential health, nutrition, and population (HNP) services",Number,aggregate,Aggregate HNP service count,direct,0,reach,0.0,3479011.0,2796498.0,1.0,1.0,0.0,0.0,0.0,0.0,0.0,0.0,0.0,1,0,0,0.6480582524271845,,2025-05-30,Phase 2 of Improving Nutrition Outcomes,Madagascar,MDG,AFE,HNP,A,IPF,IDA,2022-06-27,2026-12-31,0,1,0,LIC,1,1,1,85.0,4.442651256490317,2022,3.0088980150581794,0,4.511978097193703,179
180,P164785,IN00034054,Number of women receiving deliveries attended by skilled health personnel,Number of people,rmnch_fp,"Maternal, reproductive health and family planning",direct,0,reach,0.0,418980.0,767625.0,1.0,1.0,0.0,0.0,0.0,0.0,0.0,0.0,0.0,1,0,0,0.8025974025974026,,2025-03-31,PHCIP,Pakistan,PAK,MENAAP,SPL,A,IPF,IDA,2020-03-03,2026-06-30,0,0,0,LMC,0,1,1,200.0,5.298317366548036,2020,5.325119780971937,0,6.324435318275154,180
181,P176693,IN00046121-ML,Number of people receiving outpatient services,Number of people,outpatient,Outpatient visits and consultations,adjusted,0,reach,1327022.0,1352147.0,2796385.0,0.15,0.15,0.0,0.0,0.0,0.0,0.0,0.0,0.0,1,0,0,0.17721005677210055,,2024-12-09,SWEDD+,Chad,TCD,AFW,HNP,A,IPF,IDA,2023-09-29,2030-06-30,1,1,0,LIC,1,1,1,445.0,6.09807428216624,2024,1.7522245037645447,0,6.751540041067762,181
182,P176693,IN00046121-BF,Number of people receiving outpatient services,Number of people,outpatient,Outpatient visits and consultations,adjusted,0,reach,1327022.0,1352147.0,2796385.0,0.16,0.16,0.0,0.0,0.0,0.0,0.0,0.0,0.0,1,0,0,0.17721005677210055,,2024-12-09,SWEDD+,Chad,TCD,AFW,HNP,A,IPF,IDA,2023-09-29,2030-06-30,1,1,0,LIC,1,1,1,445.0,6.09807428216624,2024,1.7522245037645447,0,6.751540041067762,182
183,P176693,IN00046121-SN,Number of people receiving outpatient services,Number of people,outpatient,Outpatient visits and consultations,adjusted,0,reach,1327022.0,1352147.0,2796385.0,0.24,0.24,0.0,0.0,0.0,0.0,0.0,0.0,0.0,1,0,0,0.17721005677210055,,2024-12-09,SWEDD+,Chad,TCD,AFW,HNP,A,IPF,IDA,2023-09-29,2030-06-30,1,1,0,LIC,1,1,1,445.0,6.09807428216624,2024,1.7522245037645447,0,6.751540041067762,183
184,P166013,IN01360393,"People who have received essential health, nutrition, and population (HNP) services",Number,aggregate,Aggregate HNP service count,direct,0,reach,0.0,204923.0,199263.0,1.0,1.0,0.0,0.0,0.0,0.0,0.0,0.0,0.0,1,0,0,0.8332681017612524,,2025-04-30,COMPASS,Comoros,COM,AFE,HNP,A,IPF,IDA,2019-07-02,2026-06-30,1,1,1,LMC,0,1,1,35.0,3.5553480614894135,2020,5.9958932238193015,0,6.995208761122519,184
185,P181564,IN00016471,"People receiving quality health, nutrition and population services",Number,aggregate,Aggregate HNP service count,direct,0,reach,,3522688.0,,1.0,1.0,3522688.0,3522688.0,7045375.0,0.0,3.522687,0.0,0.0,0,0,0,0.18863361547763,0.0,2025-04-29,Sri Lanka PHSEP,Sri Lanka,LKA,SAR,HNP,A,IPF,IDA,2024-06-21,2028-12-31,0,0,0,LMC,1,1,1,150.0,5.0106352940962555,2024,1.0239561943874058,0,4.528405201916495,185
186,P176693,IN00046121-TG,Number of people receiving outpatient services,Number of people,outpatient,Outpatient visits and consultations,adjusted,0,reach,1327022.0,1352147.0,2796385.0,0.15,0.15,0.0,0.0,0.0,0.0,0.0,0.0,0.0,1,0,0,0.17721005677210055,,2024-12-09,SWEDD+,Chad,TCD,AFW,HNP,A,IPF,IDA,2023-09-29,2030-06-30,1,1,0,LIC,1,1,1,445.0,6.09807428216624,2024,1.7522245037645447,0,6.751540041067762,186
187,P178530,IN00024254,"People receiving quality health, nutrition, and population services",Number of people,aggregate,Aggregate HNP service count,direct,0,reach,0.0,0.0,0.0,1.0,1.0,0.0,0.0,0.0,0.0,0.0,0.0,0.0,1,1,0,0.4316807738814994,,2024-12-02,Sindh Health and Population Project,Pakistan,PAK,MENAAP,HNP,A,IPF,IDA,2022-12-19,2027-06-30,0,0,0,LMC,1,1,1,200.0,5.298317366548036,2023,2.529774127310062,0,4.528405201916495,187
188,P176693,IN00046121-CG,Number of people receiving outpatient services,Number of people,outpatient,Outpatient visits and consultations,zero,0,reach,1327022.0,1352147.0,2796385.0,0.0,0.0,0.0,0.0,0.0,0.0,0.0,0.0,0.0,1,0,0,0.17721005677210055,,2024-12-09,SWEDD+,Chad,TCD,AFW,HNP,A,IPF,IDA,2023-09-29,2030-06-30,1,1,0,LIC,1,1,1,445.0,6.09807428216624,2024,1.7522245037645447,0,6.751540041067762,188
189,P160846,IN01434584,"People who have received essential health, nutrition, and population (HNP) services",Number,aggregate,Aggregate HNP service count,adjusted,0,reach,0.0,11032371.0,5305455.0,0.5,0.5,0.0,0.0,0.0,0.0,0.0,0.0,0.0,1,0,0,0.9280347963621985,,2023-12-31,HSSP,Bangladesh,BGD,SAR,HNP,C,IPF,IDA,2017-07-28,2024-06-30,0,1,0,LMC,0,0,1,550.0,6.309918278226516,2018,7.923340177960301,0,6.924024640657084,189
190,P176141,IN01407206,People who have received community-based outreach services,Number,other,Other services,adjusted,0,reach,0.0,278963.0,260000.0,0.5,0.5,0.0,0.0,0.0,0.0,0.0,0.0,0.0,1,0,0,0.8285291943828529,,2025-03-28,COVID-19 & EHS,Zimbabwe,ZWE,AFE,HNP,C,IPF,RETF,2022-03-03,2025-11-15,1,0,0,LMC,1,0,0,21.575,3.0715352369694915,2022,3.326488706365503,0,3.704312114989733,190
191,P171158,IN01430496,"Youth who complete foundational programs (Life skills, Life skills based health education, Basic skills)",Number,other,Other services,direct,0,reach,0.0,36000.0,217444.0,1.0,1.0,0.0,0.0,0.0,0.0,0.0,0.0,0.0,1,0,0,0.6797223599405057,,2025-03-25,CAR Human Capital (Maïngo) Project,Central African Republic,CAF,AFW,HNP,A,IPF,IDA,2021-06-23,2026-12-31,1,1,0,LIC,1,1,1,90.0,4.499809670330265,2021,4.0191649555099245,0,5.522245037645448,191
192,P179595,IN00044526,"People receiving quality health, nutrition, and population services",Number of people,aggregate,Aggregate HNP service count,direct,0,reach,0.0,0.0,0.0,1.0,1.0,0.0,0.0,0.0,0.0,0.0,0.0,0.0,1,1,0,,,,Effective UHC and System Integration,Argentina,ARG,LCR,HNP,A,P4R,IBRD,2023-06-27,2026-12-31,0,0,0,UMC,0,1,0,300.0,5.703782474656201,2023,2.0095824777549622,0,3.512662559890486,192
193,P163721,IN01404282,Number of women at age 35 and at age 45 years who are screened for cervical cancer at a network of public health facilities (DLI 8),Number,ncd_screening,"Screening (NCDs, mental health)",direct,0,output,107551.0,238000.0,213000.0,1.0,1.0,0.0,0.0,0.0,0.0,0.0,0.0,0.0,1,0,0,0.9977220956719818,,2024-06-25,Sri Lanka: PSSP,Sri Lanka,LKA,SAR,HNP,C,IPF,IBRD,2018-06-27,2024-06-30,0,0,0,LMC,0,0,0,200.0,5.298317366548036,2018,7.008898015058179,0,6.009582477754963,193
194,P171158,IN01430527,Students reached through gender and health discussion sessions,Number,other,Other services,direct,0,reach,0.0,0.0,108198.0,1.0,1.0,0.0,0.0,0.0,0.0,0.0,0.0,0.0,1,1,0,0.6797223599405057,,2025-03-25,CAR Human Capital (Maïngo) Project,Central African Republic,CAF,AFW,HNP,A,IPF,IDA,2021-06-23,2026-12-31,1,1,0,LIC,1,1,1,90.0,4.499809670330265,2021,4.0191649555099245,0,5.522245037645448,194
195,P147555,IN01393319,"(PDO 4) People who have received essential health, nutrition, and population (HNP) services",Number,aggregate,Aggregate HNP service count,direct,0,reach,0.0,23379582.0,,1.0,1.0,0.0,0.0,0.0,0.0,0.0,0.0,0.0,1,0,0,0.8948879954049397,,2023-06-30,DRC -Health System Strengthening Project,"Congo, Democratic Republic of",COD,AFE,HNP,C,IPF,IDA,2014-12-18,2024-06-30,1,1,0,LIC,0,0,1,660.0,6.492239835020471,2015,10.532511978097194,0,9.533196440793978,195
196,P171648,IN01397904,Number of cases screened for hypertension at the CCs in CXB district (disaggregated by gender),Number,ncd_screening,"Screening (NCDs, mental health)",direct,0,reach,0.0,375201.0,33120.0,1.0,1.0,0.0,0.0,0.0,0.0,0.0,0.0,0.0,1,0,0,0.9758064516129032,,2024-11-19,Health and Gender Support Project,Bangladesh,BGD,SAR,HNP,C,IPF,IDA,2020-03-31,2024-12-31,0,1,0,LMC,1,0,1,150.0,5.0106352940962555,2020,5.248459958932238,0,4.7529089664613275,196
197,P500727,IN00018328,"People receiving quality health, nutrition, and population services",Number of people,aggregate,Aggregate HNP service count,direct,0,reach,146000.0,146000.0,560000.0,1.0,1.0,0.0,0.0,0.0,0.0,0.0,0.0,0.0,1,0,0,0.18741633199464525,,2025-03-04,ISO,Bangladesh,BGD,SAR,SPL,A,IPF,IDA,2024-05-28,2028-06-30,0,1,0,LMC,1,1,1,350.0,5.857933154483459,2024,1.0896646132785763,0,4.090349075975359,197
198,P173858,IN01426895,Deliveries assisted by a qualified health personnel,Number,rmnch_fp,"Maternal, reproductive health and family planning",direct,0,reach,621787.0,1113532.0,453749.0,1.0,1.0,0.0,0.0,0.0,0.0,0.0,0.0,0.0,1,0,0,0.9907178217821783,,2024-09-15,Burkina Faso COVID-19 Project,Burkina Faso,BFA,AFW,HNP,C,IPF,IDA,2020-04-28,2024-09-30,1,1,0,LIC,1,0,1,69.45,4.240607069200353,2020,5.171800136892539,0,4.424366872005476,198
199,P176306,IN00043613,Number of people receiving outpatient services,Number of people,outpatient,Outpatient visits and consultations,direct,0,reach,0.0,0.0,47000.0,1.0,1.0,0.0,0.0,47000.0,0.0,0.047,0.0,0.0,0,1,0,0.5823271130625686,0.0,2025-02-28,Kiribati HSSP,Kiribati,KIR,EAP,HNP,A,IPF,IDA,2022-04-04,2027-03-31,1,1,1,LMC,1,1,1,28.0,3.332204510175204,2022,3.238877481177276,0,4.988364134154689,199
200,P175676,IN01371976,Viral disease samples tested each year (CRI),Number,other,Other services,direct,0,unclassifiable,150000.0,1010421.0,250000.0,1.0,1.0,0.0,0.0,0.0,0.0,0.0,0.0,0.0,1,0,0,0.481610337972167,,2025-02-21,India PHSPP,India,IND,SAR,HNP,A,P4R,IBRD,2022-06-28,2027-12-31,0,0,0,LMC,0,1,0,500.0,6.214608098422191,2022,3.0061601642710474,0,5.508555783709788,200
201,P179337,IN01378456,Inpatient and outpatient utilization in District Hospitals,Number,outpatient,Outpatient visits and consultations,direct,0,unclassifiable,270216.0,339732.0,324259.0,1.0,1.0,0.0,0.0,0.0,0.0,0.0,0.0,0.0,1,0,0,0.2997020008514261,,2025-05-30,Assam ASSIST,India,IND,SAR,HNP,A,IPF,IBRD,2023-06-26,2029-11-30,0,0,0,LMC,1,1,0,251.03,5.52557245390196,2023,2.0123203285420943,0,6.431211498973306,201
202,P173845,IN01376247,"Percentage of population vaccinated, which is included in the priority population targets defined in national plan (disaggregated by sex)",Percentage,vaccination,Vaccination (incl. COVID-19),coverage,0,outcome,0.0,0.6,0.6,66000.0,66000.0,0.0,0.0,0.0,0.0,0.0,0.0,0.0,1,0,0,0.8684839789574367,,2025-03-31,Burundi COVID19 Project,Burundi,BDI,AFE,HNP,A,IPF,IDA,2020-04-10,2025-12-31,1,1,0,LIC,1,1,1,64.99910272,4.174373465492664,2020,5.221081451060917,0,5.724845995893224,202
203,P171648,IN01397903,Number of children 0-23 months who received IYCF counselling at UH&FWCs of CXB district,Number,other,Other services,direct,0,reach,2101.0,107988.0,34000.0,1.0,1.0,0.0,0.0,0.0,0.0,0.0,0.0,0.0,1,0,0,0.9758064516129032,,2024-11-19,Health and Gender Support Project,Bangladesh,BGD,SAR,HNP,C,IPF,IDA,2020-03-31,2024-12-31,0,1,0,LMC,1,0,1,150.0,5.0106352940962555,2020,5.248459958932238,0,4.7529089664613275,203
204,P165534,IN01368938,"People who have received essential health, nutrition, and population (HNP) services",Number,aggregate,Aggregate HNP service count,adjusted,0,reach,0.0,4026703.0,2500000.0,0.4,0.4,0.0,0.0,0.0,0.0,0.0,0.0,0.0,1,0,0,0.9906735751295337,,2024-06-12,M-APUHC,Mali,MLI,AFW,HNP,C,IPF,IDA,2019-03-19,2024-06-30,1,1,0,LIC,0,0,1,50.0,3.912023005428146,2019,6.283367556468172,0,5.284052019164956,204
205,P179913,IN00007097,Percentage of children aged 0-24 months receiving a Nutrition Intervention Package in target districts,Percentage,nutrition,Nutrition services,coverage,0,outcome,35.0,48.0,90.0,4300.0,4300.0,0.0,0.0,0.0,0.0,0.0,0.0,0.0,1,0,0,0.1731748726655348,,2024-12-31,DCHSRO,Mozambique,MOZ,AFE,HNP,A,P4R,IDA,2024-02-29,2028-12-31,1,1,0,LIC,1,1,1,108.7,4.688591794127164,2024,1.3333333333333333,0,4.837782340862423,205
206,P179595,IN01413190,Children accessing high complexity services for selected congenital cardiopathies and pediatric cancers,Number,ncd_screening,"Screening (NCDs, mental health)",direct,0,reach,1400.0,1724.0,2500.0,1.0,1.0,0.0,0.0,0.0,0.0,0.0,0.0,0.0,1,0,0,0.2876071706936867,,2024-06-30,Effective UHC and System Integration,Argentina,ARG,LCR,HNP,A,P4R,IBRD,2023-06-27,2026-12-31,0,0,0,UMC,0,1,0,300.0,5.703782474656201,2023,2.0095824777549622,0,3.512662559890486,206
207,P179913,IN00006243,Percentage of pregnant women in target districts who receive at least four ANC visits,Percentage,outpatient,Outpatient visits and consultations,coverage,0,outcome,63.0,69.0,85.0,2146.55,2146.55,0.0,0.0,0.0,0.0,0.0,0.0,0.0,1,0,0,0.1731748726655348,,2024-12-31,DCHSRO,Mozambique,MOZ,AFE,HNP,A,P4R,IDA,2024-02-29,2028-12-31,1,1,0,LIC,1,1,1,108.7,4.688591794127164,2024,1.3333333333333333,0,4.837782340862423,207
208,P180245,IN01337685,Number of people receiving an extended health examination at the PHC level (disaggregated by gender),Number,other,Other services,adjusted,0,reach,0.0,5868399.0,3500000.0,0.185873606,0.185873606,0.0,0.0,0.0,0.0,0.0,0.0,0.0,1,0,0,0.5116120218579235,,2025-01-07,HEAL Ukraine,Ukraine,UKR,ECA,HNP,A,IPF,IBRD,2022-12-20,2026-12-23,1,0,0,UMC,1,1,0,103.5,4.639571612705423,2023,2.5270362765229293,0,4.008213552361396,208
209,P173858,IN01426886,Infants 0-11 months who received Pentavalent 3 vaccine,Number,vaccination,Vaccination (incl. COVID-19),direct,0,reach,624687.0,1167012.0,436964.0,1.0,1.0,0.0,0.0,0.0,0.0,0.0,0.0,0.0,1,0,0,0.9907178217821783,,2024-09-15,Burkina Faso COVID-19 Project,Burkina Faso,BFA,AFW,HNP,C,IPF,IDA,2020-04-28,2024-09-30,1,1,0,LIC,1,0,1,69.45,4.240607069200353,2020,5.171800136892539,0,4.424366872005476,209
210,P172615,IN00025695,"People receiving quality health, nutrition, and population services",Number of people,aggregate,Aggregate HNP service count,direct,0,reach,0.0,0.0,6000000.0,1.0,1.0,0.0,0.0,6000000.0,0.0,6.0,0.0,0.0,0,1,0,0.64568345323741,0.0,2025-05-19,NHSP,Pakistan,PAK,MENAAP,HNP,A,P4R,IDA,2022-06-07,2026-12-31,0,0,0,LMC,1,1,1,258.0,5.552959584921617,2022,3.0636550308008212,0,4.566735112936345,210
211,P504764,IN00012740,Infants receiving Pentavalent 3 vaccine,Percentage,vaccination,Vaccination (incl. COVID-19),coverage,0,reach,60.0,60.0,85.0,19878.11,19878.11,0.0,0.0,0.0,0.0,0.0,0.0,0.0,1,0,0,0.0940570893776322,,2024-12-11,Rwanda HEPRR,Rwanda,RWA,AFE,HNP,A,IPF,IDA,2024-05-24,2030-03-31,0,1,0,LIC,1,1,1,120.0,4.787491742782046,2024,1.1006160164271048,0,5.8507871321013,211
212,P149340,IN01423502,"People who have received essential health, nutrition, and population (HNP) services",Number,aggregate,Aggregate HNP service count,direct,0,reach,0.0,836419.0,320000.0,1.0,1.0,0.0,0.0,0.0,0.0,0.0,0.0,0.0,1,0,0,0.9785454545454545,,2024-05-02,Nagaland Health Project,India,IND,SAR,HNP,C,IPF,IDA,2016-12-19,2024-06-30,0,0,0,LMC,0,0,1,43.0,3.7612001156935624,2017,8.528405201916495,0,7.529089664613279,212
213,P156165,IN00029980,Number of children immunized,Number of people,vaccination,Vaccination (incl. COVID-19),direct,0,reach,9046.0,203860.0,203860.0,1.0,1.0,0.0,0.0,0.0,0.0,0.0,0.0,0.0,1,0,0,1.0,,2023-12-31,INAYA,Mauritania,MRT,AFW,HNP,C,IPF,IDA,2017-05-19,2023-12-31,0,1,0,LMC,0,0,1,40.0,3.6888794541139363,2017,8.114989733059549,0,6.617385352498289,213
214,P156165,IN01326198,Number of home visits received by children 0-5 years old (cumulative),Number,outpatient,Outpatient visits and consultations,unit,0,reach,0.0,84553.0,9257.0,0.35,0.35,0.0,0.0,0.0,0.0,0.0,0.0,0.0,1,0,0,1.0,,2023-12-31,INAYA,Mauritania,MRT,AFW,HNP,C,IPF,IDA,2017-05-19,2023-12-31,0,1,0,LMC,0,0,1,40.0,3.6888794541139363,2017,8.114989733059549,0,6.617385352498289,214
215,P168295,IN01368607,Number of children undergoing early screening for auditive problems,Number,ncd_screening,"Screening (NCDs, mental health)",direct,0,reach,0.0,760.0,20000.0,1.0,1.0,0.0,0.0,0.0,0.0,0.0,0.0,0.0,1,0,0,0.8291592128801432,,2025-01-14,GZ: Early Childhood Development,West Bank and Gaza,PSE,MENAAP,EDU,A,IPF,SPF,2019-12-18,2026-01-31,1,0,0,LMC,1,1,0,9.0,2.1972245773362196,2020,5.533196440793977,0,6.121834360027378,215
216,P173883,IN01425840,"Percentage of the population vaccinated, as defined in national plan",Percentage,vaccination,Vaccination (incl. COVID-19),coverage,0,outcome,0.0,36.9,37.0,8246.99,8246.99,0.0,0.0,0.0,0.0,0.0,0.0,0.0,1,0,0,1.0,,2024-09-30,Eswatini COVID-19 ERP,Eswatini,SWZ,AFE,HNP,C,IPF,IBRD,2020-04-20,2024-09-30,0,0,0,LMC,1,0,0,11.0,2.3978952727983707,2020,5.193702943189596,0,4.446269678302532,216
217,P160948,IN01417298,Number of women (ages 15-49) who had a family planning consultation,Number,outpatient,Outpatient visits and consultations,unit,0,reach,93433.0,2731442.0,181328.0,0.25,0.25,0.0,0.0,0.0,0.0,0.0,0.0,0.0,1,0,0,0.9050410316529894,,2024-07-31,Angola HSPSP,Angola,AGO,AFE,HNP,C,IPF,IBRD,2018-03-29,2025-03-31,0,1,0,LMC,0,0,0,110.0,4.700480365792417,2018,7.255304585900069,0,7.006160164271047,217
218,P161770,IN01415423,"People who have received essential health, nutrition, and population (HNP) services",Number,aggregate,Aggregate HNP service count,direct,0,reach,0.0,1176775.0,800000.0,1.0,1.0,0.0,0.0,0.0,0.0,0.0,0.0,0.0,1,0,0,0.9871738168951791,,2024-02-29,Multisectoral Nutrition and Child Dev.,Cote d'Ivoire,CIV,AFW,HNP,C,IPF,IDA,2018-01-19,2024-03-29,0,0,0,LMC,0,0,1,50.0,3.912023005428146,2018,7.444216290212183,0,6.190280629705681,218
219,P504764,IN00012737,Pregnant women receiving four antenatal care visits,Percentage,outpatient,Outpatient visits and consultations,coverage,0,reach,0.0,0.0,0.0,3709.64,3709.64,0.0,0.0,0.0,0.0,0.0,0.0,0.0,1,1,0,0.0940570893776322,,2024-12-11,Rwanda HEPRR,Rwanda,RWA,AFE,HNP,A,IPF,IDA,2024-05-24,2030-03-31,0,1,0,LIC,1,1,1,120.0,4.787491742782046,2024,1.1006160164271048,0,5.8507871321013,219
220,P180849,IN01332501,People provided with access to restored essential health services under the Project,Number (Thousand),aggregate,Aggregate HNP service count,adjusted,0,reach,0.0,5389.0,2914.4,1000.0,1000.0,0.0,0.0,0.0,0.0,0.0,0.0,0.0,1,0,0,0.3841530054644809,,2025-05-30,Türkiye Earthquake ERL,Türkiye,TUR,ECA,URS,A,IPF,IBRD,2023-06-27,2028-06-30,0,0,0,UMC,1,1,0,1207.5,7.096307385526727,2023,2.0095824777549622,0,5.0102669404517455,220
221,P173855,IN01431467,Number of infants receiving Pentavalent 3 vaccine,Number,vaccination,Vaccination (incl. COVID-19),direct,0,reach,345423.0,330013.0,352330.0,1.0,1.0,0.0,0.0,0.0,0.0,0.0,0.0,0.0,0,0,0,0.849738219895288,,2024-09-16,wanda COVID-19 Emergency Response,Rwanda,RWA,AFE,HNP,C,IPF,IDA,2020-04-07,2025-06-30,0,1,0,LIC,1,0,1,76.24999836,4.334017393979324,2020,5.229295003422314,0,5.229295003422314,221
222,P160948,IN01417295,Percentage of female adolescents ages 12-15 that had a family planning consultation,Percentage,outpatient,Outpatient visits and consultations,coverage,0,outcome,5.0,10.0,14.0,21175.51,21175.51,0.0,0.0,0.0,0.0,0.0,0.0,0.0,1,0,0,0.9050410316529894,,2024-07-31,Angola HSPSP,Angola,AGO,AFE,HNP,C,IPF,IBRD,2018-03-29,2025-03-31,0,1,0,LMC,0,0,0,110.0,4.700480365792417,2018,7.255304585900069,0,7.006160164271047,222
223,P156165,IN01326195,"People who have received essential health, nutrition, and population (HNP) services",Missing,aggregate,Aggregate HNP service count,direct,0,reach,,,,1.0,1.0,0.0,0.0,0.0,0.0,0.0,0.0,0.0,1,1,0,1.0,,2023-12-31,INAYA,Mauritania,MRT,AFW,HNP,C,IPF,IDA,2017-05-19,2023-12-31,0,1,0,LMC,0,0,1,40.0,3.6888794541139363,2017,8.114989733059549,0,6.617385352498289,223
224,P156165,IN00029981,Number of women and children who have received basic nutrition services,Missing,nutrition,Nutrition services,adjusted,0,reach,,,,0.75,0.75,0.0,0.0,0.0,0.0,0.0,0.0,0.0,1,1,0,1.0,,2023-12-31,INAYA,Mauritania,MRT,AFW,HNP,C,IPF,IDA,2017-05-19,2023-12-31,0,1,0,LMC,0,0,1,40.0,3.6888794541139363,2017,8.114989733059549,0,6.617385352498289,224
225,P160948,IN01417234,Percentage of pregnant women who receive four antenatal (ANC) consultations,Percentage,outpatient,Outpatient visits and consultations,coverage,0,outcome,17.4,73.0,36.0,8900.0,8900.0,0.0,0.0,0.0,0.0,0.0,0.0,0.0,1,0,0,0.905431809300508,,2024-08-01,Angola HSPSP,Angola,AGO,AFE,HNP,C,IPF,IBRD,2018-03-29,2025-03-31,0,1,0,LMC,0,0,0,110.0,4.700480365792417,2018,7.255304585900069,0,7.006160164271047,225
226,P156165,IN00029982,Number of women receiving deliveries attended by skilled health personnel,Number of people,rmnch_fp,"Maternal, reproductive health and family planning",direct,0,reach,12278.0,160021.0,160021.0,1.0,1.0,0.0,0.0,0.0,0.0,0.0,0.0,0.0,1,0,0,1.0,,2023-12-31,INAYA,Mauritania,MRT,AFW,HNP,C,IPF,IDA,2017-05-19,2023-12-31,0,1,0,LMC,0,0,1,40.0,3.6888794541139363,2017,8.114989733059549,0,6.617385352498289,226
